Id Resultado,Id Competidor,Nome Competidor,Id Competição,Classe Vela,Pontuação Regata,Flotilha,Posição Geral,Punição,Pontuação Total,Nett,Nome Competição,Regata
,,,,470,1,G,1,,82,53,Semaine Olympique Francaise De Voile 2023,1
,,,,470,1,G,1,,82,53,Semaine Olympique Francaise De Voile 2023,2
,,,,470,12,G,1,,82,53,Semaine Olympique Francaise De Voile 2023,3
,,,,470,3,G,1,,82,53,Semaine Olympique Francaise De Voile 2023,4
,,,,470,2,G,1,,82,53,Semaine Olympique Francaise De Voile 2023,5
,,,,470,4,O,1,,82,53,Semaine Olympique Francaise De Voile 2023,6
,,,,470,2,O,1,,82,53,Semaine Olympique Francaise De Voile 2023,7
,,,,470,5,O,1,,82,53,Semaine Olympique Francaise De Voile 2023,8
,,,,470,(29),O,1,,82,53,Semaine Olympique Francaise De Voile 2023,9
,,,,470,19,O,1,,82,53,Semaine Olympique Francaise De Voile 2023,10
,,,,470,4,Medal Race,1,,82,53,Semaine Olympique Francaise De Voile 2023,11
,,,,470,5,G,2,,94,61,Semaine Olympique Francaise De Voile 2023,1
,,,,470,3,G,2,,94,61,Semaine Olympique Francaise De Voile 2023,2
,,,,470,2,G,2,,94,61,Semaine Olympique Francaise De Voile 2023,3
,,,,470,9,G,2,,94,61,Semaine Olympique Francaise De Voile 2023,4
,,,,470,6,G,2,,94,61,Semaine Olympique Francaise De Voile 2023,5
,,,,470,9,O,2,,94,61,Semaine Olympique Francaise De Voile 2023,6
,,,,470,10,O,2,,94,61,Semaine Olympique Francaise De Voile 2023,7
,,,,470,1,O,2,,94,61,Semaine Olympique Francaise De Voile 2023,8
,,,,470,4,O,2,,94,61,Semaine Olympique Francaise De Voile 2023,9
,,,,470,UFD(33),O,2,,94,61,Semaine Olympique Francaise De Voile 2023,10
,,,,470,12,Medal Race,2,,94,61,Semaine Olympique Francaise De Voile 2023,11
,,NRV/SYCNorddeutscher Regatta Verein,,470,7,G,3,,78,64,Semaine Olympique Francaise De Voile 2023,1
,,NRV/SYCNorddeutscher Regatta Verein,,470,7,G,3,,78,64,Semaine Olympique Francaise De Voile 2023,2
,,NRV/SYCNorddeutscher Regatta Verein,,470,2,G,3,,78,64,Semaine Olympique Francaise De Voile 2023,3
,,NRV/SYCNorddeutscher Regatta Verein,,470,8,G,3,,78,64,Semaine Olympique Francaise De Voile 2023,4
,,NRV/SYCNorddeutscher Regatta Verein,,470,4,G,3,,78,64,Semaine Olympique Francaise De Voile 2023,5
,,NRV/SYCNorddeutscher Regatta Verein,,470,(14),O,3,,78,64,Semaine Olympique Francaise De Voile 2023,6
,,NRV/SYCNorddeutscher Regatta Verein,,470,13,O,3,,78,64,Semaine Olympique Francaise De Voile 2023,7
,,NRV/SYCNorddeutscher Regatta Verein,,470,10,O,3,,78,64,Semaine Olympique Francaise De Voile 2023,8
,,NRV/SYCNorddeutscher Regatta Verein,,470,9,O,3,,78,64,Semaine Olympique Francaise De Voile 2023,9
,,NRV/SYCNorddeutscher Regatta Verein,,470,2,O,3,,78,64,Semaine Olympique Francaise De Voile 2023,10
,,NRV/SYCNorddeutscher Regatta Verein,,470,2,Medal Race,3,,78,64,Semaine Olympique Francaise De Voile 2023,11
,, Sport Algés e Dafundo,,470,6,G,4,,85,71,Semaine Olympique Francaise De Voile 2023,1
,, Sport Algés e Dafundo,,470,(14),G,4,,85,71,Semaine Olympique Francaise De Voile 2023,2
,, Sport Algés e Dafundo,,470,4,G,4,,85,71,Semaine Olympique Francaise De Voile 2023,3
,, Sport Algés e Dafundo,,470,1,G,4,,85,71,Semaine Olympique Francaise De Voile 2023,4
,, Sport Algés e Dafundo,,470,9,G,4,,85,71,Semaine Olympique Francaise De Voile 2023,5
,, Sport Algés e Dafundo,,470,10,O,4,,85,71,Semaine Olympique Francaise De Voile 2023,6
,, Sport Algés e Dafundo,,470,14,O,4,,85,71,Semaine Olympique Francaise De Voile 2023,7
,, Sport Algés e Dafundo,,470,7,O,4,,85,71,Semaine Olympique Francaise De Voile 2023,8
,, Sport Algés e Dafundo,,470,7,O,4,,85,71,Semaine Olympique Francaise De Voile 2023,9
,, Sport Algés e Dafundo,,470,3,O,4,,85,71,Semaine Olympique Francaise De Voile 2023,10
,, Sport Algés e Dafundo,,470,10,Medal Race,4,,85,71,Semaine Olympique Francaise De Voile 2023,11
,,wUERTTEMBERGISCHER YACHT CLUB,,470,11,G,5,,103,81,Semaine Olympique Francaise De Voile 2023,1
,,wUERTTEMBERGISCHER YACHT CLUB,,470,2,G,5,,103,81,Semaine Olympique Francaise De Voile 2023,2
,,wUERTTEMBERGISCHER YACHT CLUB,,470,3,G,5,,103,81,Semaine Olympique Francaise De Voile 2023,3
,,wUERTTEMBERGISCHER YACHT CLUB,,470,7,G,5,,103,81,Semaine Olympique Francaise De Voile 2023,4
,,wUERTTEMBERGISCHER YACHT CLUB,,470,15,G,5,,103,81,Semaine Olympique Francaise De Voile 2023,5
,,wUERTTEMBERGISCHER YACHT CLUB,,470,5,O,5,,103,81,Semaine Olympique Francaise De Voile 2023,6
,,wUERTTEMBERGISCHER YACHT CLUB,,470,8,O,5,,103,81,Semaine Olympique Francaise De Voile 2023,7
,,wUERTTEMBERGISCHER YACHT CLUB,,470,(22),O,5,,103,81,Semaine Olympique Francaise De Voile 2023,8
,,wUERTTEMBERGISCHER YACHT CLUB,,470,10,O,5,,103,81,Semaine Olympique Francaise De Voile 2023,9
,,wUERTTEMBERGISCHER YACHT CLUB,,470,4,O,5,,103,81,Semaine Olympique Francaise De Voile 2023,10
,,wUERTTEMBERGISCHER YACHT CLUB,,470,16,Medal Race,5,,103,81,Semaine Olympique Francaise De Voile 2023,11
,,,,470,7,G,6,,106,83,Semaine Olympique Francaise De Voile 2023,1
,,,,470,3,G,6,,106,83,Semaine Olympique Francaise De Voile 2023,2
,,,,470,11,G,6,,106,83,Semaine Olympique Francaise De Voile 2023,3
,,,,470,8,G,6,,106,83,Semaine Olympique Francaise De Voile 2023,4
,,,,470,1,G,6,,106,83,Semaine Olympique Francaise De Voile 2023,5
,,,,470,(23),O,6,,106,83,Semaine Olympique Francaise De Voile 2023,6
,,,,470,9,O,6,,106,83,Semaine Olympique Francaise De Voile 2023,7
,,,,470,11,O,6,,106,83,Semaine Olympique Francaise De Voile 2023,8
,,,,470,13,O,6,,106,83,Semaine Olympique Francaise De Voile 2023,9
,,,,470,14,O,6,,106,83,Semaine Olympique Francaise De Voile 2023,10
,,,,470,6,Medal Race,6,,106,83,Semaine Olympique Francaise De Voile 2023,11
,,SRHSRH,,470,14,G,7,,101,83,Semaine Olympique Francaise De Voile 2023,1
,,SRHSRH,,470,15,G,7,,101,83,Semaine Olympique Francaise De Voile 2023,2
,,SRHSRH,,470,11,G,7,,101,83,Semaine Olympique Francaise De Voile 2023,3
,,SRHSRH,,470,12,G,7,,101,83,Semaine Olympique Francaise De Voile 2023,4
,,SRHSRH,,470,11,G,7,,101,83,Semaine Olympique Francaise De Voile 2023,5
,,SRHSRH,,470,7,O,7,,101,83,Semaine Olympique Francaise De Voile 2023,6
,,SRHSRH,,470,1,O,7,,101,83,Semaine Olympique Francaise De Voile 2023,7
,,SRHSRH,,470,3,O,7,,101,83,Semaine Olympique Francaise De Voile 2023,8
,,SRHSRH,,470,1,O,7,,101,83,Semaine Olympique Francaise De Voile 2023,9
,,SRHSRH,,470,(18),O,7,,101,83,Semaine Olympique Francaise De Voile 2023,10
,,SRHSRH,,470,8,Medal Race,7,,101,83,Semaine Olympique Francaise De Voile 2023,11
,,,,470,4,G,8,,109,90,Semaine Olympique Francaise De Voile 2023,1
,,,,470,4,G,8,,109,90,Semaine Olympique Francaise De Voile 2023,2
,,,,470,5,G,8,,109,90,Semaine Olympique Francaise De Voile 2023,3
,,,,470,4,G,8,,109,90,Semaine Olympique Francaise De Voile 2023,4
,,,,470,12,G,8,,109,90,Semaine Olympique Francaise De Voile 2023,5
,,,,470,12,O,8,,109,90,Semaine Olympique Francaise De Voile 2023,6
,,,,470,7,O,8,,109,90,Semaine Olympique Francaise De Voile 2023,7
,,,,470,12,O,8,,109,90,Semaine Olympique Francaise De Voile 2023,8
,,,,470,(19),O,8,,109,90,Semaine Olympique Francaise De Voile 2023,9
,,,,470,16,O,8,,109,90,Semaine Olympique Francaise De Voile 2023,10
,,,,470,14,Medal Race,8,,109,90,Semaine Olympique Francaise De Voile 2023,11
,,YAMAHA SAILING TEAM REVS,,470,8,G,9,,127,98,Semaine Olympique Francaise De Voile 2023,1
,,YAMAHA SAILING TEAM REVS,,470,9,G,9,,127,98,Semaine Olympique Francaise De Voile 2023,2
,,YAMAHA SAILING TEAM REVS,,470,1,G,9,,127,98,Semaine Olympique Francaise De Voile 2023,3
,,YAMAHA SAILING TEAM REVS,,470,17,G,9,,127,98,Semaine Olympique Francaise De Voile 2023,4
,,YAMAHA SAILING TEAM REVS,,470,14,G,9,,127,98,Semaine Olympique Francaise De Voile 2023,5
,,YAMAHA SAILING TEAM REVS,,470,21,O,9,,127,98,Semaine Olympique Francaise De Voile 2023,6
,,YAMAHA SAILING TEAM REVS,,470,5,O,9,,127,98,Semaine Olympique Francaise De Voile 2023,7
,,YAMAHA SAILING TEAM REVS,,470,(29),O,9,,127,98,Semaine Olympique Francaise De Voile 2023,8
,,YAMAHA SAILING TEAM REVS,,470,2,O,9,,127,98,Semaine Olympique Francaise De Voile 2023,9
,,YAMAHA SAILING TEAM REVS,,470,1,O,9,,127,98,Semaine Olympique Francaise De Voile 2023,10
,,YAMAHA SAILING TEAM REVS,,470,20,Medal Race,9,,127,98,Semaine Olympique Francaise De Voile 2023,11
,,,,470,2,G,10,,120,99,Semaine Olympique Francaise De Voile 2023,1
,,,,470,2,G,10,,120,99,Semaine Olympique Francaise De Voile 2023,2
,,,,470,13,G,10,,120,99,Semaine Olympique Francaise De Voile 2023,3
,,,,470,14,G,10,,120,99,Semaine Olympique Francaise De Voile 2023,4
,,,,470,13,G,10,,120,99,Semaine Olympique Francaise De Voile 2023,5
,,,,470,1,O,10,,120,99,Semaine Olympique Francaise De Voile 2023,6
,,,,470,19,O,10,,120,99,Semaine Olympique Francaise De Voile 2023,7
,,,,470,(21),O,10,,120,99,Semaine Olympique Francaise De Voile 2023,8
,,,,470,6,O,10,,120,99,Semaine Olympique Francaise De Voile 2023,9
,,,,470,11,O,10,,120,99,Semaine Olympique Francaise De Voile 2023,10
,,,,470,18,Medal Race,10,,120,99,Semaine Olympique Francaise De Voile 2023,11
,,C.D.V.D.C. / I.C.M.D.P.Iale Club Marina de Portimao,,470,8,G,11,,117,88,Semaine Olympique Francaise De Voile 2023,1
,,C.D.V.D.C. / I.C.M.D.P.Iale Club Marina de Portimao,,470,6,G,11,,117,88,Semaine Olympique Francaise De Voile 2023,2
,,C.D.V.D.C. / I.C.M.D.P.Iale Club Marina de Portimao,,470,3,G,11,,117,88,Semaine Olympique Francaise De Voile 2023,3
,,C.D.V.D.C. / I.C.M.D.P.Iale Club Marina de Portimao,,470,5,G,11,,117,88,Semaine Olympique Francaise De Voile 2023,4
,,C.D.V.D.C. / I.C.M.D.P.Iale Club Marina de Portimao,,470,1,G,11,,117,88,Semaine Olympique Francaise De Voile 2023,5
,,C.D.V.D.C. / I.C.M.D.P.Iale Club Marina de Portimao,,470,3,O,11,,117,88,Semaine Olympique Francaise De Voile 2023,6
,,C.D.V.D.C. / I.C.M.D.P.Iale Club Marina de Portimao,,470,(29),O,11,,117,88,Semaine Olympique Francaise De Voile 2023,7
,,C.D.V.D.C. / I.C.M.D.P.Iale Club Marina de Portimao,,470,9,O,11,,117,88,Semaine Olympique Francaise De Voile 2023,8
,,C.D.V.D.C. / I.C.M.D.P.Iale Club Marina de Portimao,,470,25,O,11,,117,88,Semaine Olympique Francaise De Voile 2023,9
,,C.D.V.D.C. / I.C.M.D.P.Iale Club Marina de Portimao,,470,28,O,11,,117,88,Semaine Olympique Francaise De Voile 2023,10
,,MARINA MILITARE,,470,23,G,12,,127,94,Semaine Olympique Francaise De Voile 2023,1
,,MARINA MILITARE,,470,1,G,12,,127,94,Semaine Olympique Francaise De Voile 2023,2
,,MARINA MILITARE,,470,7,G,12,,127,94,Semaine Olympique Francaise De Voile 2023,3
,,MARINA MILITARE,,470,UFD(33),G,12,,127,94,Semaine Olympique Francaise De Voile 2023,4
,,MARINA MILITARE,,470,8,G,12,,127,94,Semaine Olympique Francaise De Voile 2023,5
,,MARINA MILITARE,,470,11,O,12,,127,94,Semaine Olympique Francaise De Voile 2023,6
,,MARINA MILITARE,,470,6,O,12,,127,94,Semaine Olympique Francaise De Voile 2023,7
,,MARINA MILITARE,,470,4,O,12,,127,94,Semaine Olympique Francaise De Voile 2023,8
,,MARINA MILITARE,,470,28,O,12,,127,94,Semaine Olympique Francaise De Voile 2023,9
,,MARINA MILITARE,,470,6,O,12,,127,94,Semaine Olympique Francaise De Voile 2023,10
,,C.S. Aeronautica Militare,,470,5,G,13,,121,94,Semaine Olympique Francaise De Voile 2023,1
,,C.S. Aeronautica Militare,,470,7,G,13,,121,94,Semaine Olympique Francaise De Voile 2023,2
,,C.S. Aeronautica Militare,,470,19,G,13,,121,94,Semaine Olympique Francaise De Voile 2023,3
,,C.S. Aeronautica Militare,,470,2,G,13,,121,94,Semaine Olympique Francaise De Voile 2023,4
,,C.S. Aeronautica Militare,,470,10,G,13,,121,94,Semaine Olympique Francaise De Voile 2023,5
,,C.S. Aeronautica Militare,,470,6,O,13,,121,94,Semaine Olympique Francaise De Voile 2023,6
,,C.S. Aeronautica Militare,,470,15,O,13,,121,94,Semaine Olympique Francaise De Voile 2023,7
,,C.S. Aeronautica Militare,,470,27,O,13,,121,94,Semaine Olympique Francaise De Voile 2023,8
,,C.S. Aeronautica Militare,,470,3,O,13,,121,94,Semaine Olympique Francaise De Voile 2023,9
,,C.S. Aeronautica Militare,,470,(27),O,13,,121,94,Semaine Olympique Francaise De Voile 2023,10
,,,,470,15,G,14,,131,98,Semaine Olympique Francaise De Voile 2023,1
,,,,470,DNC(33),G,14,,131,98,Semaine Olympique Francaise De Voile 2023,2
,,,,470,12,G,14,,131,98,Semaine Olympique Francaise De Voile 2023,3
,,,,470,13,G,14,,131,98,Semaine Olympique Francaise De Voile 2023,4
,,,,470,12,G,14,,131,98,Semaine Olympique Francaise De Voile 2023,5
,,,,470,8,O,14,,131,98,Semaine Olympique Francaise De Voile 2023,6
,,,,470,4,O,14,,131,98,Semaine Olympique Francaise De Voile 2023,7
,,,,470,8,O,14,,131,98,Semaine Olympique Francaise De Voile 2023,8
,,,,470,11,O,14,,131,98,Semaine Olympique Francaise De Voile 2023,9
,,,,470,15,O,14,,131,98,Semaine Olympique Francaise De Voile 2023,10
,,,,470,9,G,15,,137,106,Semaine Olympique Francaise De Voile 2023,1
,,,,470,5,G,15,,137,106,Semaine Olympique Francaise De Voile 2023,2
,,,,470,7,G,15,,137,106,Semaine Olympique Francaise De Voile 2023,3
,,,,470,16,G,15,,137,106,Semaine Olympique Francaise De Voile 2023,4
,,,,470,2,G,15,,137,106,Semaine Olympique Francaise De Voile 2023,5
,,,,470,(31),O,15,,137,106,Semaine Olympique Francaise De Voile 2023,6
,,,,470,18,O,15,,137,106,Semaine Olympique Francaise De Voile 2023,7
,,,,470,26,O,15,,137,106,Semaine Olympique Francaise De Voile 2023,8
,,,,470,15,O,15,,137,106,Semaine Olympique Francaise De Voile 2023,9
,,,,470,8,O,15,,137,106,Semaine Olympique Francaise De Voile 2023,10
,,PWV,,470,12,G,16,,134,107,Semaine Olympique Francaise De Voile 2023,1
,,PWV,,470,12,G,16,,134,107,Semaine Olympique Francaise De Voile 2023,2
,,PWV,,470,9,G,16,,134,107,Semaine Olympique Francaise De Voile 2023,3
,,PWV,,470,5,G,16,,134,107,Semaine Olympique Francaise De Voile 2023,4
,,PWV,,470,14,G,16,,134,107,Semaine Olympique Francaise De Voile 2023,5
,,PWV,,470,2,O,16,,134,107,Semaine Olympique Francaise De Voile 2023,6
,,PWV,,470,(27),O,16,,134,107,Semaine Olympique Francaise De Voile 2023,7
,,PWV,,470,6,O,16,,134,107,Semaine Olympique Francaise De Voile 2023,8
,,PWV,,470,21,O,16,,134,107,Semaine Olympique Francaise De Voile 2023,9
,,PWV,,470,26,O,16,,134,107,Semaine Olympique Francaise De Voile 2023,10
,,CN Arenal,,470,16,G,17,,139,108,Semaine Olympique Francaise De Voile 2023,1
,,CN Arenal,,470,4,G,17,,139,108,Semaine Olympique Francaise De Voile 2023,2
,,CN Arenal,,470,10,G,17,,139,108,Semaine Olympique Francaise De Voile 2023,3
,,CN Arenal,,470,3,G,17,,139,108,Semaine Olympique Francaise De Voile 2023,4
,,CN Arenal,,470,23,G,17,,139,108,Semaine Olympique Francaise De Voile 2023,5
,,CN Arenal,,470,13,O,17,,139,108,Semaine Olympique Francaise De Voile 2023,6
,,CN Arenal,,470,12,O,17,,139,108,Semaine Olympique Francaise De Voile 2023,7
,,CN Arenal,,470,(31),O,17,,139,108,Semaine Olympique Francaise De Voile 2023,8
,,CN Arenal,,470,22,O,17,,139,108,Semaine Olympique Francaise De Voile 2023,9
,,CN Arenal,,470,5,O,17,,139,108,Semaine Olympique Francaise De Voile 2023,10
,,,,470,2,G,18,,137,111,Semaine Olympique Francaise De Voile 2023,1
,,,,470,10,G,18,,137,111,Semaine Olympique Francaise De Voile 2023,2
,,,,470,10,G,18,,137,111,Semaine Olympique Francaise De Voile 2023,3
,,,,470,6,G,18,,137,111,Semaine Olympique Francaise De Voile 2023,4
,,,,470,5,G,18,,137,111,Semaine Olympique Francaise De Voile 2023,5
,,,,470,19,O,18,,137,111,Semaine Olympique Francaise De Voile 2023,6
,,,,470,(26),O,18,,137,111,Semaine Olympique Francaise De Voile 2023,7
,,,,470,19,O,18,,137,111,Semaine Olympique Francaise De Voile 2023,8
,,,,470,18,O,18,,137,111,Semaine Olympique Francaise De Voile 2023,9
,,,,470,22,O,18,,137,111,Semaine Olympique Francaise De Voile 2023,10
,,nrv,,470,10,G,19,,133,112,Semaine Olympique Francaise De Voile 2023,1
,,nrv,,470,20,G,19,,133,112,Semaine Olympique Francaise De Voile 2023,2
,,nrv,,470,14,G,19,,133,112,Semaine Olympique Francaise De Voile 2023,3
,,nrv,,470,11,G,19,,133,112,Semaine Olympique Francaise De Voile 2023,4
,,nrv,,470,4,G,19,,133,112,Semaine Olympique Francaise De Voile 2023,5
,,nrv,,470,16,O,19,,133,112,Semaine Olympique Francaise De Voile 2023,6
,,nrv,,470,21,O,19,,133,112,Semaine Olympique Francaise De Voile 2023,7
,,nrv,,470,2,O,19,,133,112,Semaine Olympique Francaise De Voile 2023,8
,,nrv,,470,14,O,19,,133,112,Semaine Olympique Francaise De Voile 2023,9
,,nrv,,470,(21),O,19,,133,112,Semaine Olympique Francaise De Voile 2023,10
,,,,470,16,G,20,,159,132,Semaine Olympique Francaise De Voile 2023,1
,,,,470,(27),G,20,,159,132,Semaine Olympique Francaise De Voile 2023,2
,,,,470,23,G,20,,159,132,Semaine Olympique Francaise De Voile 2023,3
,,,,470,1,G,20,,159,132,Semaine Olympique Francaise De Voile 2023,4
,,,,470,3,G,20,,159,132,Semaine Olympique Francaise De Voile 2023,5
,,,,470,20,O,20,,159,132,Semaine Olympique Francaise De Voile 2023,6
,,,,470,3,O,20,,159,132,Semaine Olympique Francaise De Voile 2023,7
,,,,470,20,O,20,,159,132,Semaine Olympique Francaise De Voile 2023,8
,,,,470,26,O,20,,159,132,Semaine Olympique Francaise De Voile 2023,9
,,,,470,20,O,20,,159,132,Semaine Olympique Francaise De Voile 2023,10
,,470 Association Of Great Britain International470 Association Of Great Britain International,,470,3,G,21,,166,133,Semaine Olympique Francaise De Voile 2023,1
,,470 Association Of Great Britain International470 Association Of Great Britain International,,470,6,G,21,,166,133,Semaine Olympique Francaise De Voile 2023,2
,,470 Association Of Great Britain International470 Association Of Great Britain International,,470,UFD(33),G,21,,166,133,Semaine Olympique Francaise De Voile 2023,3
,,470 Association Of Great Britain International470 Association Of Great Britain International,,470,16,G,21,,166,133,Semaine Olympique Francaise De Voile 2023,4
,,470 Association Of Great Britain International470 Association Of Great Britain International,,470,26,G,21,,166,133,Semaine Olympique Francaise De Voile 2023,5
,,470 Association Of Great Britain International470 Association Of Great Britain International,,470,22,O,21,,166,133,Semaine Olympique Francaise De Voile 2023,6
,,470 Association Of Great Britain International470 Association Of Great Britain International,,470,17,O,21,,166,133,Semaine Olympique Francaise De Voile 2023,7
,,470 Association Of Great Britain International470 Association Of Great Britain International,,470,13,O,21,,166,133,Semaine Olympique Francaise De Voile 2023,8
,,470 Association Of Great Britain International470 Association Of Great Britain International,,470,23,O,21,,166,133,Semaine Olympique Francaise De Voile 2023,9
,,470 Association Of Great Britain International470 Association Of Great Britain International,,470,7,O,21,,166,133,Semaine Olympique Francaise De Voile 2023,10
,,,,470,15,G,22,,162,134,Semaine Olympique Francaise De Voile 2023,1
,,,,470,11,G,22,,162,134,Semaine Olympique Francaise De Voile 2023,2
,,,,470,8,G,22,,162,134,Semaine Olympique Francaise De Voile 2023,3
,,,,470,11,G,22,,162,134,Semaine Olympique Francaise De Voile 2023,4
,,,,470,7,G,22,,162,134,Semaine Olympique Francaise De Voile 2023,5
,,,,470,28,O,22,,162,134,Semaine Olympique Francaise De Voile 2023,6
,,,,470,(28),O,22,,162,134,Semaine Olympique Francaise De Voile 2023,7
,,,,470,24,O,22,,162,134,Semaine Olympique Francaise De Voile 2023,8
,,,,470,17,O,22,,162,134,Semaine Olympique Francaise De Voile 2023,9
,,,,470,13,O,22,,162,134,Semaine Olympique Francaise De Voile 2023,10
,,470 Association Of Great Britain International470 Association Of Great Britain International,,470,3,G,23,,168,135,Semaine Olympique Francaise De Voile 2023,1
,,470 Association Of Great Britain International470 Association Of Great Britain International,,470,22,G,23,,168,135,Semaine Olympique Francaise De Voile 2023,2
,,470 Association Of Great Britain International470 Association Of Great Britain International,,470,24,G,23,,168,135,Semaine Olympique Francaise De Voile 2023,3
,,470 Association Of Great Britain International470 Association Of Great Britain International,,470,15,G,23,,168,135,Semaine Olympique Francaise De Voile 2023,4
,,470 Association Of Great Britain International470 Association Of Great Britain International,,470,10,G,23,,168,135,Semaine Olympique Francaise De Voile 2023,5
,,470 Association Of Great Britain International470 Association Of Great Britain International,,470,15,O,23,,168,135,Semaine Olympique Francaise De Voile 2023,6
,,470 Association Of Great Britain International470 Association Of Great Britain International,,470,22,O,23,,168,135,Semaine Olympique Francaise De Voile 2023,7
,,470 Association Of Great Britain International470 Association Of Great Britain International,,470,15,O,23,,168,135,Semaine Olympique Francaise De Voile 2023,8
,,470 Association Of Great Britain International470 Association Of Great Britain International,,470,BFD(33),O,23,,168,135,Semaine Olympique Francaise De Voile 2023,9
,,470 Association Of Great Britain International470 Association Of Great Britain International,,470,9,O,23,,168,135,Semaine Olympique Francaise De Voile 2023,10
,,,,470,24,G,24,,169,136,Semaine Olympique Francaise De Voile 2023,1
,,,,470,DNF(33),G,24,,169,136,Semaine Olympique Francaise De Voile 2023,2
,,,,470,15,G,24,,169,136,Semaine Olympique Francaise De Voile 2023,3
,,,,470,6,G,24,,169,136,Semaine Olympique Francaise De Voile 2023,4
,,,,470,3,G,24,,169,136,Semaine Olympique Francaise De Voile 2023,5
,,,,470,26,O,24,,169,136,Semaine Olympique Francaise De Voile 2023,6
,,,,470,23,O,24,,169,136,Semaine Olympique Francaise De Voile 2023,7
,,,,470,17,O,24,,169,136,Semaine Olympique Francaise De Voile 2023,8
,,,,470,5,O,24,,169,136,Semaine Olympique Francaise De Voile 2023,9
,,,,470,17,O,24,,169,136,Semaine Olympique Francaise De Voile 2023,10
,,,,470,17,G,25,,161,136,Semaine Olympique Francaise De Voile 2023,1
,,,,470,8,G,25,,161,136,Semaine Olympique Francaise De Voile 2023,2
,,,,470,22,G,25,,161,136,Semaine Olympique Francaise De Voile 2023,3
,,,,470,7,G,25,,161,136,Semaine Olympique Francaise De Voile 2023,4
,,,,470,9,G,25,,161,136,Semaine Olympique Francaise De Voile 2023,5
,,,,470,17,O,25,,161,136,Semaine Olympique Francaise De Voile 2023,6
,,,,470,20,O,25,,161,136,Semaine Olympique Francaise De Voile 2023,7
,,,,470,16,O,25,,161,136,Semaine Olympique Francaise De Voile 2023,8
,,,,470,20,O,25,,161,136,Semaine Olympique Francaise De Voile 2023,9
,,,,470,(25),O,25,,161,136,Semaine Olympique Francaise De Voile 2023,10
,,THUNERSEE YACHTCLUB,,470,BFD(33),G,26,,172,139,Semaine Olympique Francaise De Voile 2023,1
,,THUNERSEE YACHTCLUB,,470,28,G,26,,172,139,Semaine Olympique Francaise De Voile 2023,2
,,THUNERSEE YACHTCLUB,,470,1,G,26,,172,139,Semaine Olympique Francaise De Voile 2023,3
,,THUNERSEE YACHTCLUB,,470,2,G,26,,172,139,Semaine Olympique Francaise De Voile 2023,4
,,THUNERSEE YACHTCLUB,,470,5,G,26,,172,139,Semaine Olympique Francaise De Voile 2023,5
,,THUNERSEE YACHTCLUB,,470,18,O,26,,172,139,Semaine Olympique Francaise De Voile 2023,6
,,THUNERSEE YACHTCLUB,,470,16,O,26,,172,139,Semaine Olympique Francaise De Voile 2023,7
,,THUNERSEE YACHTCLUB,,470,UFD33,O,26,,172,139,Semaine Olympique Francaise De Voile 2023,8
,,THUNERSEE YACHTCLUB,,470,12,O,26,,172,139,Semaine Olympique Francaise De Voile 2023,9
,,THUNERSEE YACHTCLUB,,470,24,O,26,,172,139,Semaine Olympique Francaise De Voile 2023,10
,,,,470,14,G,27,,174,144,Semaine Olympique Francaise De Voile 2023,1
,,,,470,15,G,27,,174,144,Semaine Olympique Francaise De Voile 2023,2
,,,,470,18,G,27,,174,144,Semaine Olympique Francaise De Voile 2023,3
,,,,470,9,G,27,,174,144,Semaine Olympique Francaise De Voile 2023,4
,,,,470,6,G,27,,174,144,Semaine Olympique Francaise De Voile 2023,5
,,,,470,27,O,27,,174,144,Semaine Olympique Francaise De Voile 2023,6
,,,,470,(30),O,27,,174,144,Semaine Olympique Francaise De Voile 2023,7
,,,,470,18,O,27,,174,144,Semaine Olympique Francaise De Voile 2023,8
,,,,470,27,O,27,,174,144,Semaine Olympique Francaise De Voile 2023,9
,,,,470,10,O,27,,174,144,Semaine Olympique Francaise De Voile 2023,10
,,,,470,1,G,28,,176,146,Semaine Olympique Francaise De Voile 2023,1
,,,,470,9,G,28,,176,146,Semaine Olympique Francaise De Voile 2023,2
,,,,470,16,G,28,,176,146,Semaine Olympique Francaise De Voile 2023,3
,,,,470,17,G,28,,176,146,Semaine Olympique Francaise De Voile 2023,4
,,,,470,16,G,28,,176,146,Semaine Olympique Francaise De Voile 2023,5
,,,,470,29,O,28,,176,146,Semaine Olympique Francaise De Voile 2023,6
,,,,470,25,O,28,,176,146,Semaine Olympique Francaise De Voile 2023,7
,,,,470,25,O,28,,176,146,Semaine Olympique Francaise De Voile 2023,8
,,,,470,8,O,28,,176,146,Semaine Olympique Francaise De Voile 2023,9
,,,,470,(30),O,28,,176,146,Semaine Olympique Francaise De Voile 2023,10
,,,,470,6,G,29,,179,148,Semaine Olympique Francaise De Voile 2023,1
,,,,470,10,G,29,,179,148,Semaine Olympique Francaise De Voile 2023,2
,,,,470,17,G,29,,179,148,Semaine Olympique Francaise De Voile 2023,3
,,,,470,(31),G,29,,179,148,Semaine Olympique Francaise De Voile 2023,4
,,,,470,7,G,29,,179,148,Semaine Olympique Francaise De Voile 2023,5
,,,,470,30,O,29,,179,148,Semaine Olympique Francaise De Voile 2023,6
,,,,470,11,O,29,,179,148,Semaine Olympique Francaise De Voile 2023,7
,,,,470,28,O,29,,179,148,Semaine Olympique Francaise De Voile 2023,8
,,,,470,16,O,29,,179,148,Semaine Olympique Francaise De Voile 2023,9
,,,,470,23,O,29,,179,148,Semaine Olympique Francaise De Voile 2023,10
,,,,470,9,G,30,,182.75,149.75,Semaine Olympique Francaise De Voile 2023,1
,,,,470,RDG11.75,G,30,,182.75,149.75,Semaine Olympique Francaise De Voile 2023,2
,,,,470,4,G,30,,182.75,149.75,Semaine Olympique Francaise De Voile 2023,3
,,,,470,18,G,30,,182.75,149.75,Semaine Olympique Francaise De Voile 2023,4
,,,,470,16,G,30,,182.75,149.75,Semaine Olympique Francaise De Voile 2023,5
,,,,470,25,O,30,,182.75,149.75,Semaine Olympique Francaise De Voile 2023,6
,,,,470,24,O,30,,182.75,149.75,Semaine Olympique Francaise De Voile 2023,7
,,,,470,30,O,30,,182.75,149.75,Semaine Olympique Francaise De Voile 2023,8
,,,,470,BFD(33),O,30,,182.75,149.75,Semaine Olympique Francaise De Voile 2023,9
,,,,470,12,O,30,,182.75,149.75,Semaine Olympique Francaise De Voile 2023,10
,,,,470,18,G,31,,206,174,Semaine Olympique Francaise De Voile 2023,1
,,,,470,RDG15,G,31,,206,174,Semaine Olympique Francaise De Voile 2023,2
,,,,470,8,G,31,,206,174,Semaine Olympique Francaise De Voile 2023,3
,,,,470,12,G,31,,206,174,Semaine Olympique Francaise De Voile 2023,4
,,,,470,22,G,31,,206,174,Semaine Olympique Francaise De Voile 2023,5
,,,,470,32,O,31,,206,174,Semaine Olympique Francaise De Voile 2023,6
,,,,470,(32),O,31,,206,174,Semaine Olympique Francaise De Voile 2023,7
,,,,470,14,O,31,,206,174,Semaine Olympique Francaise De Voile 2023,8
,,,,470,24,O,31,,206,174,Semaine Olympique Francaise De Voile 2023,9
,,,,470,29,O,31,,206,174,Semaine Olympique Francaise De Voile 2023,10
,,,,470,10,G,32,,209,178,Semaine Olympique Francaise De Voile 2023,1
,,,,470,26,G,32,,209,178,Semaine Olympique Francaise De Voile 2023,2
,,,,470,6,G,32,,209,178,Semaine Olympique Francaise De Voile 2023,3
,,,,470,10,G,32,,209,178,Semaine Olympique Francaise De Voile 2023,4
,,,,470,18,G,32,,209,178,Semaine Olympique Francaise De Voile 2023,5
,,,,470,24,O,32,,209,178,Semaine Olympique Francaise De Voile 2023,6
,,,,470,31,O,32,,209,178,Semaine Olympique Francaise De Voile 2023,7
,,,,470,23,O,32,,209,178,Semaine Olympique Francaise De Voile 2023,8
,,,,470,30,O,32,,209,178,Semaine Olympique Francaise De Voile 2023,9
,,,,470,(31),O,32,,209,178,Semaine Olympique Francaise De Voile 2023,10
,,,,470,11,G,33,,113,92,Semaine Olympique Francaise De Voile 2023,1
,,,,470,(21),G,33,,113,92,Semaine Olympique Francaise De Voile 2023,2
,,,,470,13,G,33,,113,92,Semaine Olympique Francaise De Voile 2023,3
,,,,470,21,G,33,,113,92,Semaine Olympique Francaise De Voile 2023,4
,,,,470,17,G,33,,113,92,Semaine Olympique Francaise De Voile 2023,5
,,,,470,5,P,33,,113,92,Semaine Olympique Francaise De Voile 2023,6
,,,,470,1,P,33,,113,92,Semaine Olympique Francaise De Voile 2023,7
,,,,470,10,P,33,,113,92,Semaine Olympique Francaise De Voile 2023,8
,,,,470,9,P,33,,113,92,Semaine Olympique Francaise De Voile 2023,9
,,,,470,5,P,33,,113,92,Semaine Olympique Francaise De Voile 2023,10
,,,,470,19,G,34,,122,100,Semaine Olympique Francaise De Voile 2023,1
,,,,470,12,G,34,,122,100,Semaine Olympique Francaise De Voile 2023,2
,,,,470,20,G,34,,122,100,Semaine Olympique Francaise De Voile 2023,3
,,,,470,19,G,34,,122,100,Semaine Olympique Francaise De Voile 2023,4
,,,,470,(22),G,34,,122,100,Semaine Olympique Francaise De Voile 2023,5
,,,,470,4,P,34,,122,100,Semaine Olympique Francaise De Voile 2023,6
,,,,470,2,P,34,,122,100,Semaine Olympique Francaise De Voile 2023,7
,,,,470,5,P,34,,122,100,Semaine Olympique Francaise De Voile 2023,8
,,,,470,18,P,34,,122,100,Semaine Olympique Francaise De Voile 2023,9
,,,,470,1,P,34,,122,100,Semaine Olympique Francaise De Voile 2023,10
,,,,470,BFD(33),G,35,,148,115,Semaine Olympique Francaise De Voile 2023,1
,,,,470,20,G,35,,148,115,Semaine Olympique Francaise De Voile 2023,2
,,,,470,22,G,35,,148,115,Semaine Olympique Francaise De Voile 2023,3
,,,,470,10,G,35,,148,115,Semaine Olympique Francaise De Voile 2023,4
,,,,470,8,G,35,,148,115,Semaine Olympique Francaise De Voile 2023,5
,,,,470,22,P,35,,148,115,Semaine Olympique Francaise De Voile 2023,6
,,,,470,5,P,35,,148,115,Semaine Olympique Francaise De Voile 2023,7
,,,,470,17,P,35,,148,115,Semaine Olympique Francaise De Voile 2023,8
,,,,470,4,P,35,,148,115,Semaine Olympique Francaise De Voile 2023,9
,,,,470,7,P,35,,148,115,Semaine Olympique Francaise De Voile 2023,10
,,,,470,4,G,36,,144,118,Semaine Olympique Francaise De Voile 2023,1
,,,,470,13,G,36,,144,118,Semaine Olympique Francaise De Voile 2023,2
,,,,470,23,G,36,,144,118,Semaine Olympique Francaise De Voile 2023,3
,,,,470,21,G,36,,144,118,Semaine Olympique Francaise De Voile 2023,4
,,,,470,25,G,36,,144,118,Semaine Olympique Francaise De Voile 2023,5
,,,,470,3,P,36,,144,118,Semaine Olympique Francaise De Voile 2023,6
,,,,470,3,P,36,,144,118,Semaine Olympique Francaise De Voile 2023,7
,,,,470,20,P,36,,144,118,Semaine Olympique Francaise De Voile 2023,8
,,,,470,6,P,36,,144,118,Semaine Olympique Francaise De Voile 2023,9
,,,,470,(26),P,36,,144,118,Semaine Olympique Francaise De Voile 2023,10
,,DTYCSCBC,,470,21,G,37,,146,121,Semaine Olympique Francaise De Voile 2023,1
,,DTYCSCBC,,470,(25),G,37,,146,121,Semaine Olympique Francaise De Voile 2023,2
,,DTYCSCBC,,470,6,G,37,,146,121,Semaine Olympique Francaise De Voile 2023,3
,,DTYCSCBC,,470,20,G,37,,146,121,Semaine Olympique Francaise De Voile 2023,4
,,DTYCSCBC,,470,18,G,37,,146,121,Semaine Olympique Francaise De Voile 2023,5
,,DTYCSCBC,,470,2,P,37,,146,121,Semaine Olympique Francaise De Voile 2023,6
,,DTYCSCBC,,470,16,P,37,,146,121,Semaine Olympique Francaise De Voile 2023,7
,,DTYCSCBC,,470,11,P,37,,146,121,Semaine Olympique Francaise De Voile 2023,8
,,DTYCSCBC,,470,3,P,37,,146,121,Semaine Olympique Francaise De Voile 2023,9
,,DTYCSCBC,,470,24,P,37,,146,121,Semaine Olympique Francaise De Voile 2023,10
,,GKSS,,470,23,G,38,,156,123,Semaine Olympique Francaise De Voile 2023,1
,,GKSS,,470,DSQ(33),G,38,,156,123,Semaine Olympique Francaise De Voile 2023,2
,,GKSS,,470,9,G,38,,156,123,Semaine Olympique Francaise De Voile 2023,3
,,GKSS,,470,20,G,38,,156,123,Semaine Olympique Francaise De Voile 2023,4
,,GKSS,,470,15,G,38,,156,123,Semaine Olympique Francaise De Voile 2023,5
,,GKSS,,470,14,P,38,,156,123,Semaine Olympique Francaise De Voile 2023,6
,,GKSS,,470,4,P,38,,156,123,Semaine Olympique Francaise De Voile 2023,7
,,GKSS,,470,18,P,38,,156,123,Semaine Olympique Francaise De Voile 2023,8
,,GKSS,,470,17,P,38,,156,123,Semaine Olympique Francaise De Voile 2023,9
,,GKSS,,470,3,P,38,,156,123,Semaine Olympique Francaise De Voile 2023,10
,,,,470,13,G,39,,150,123,Semaine Olympique Francaise De Voile 2023,1
,,,,470,16,G,39,,150,123,Semaine Olympique Francaise De Voile 2023,2
,,,,470,(27),G,39,,150,123,Semaine Olympique Francaise De Voile 2023,3
,,,,470,27,G,39,,150,123,Semaine Olympique Francaise De Voile 2023,4
,,,,470,11,G,39,,150,123,Semaine Olympique Francaise De Voile 2023,5
,,,,470,20,P,39,,150,123,Semaine Olympique Francaise De Voile 2023,6
,,,,470,8,P,39,,150,123,Semaine Olympique Francaise De Voile 2023,7
,,,,470,3,P,39,,150,123,Semaine Olympique Francaise De Voile 2023,8
,,,,470,19,P,39,,150,123,Semaine Olympique Francaise De Voile 2023,9
,,,,470,6,P,39,,150,123,Semaine Olympique Francaise De Voile 2023,10
,,,,470,(29),G,40,,158,129,Semaine Olympique Francaise De Voile 2023,1
,,,,470,24,G,40,,158,129,Semaine Olympique Francaise De Voile 2023,2
,,,,470,5,G,40,,158,129,Semaine Olympique Francaise De Voile 2023,3
,,,,470,25,G,40,,158,129,Semaine Olympique Francaise De Voile 2023,4
,,,,470,20,G,40,,158,129,Semaine Olympique Francaise De Voile 2023,5
,,,,470,18,P,40,,158,129,Semaine Olympique Francaise De Voile 2023,6
,,,,470,11,P,40,,158,129,Semaine Olympique Francaise De Voile 2023,7
,,,,470,9,P,40,,158,129,Semaine Olympique Francaise De Voile 2023,8
,,,,470,2,P,40,,158,129,Semaine Olympique Francaise De Voile 2023,9
,,,,470,15,P,40,,158,129,Semaine Olympique Francaise De Voile 2023,10
,,,,470,BFD(33),G,41,,166,133,Semaine Olympique Francaise De Voile 2023,1
,,,,470,11,G,41,,166,133,Semaine Olympique Francaise De Voile 2023,2
,,,,470,19,G,41,,166,133,Semaine Olympique Francaise De Voile 2023,3
,,,,470,23,G,41,,166,133,Semaine Olympique Francaise De Voile 2023,4
,,,,470,19,G,41,,166,133,Semaine Olympique Francaise De Voile 2023,5
,,,,470,8,P,41,,166,133,Semaine Olympique Francaise De Voile 2023,6
,,,,470,7,P,41,,166,133,Semaine Olympique Francaise De Voile 2023,7
,,,,470,19,P,41,,166,133,Semaine Olympique Francaise De Voile 2023,8
,,,,470,14,P,41,,166,133,Semaine Olympique Francaise De Voile 2023,9
,,,,470,13,P,41,,166,133,Semaine Olympique Francaise De Voile 2023,10
,,,,470,17,G,42,,157,133,Semaine Olympique Francaise De Voile 2023,1
,,,,470,19,G,42,,157,133,Semaine Olympique Francaise De Voile 2023,2
,,,,470,16,G,42,,157,133,Semaine Olympique Francaise De Voile 2023,3
,,,,470,(24),G,42,,157,133,Semaine Olympique Francaise De Voile 2023,4
,,,,470,20,G,42,,157,133,Semaine Olympique Francaise De Voile 2023,5
,,,,470,1,P,42,,157,133,Semaine Olympique Francaise De Voile 2023,6
,,,,470,6,P,42,,157,133,Semaine Olympique Francaise De Voile 2023,7
,,,,470,16,P,42,,157,133,Semaine Olympique Francaise De Voile 2023,8
,,,,470,21,P,42,,157,133,Semaine Olympique Francaise De Voile 2023,9
,,,,470,17,P,42,,157,133,Semaine Olympique Francaise De Voile 2023,10
,,,,470,28,G,43,,164,135,Semaine Olympique Francaise De Voile 2023,1
,,,,470,24,G,43,,164,135,Semaine Olympique Francaise De Voile 2023,2
,,,,470,15,G,43,,164,135,Semaine Olympique Francaise De Voile 2023,3
,,,,470,15,G,43,,164,135,Semaine Olympique Francaise De Voile 2023,4
,,,,470,(29),G,43,,164,135,Semaine Olympique Francaise De Voile 2023,5
,,,,470,21,P,43,,164,135,Semaine Olympique Francaise De Voile 2023,6
,,,,470,15,P,43,,164,135,Semaine Olympique Francaise De Voile 2023,7
,,,,470,4,P,43,,164,135,Semaine Olympique Francaise De Voile 2023,8
,,,,470,11,P,43,,164,135,Semaine Olympique Francaise De Voile 2023,9
,,,,470,2,P,43,,164,135,Semaine Olympique Francaise De Voile 2023,10
,,,,470,21,G,44,,165,140,Semaine Olympique Francaise De Voile 2023,1
,,,,470,23,G,44,,165,140,Semaine Olympique Francaise De Voile 2023,2
,,,,470,17,G,44,,165,140,Semaine Olympique Francaise De Voile 2023,3
,,,,470,(25),G,44,,165,140,Semaine Olympique Francaise De Voile 2023,4
,,,,470,19,G,44,,165,140,Semaine Olympique Francaise De Voile 2023,5
,,,,470,23,P,44,,165,140,Semaine Olympique Francaise De Voile 2023,6
,,,,470,13,P,44,,165,140,Semaine Olympique Francaise De Voile 2023,7
,,,,470,13,P,44,,165,140,Semaine Olympique Francaise De Voile 2023,8
,,,,470,1,P,44,,165,140,Semaine Olympique Francaise De Voile 2023,9
,,,,470,10,P,44,,165,140,Semaine Olympique Francaise De Voile 2023,10
,,,,470,12,G,45,,176,145,Semaine Olympique Francaise De Voile 2023,1
,,,,470,16,G,45,,176,145,Semaine Olympique Francaise De Voile 2023,2
,,,,470,(31),G,45,,176,145,Semaine Olympique Francaise De Voile 2023,3
,,,,470,28,G,45,,176,145,Semaine Olympique Francaise De Voile 2023,4
,,,,470,27,G,45,,176,145,Semaine Olympique Francaise De Voile 2023,5
,,,,470,6,P,45,,176,145,Semaine Olympique Francaise De Voile 2023,6
,,,,470,18,P,45,,176,145,Semaine Olympique Francaise De Voile 2023,7
,,,,470,6,P,45,,176,145,Semaine Olympique Francaise De Voile 2023,8
,,,,470,12,P,45,,176,145,Semaine Olympique Francaise De Voile 2023,9
,,,,470,20,P,45,,176,145,Semaine Olympique Francaise De Voile 2023,10
,,,,470,26,G,46,,176,147,Semaine Olympique Francaise De Voile 2023,1
,,,,470,(29),G,46,,176,147,Semaine Olympique Francaise De Voile 2023,2
,,,,470,14,G,46,,176,147,Semaine Olympique Francaise De Voile 2023,3
,,,,470,13,G,46,,176,147,Semaine Olympique Francaise De Voile 2023,4
,,,,470,23,G,46,,176,147,Semaine Olympique Francaise De Voile 2023,5
,,,,470,15,P,46,,176,147,Semaine Olympique Francaise De Voile 2023,6
,,,,470,10,P,46,,176,147,Semaine Olympique Francaise De Voile 2023,7
,,,,470,15,P,46,,176,147,Semaine Olympique Francaise De Voile 2023,8
,,,,470,10,P,46,,176,147,Semaine Olympique Francaise De Voile 2023,9
,,,,470,21,P,46,,176,147,Semaine Olympique Francaise De Voile 2023,10
,,,,470,DSQ(33),G,47,,183,150,Semaine Olympique Francaise De Voile 2023,1
,,,,470,21,G,47,,183,150,Semaine Olympique Francaise De Voile 2023,2
,,,,470,21,G,47,,183,150,Semaine Olympique Francaise De Voile 2023,3
,,,,470,22,G,47,,183,150,Semaine Olympique Francaise De Voile 2023,4
,,,,470,27,G,47,,183,150,Semaine Olympique Francaise De Voile 2023,5
,,,,470,12,P,47,,183,150,Semaine Olympique Francaise De Voile 2023,6
,,,,470,14,P,47,,183,150,Semaine Olympique Francaise De Voile 2023,7
,,,,470,12,P,47,,183,150,Semaine Olympique Francaise De Voile 2023,8
,,,,470,13,P,47,,183,150,Semaine Olympique Francaise De Voile 2023,9
,,,,470,8,P,47,,183,150,Semaine Olympique Francaise De Voile 2023,10
,,,,470,20,G,48,,184,151,Semaine Olympique Francaise De Voile 2023,1
,,,,470,17,G,48,,184,151,Semaine Olympique Francaise De Voile 2023,2
,,,,470,20,G,48,,184,151,Semaine Olympique Francaise De Voile 2023,3
,,,,470,4,G,48,,184,151,Semaine Olympique Francaise De Voile 2023,4
,,,,470,30,G,48,,184,151,Semaine Olympique Francaise De Voile 2023,5
,,,,470,11,P,48,,184,151,Semaine Olympique Francaise De Voile 2023,6
,,,,470,12,P,48,,184,151,Semaine Olympique Francaise De Voile 2023,7
,,,,470,UFD(33),P,48,,184,151,Semaine Olympique Francaise De Voile 2023,8
,,,,470,23,P,48,,184,151,Semaine Olympique Francaise De Voile 2023,9
,,,,470,14,P,48,,184,151,Semaine Olympique Francaise De Voile 2023,10
,,,,470,13,G,49,,176,152,Semaine Olympique Francaise De Voile 2023,1
,,,,470,18,G,49,,176,152,Semaine Olympique Francaise De Voile 2023,2
,,,,470,(24),G,49,,176,152,Semaine Olympique Francaise De Voile 2023,3
,,,,470,14,G,49,,176,152,Semaine Olympique Francaise De Voile 2023,4
,,,,470,13,G,49,,176,152,Semaine Olympique Francaise De Voile 2023,5
,,,,470,24,P,49,,176,152,Semaine Olympique Francaise De Voile 2023,6
,,,,470,21,P,49,,176,152,Semaine Olympique Francaise De Voile 2023,7
,,,,470,23,P,49,,176,152,Semaine Olympique Francaise De Voile 2023,8
,,,,470,15,P,49,,176,152,Semaine Olympique Francaise De Voile 2023,9
,,,,470,11,P,49,,176,152,Semaine Olympique Francaise De Voile 2023,10
,,Leigh & Lowton Sailing Club470 Association Of Great Britain International,,470,22,G,50,,187,157,Semaine Olympique Francaise De Voile 2023,1
,,Leigh & Lowton Sailing Club470 Association Of Great Britain International,,470,8,G,50,,187,157,Semaine Olympique Francaise De Voile 2023,2
,,Leigh & Lowton Sailing Club470 Association Of Great Britain International,,470,18,G,50,,187,157,Semaine Olympique Francaise De Voile 2023,3
,,Leigh & Lowton Sailing Club470 Association Of Great Britain International,,470,(30),G,50,,187,157,Semaine Olympique Francaise De Voile 2023,4
,,Leigh & Lowton Sailing Club470 Association Of Great Britain International,,470,28,G,50,,187,157,Semaine Olympique Francaise De Voile 2023,5
,,Leigh & Lowton Sailing Club470 Association Of Great Britain International,,470,19,P,50,,187,157,Semaine Olympique Francaise De Voile 2023,6
,,Leigh & Lowton Sailing Club470 Association Of Great Britain International,,470,22,P,50,,187,157,Semaine Olympique Francaise De Voile 2023,7
,,Leigh & Lowton Sailing Club470 Association Of Great Britain International,,470,8,P,50,,187,157,Semaine Olympique Francaise De Voile 2023,8
,,Leigh & Lowton Sailing Club470 Association Of Great Britain International,,470,16,P,50,,187,157,Semaine Olympique Francaise De Voile 2023,9
,,Leigh & Lowton Sailing Club470 Association Of Great Britain International,,470,16,P,50,,187,157,Semaine Olympique Francaise De Voile 2023,10
,,ROYAL NORWEGIAN YACHT CLUB,,470,26,G,51,,192,159,Semaine Olympique Francaise De Voile 2023,1
,,ROYAL NORWEGIAN YACHT CLUB,,470,23,G,51,,192,159,Semaine Olympique Francaise De Voile 2023,2
,,ROYAL NORWEGIAN YACHT CLUB,,470,UFD(33),G,51,,192,159,Semaine Olympique Francaise De Voile 2023,3
,,ROYAL NORWEGIAN YACHT CLUB,,470,UFD33,G,51,,192,159,Semaine Olympique Francaise De Voile 2023,4
,,ROYAL NORWEGIAN YACHT CLUB,,470,24,G,51,,192,159,Semaine Olympique Francaise De Voile 2023,5
,,ROYAL NORWEGIAN YACHT CLUB,,470,7,P,51,,192,159,Semaine Olympique Francaise De Voile 2023,6
,,ROYAL NORWEGIAN YACHT CLUB,,470,24,P,51,,192,159,Semaine Olympique Francaise De Voile 2023,7
,,ROYAL NORWEGIAN YACHT CLUB,,470,2,P,51,,192,159,Semaine Olympique Francaise De Voile 2023,8
,,ROYAL NORWEGIAN YACHT CLUB,,470,8,P,51,,192,159,Semaine Olympique Francaise De Voile 2023,9
,,ROYAL NORWEGIAN YACHT CLUB,,470,12,P,51,,192,159,Semaine Olympique Francaise De Voile 2023,10
,,,,470,25,G,52,,194,161,Semaine Olympique Francaise De Voile 2023,1
,,,,470,18,G,52,,194,161,Semaine Olympique Francaise De Voile 2023,2
,,,,470,26,G,52,,194,161,Semaine Olympique Francaise De Voile 2023,3
,,,,470,24,G,52,,194,161,Semaine Olympique Francaise De Voile 2023,4
,,,,470,24,G,52,,194,161,Semaine Olympique Francaise De Voile 2023,5
,,,,470,9,P,52,,194,161,Semaine Olympique Francaise De Voile 2023,6
,,,,470,9,P,52,,194,161,Semaine Olympique Francaise De Voile 2023,7
,,,,470,1,P,52,,194,161,Semaine Olympique Francaise De Voile 2023,8
,,,,470,UFD(33),P,52,,194,161,Semaine Olympique Francaise De Voile 2023,9
,,,,470,25,P,52,,194,161,Semaine Olympique Francaise De Voile 2023,10
,,,,470,19,G,53,,198,165,Semaine Olympique Francaise De Voile 2023,1
,,,,470,5,G,53,,198,165,Semaine Olympique Francaise De Voile 2023,2
,,,,470,UFD(33),G,53,,198,165,Semaine Olympique Francaise De Voile 2023,3
,,,,470,23,G,53,,198,165,Semaine Olympique Francaise De Voile 2023,4
,,,,470,25,G,53,,198,165,Semaine Olympique Francaise De Voile 2023,5
,,,,470,16,P,53,,198,165,Semaine Olympique Francaise De Voile 2023,6
,,,,470,20,P,53,,198,165,Semaine Olympique Francaise De Voile 2023,7
,,,,470,22,P,53,,198,165,Semaine Olympique Francaise De Voile 2023,8
,,,,470,7,P,53,,198,165,Semaine Olympique Francaise De Voile 2023,9
,,,,470,28,P,53,,198,165,Semaine Olympique Francaise De Voile 2023,10
,,,,470,20,G,54,,206,173,Semaine Olympique Francaise De Voile 2023,1
,,,,470,14,G,54,,206,173,Semaine Olympique Francaise De Voile 2023,2
,,,,470,28,G,54,,206,173,Semaine Olympique Francaise De Voile 2023,3
,,,,470,26,G,54,,206,173,Semaine Olympique Francaise De Voile 2023,4
,,,,470,21,G,54,,206,173,Semaine Olympique Francaise De Voile 2023,5
,,,,470,13,P,54,,206,173,Semaine Olympique Francaise De Voile 2023,6
,,,,470,23,P,54,,206,173,Semaine Olympique Francaise De Voile 2023,7
,,,,470,UFD(33),P,54,,206,173,Semaine Olympique Francaise De Voile 2023,8
,,,,470,24,P,54,,206,173,Semaine Olympique Francaise De Voile 2023,9
,,,,470,4,P,54,,206,173,Semaine Olympique Francaise De Voile 2023,10
,,,,470,25,G,55,,219,188,Semaine Olympique Francaise De Voile 2023,1
,,,,470,29,G,55,,219,188,Semaine Olympique Francaise De Voile 2023,2
,,,,470,21,G,55,,219,188,Semaine Olympique Francaise De Voile 2023,3
,,,,470,22,G,55,,219,188,Semaine Olympique Francaise De Voile 2023,4
,,,,470,(31),G,55,,219,188,Semaine Olympique Francaise De Voile 2023,5
,,,,470,17,P,55,,219,188,Semaine Olympique Francaise De Voile 2023,6
,,,,470,17,P,55,,219,188,Semaine Olympique Francaise De Voile 2023,7
,,,,470,7,P,55,,219,188,Semaine Olympique Francaise De Voile 2023,8
,,,,470,28,P,55,,219,188,Semaine Olympique Francaise De Voile 2023,9
,,,,470,22,P,55,,219,188,Semaine Olympique Francaise De Voile 2023,10
,,470 Association Of Great Britain InternationalSutton Sailing Club,,470,22,G,56,,227,194,Semaine Olympique Francaise De Voile 2023,1
,,470 Association Of Great Britain InternationalSutton Sailing Club,,470,28,G,56,,227,194,Semaine Olympique Francaise De Voile 2023,2
,,470 Association Of Great Britain InternationalSutton Sailing Club,,470,25,G,56,,227,194,Semaine Olympique Francaise De Voile 2023,3
,,470 Association Of Great Britain InternationalSutton Sailing Club,,470,29,G,56,,227,194,Semaine Olympique Francaise De Voile 2023,4
,,470 Association Of Great Britain InternationalSutton Sailing Club,,470,26,G,56,,227,194,Semaine Olympique Francaise De Voile 2023,5
,,470 Association Of Great Britain InternationalSutton Sailing Club,,470,10,P,56,,227,194,Semaine Olympique Francaise De Voile 2023,6
,,470 Association Of Great Britain InternationalSutton Sailing Club,,470,19,P,56,,227,194,Semaine Olympique Francaise De Voile 2023,7
,,470 Association Of Great Britain InternationalSutton Sailing Club,,470,UFD(33),P,56,,227,194,Semaine Olympique Francaise De Voile 2023,8
,,470 Association Of Great Britain InternationalSutton Sailing Club,,470,26,P,56,,227,194,Semaine Olympique Francaise De Voile 2023,9
,,470 Association Of Great Britain InternationalSutton Sailing Club,,470,9,P,56,,227,194,Semaine Olympique Francaise De Voile 2023,10
,,,,470,18,G,57,,234,201,Semaine Olympique Francaise De Voile 2023,1
,,,,470,DNC(33),G,57,,234,201,Semaine Olympique Francaise De Voile 2023,2
,,,,470,30,G,57,,234,201,Semaine Olympique Francaise De Voile 2023,3
,,,,470,19,G,57,,234,201,Semaine Olympique Francaise De Voile 2023,4
,,,,470,17,G,57,,234,201,Semaine Olympique Francaise De Voile 2023,5
,,,,470,26,P,57,,234,201,Semaine Olympique Francaise De Voile 2023,6
,,,,470,25,P,57,,234,201,Semaine Olympique Francaise De Voile 2023,7
,,,,470,21,P,57,,234,201,Semaine Olympique Francaise De Voile 2023,8
,,,,470,22,P,57,,234,201,Semaine Olympique Francaise De Voile 2023,9
,,,,470,23,P,57,,234,201,Semaine Olympique Francaise De Voile 2023,10
,,KYCK-KSVL,,470,24,G,58,,236,203,Semaine Olympique Francaise De Voile 2023,1
,,KYCK-KSVL,,470,17,G,58,,236,203,Semaine Olympique Francaise De Voile 2023,2
,,KYCK-KSVL,,470,DSQ(33),G,58,,236,203,Semaine Olympique Francaise De Voile 2023,3
,,KYCK-KSVL,,470,26,G,58,,236,203,Semaine Olympique Francaise De Voile 2023,4
,,KYCK-KSVL,,470,21,G,58,,236,203,Semaine Olympique Francaise De Voile 2023,5
,,KYCK-KSVL,,470,25,P,58,,236,203,Semaine Olympique Francaise De Voile 2023,6
,,KYCK-KSVL,,470,UFD33,P,58,,236,203,Semaine Olympique Francaise De Voile 2023,7
,,KYCK-KSVL,,470,UFD33,P,58,,236,203,Semaine Olympique Francaise De Voile 2023,8
,,KYCK-KSVL,,470,5,P,58,,236,203,Semaine Olympique Francaise De Voile 2023,9
,,KYCK-KSVL,,470,19,P,58,,236,203,Semaine Olympique Francaise De Voile 2023,10
,,Mornington Yacht Club,,470,28,G,59,,240,211,Semaine Olympique Francaise De Voile 2023,1
,,Mornington Yacht Club,,470,26,G,59,,240,211,Semaine Olympique Francaise De Voile 2023,2
,,Mornington Yacht Club,,470,(29),G,59,,240,211,Semaine Olympique Francaise De Voile 2023,3
,,Mornington Yacht Club,,470,18,G,59,,240,211,Semaine Olympique Francaise De Voile 2023,4
,,Mornington Yacht Club,,470,29,G,59,,240,211,Semaine Olympique Francaise De Voile 2023,5
,,Mornington Yacht Club,,470,27,P,59,,240,211,Semaine Olympique Francaise De Voile 2023,6
,,Mornington Yacht Club,,470,26,P,59,,240,211,Semaine Olympique Francaise De Voile 2023,7
,,Mornington Yacht Club,,470,14,P,59,,240,211,Semaine Olympique Francaise De Voile 2023,8
,,Mornington Yacht Club,,470,25,P,59,,240,211,Semaine Olympique Francaise De Voile 2023,9
,,Mornington Yacht Club,,470,18,P,59,,240,211,Semaine Olympique Francaise De Voile 2023,10
,,,,470,27,G,60,,260,231,Semaine Olympique Francaise De Voile 2023,1
,,,,470,22,G,60,,260,231,Semaine Olympique Francaise De Voile 2023,2
,,,,470,25,G,60,,260,231,Semaine Olympique Francaise De Voile 2023,3
,,,,470,28,G,60,,260,231,Semaine Olympique Francaise De Voile 2023,4
,,,,470,28,G,60,,260,231,Semaine Olympique Francaise De Voile 2023,5
,,,,470,28,P,60,,260,231,Semaine Olympique Francaise De Voile 2023,6
,,,,470,27,P,60,,260,231,Semaine Olympique Francaise De Voile 2023,7
,,,,470,26,P,60,,260,231,Semaine Olympique Francaise De Voile 2023,8
,,,,470,20,P,60,,260,231,Semaine Olympique Francaise De Voile 2023,9
,,,,470,(29),P,60,,260,231,Semaine Olympique Francaise De Voile 2023,10
,,,,470,31,G,61,,290,257,Semaine Olympique Francaise De Voile 2023,1
,,,,470,DNC(33),G,61,,290,257,Semaine Olympique Francaise De Voile 2023,2
,,,,470,26,G,61,,290,257,Semaine Olympique Francaise De Voile 2023,3
,,,,470,27,G,61,,290,257,Semaine Olympique Francaise De Voile 2023,4
,,,,470,30,G,61,,290,257,Semaine Olympique Francaise De Voile 2023,5
,,,,470,30,P,61,,290,257,Semaine Olympique Francaise De Voile 2023,6
,,,,470,29,P,61,,290,257,Semaine Olympique Francaise De Voile 2023,7
,,,,470,24,P,61,,290,257,Semaine Olympique Francaise De Voile 2023,8
,,,,470,27,P,61,,290,257,Semaine Olympique Francaise De Voile 2023,9
,,,,470,UFD33,P,61,,290,257,Semaine Olympique Francaise De Voile 2023,10
,,,,470,30,G,62,,291,259,Semaine Olympique Francaise De Voile 2023,1
,,,,470,27,G,62,,291,259,Semaine Olympique Francaise De Voile 2023,2
,,,,470,(32),G,62,,291,259,Semaine Olympique Francaise De Voile 2023,3
,,,,470,32,G,62,,291,259,Semaine Olympique Francaise De Voile 2023,4
,,,,470,32,G,62,,291,259,Semaine Olympique Francaise De Voile 2023,5
,,,,470,29,P,62,,291,259,Semaine Olympique Francaise De Voile 2023,6
,,,,470,28,P,62,,291,259,Semaine Olympique Francaise De Voile 2023,7
,,,,470,25,P,62,,291,259,Semaine Olympique Francaise De Voile 2023,8
,,,,470,29,P,62,,291,259,Semaine Olympique Francaise De Voile 2023,9
,,,,470,27,P,62,,291,259,Semaine Olympique Francaise De Voile 2023,10
,,470 Association Of Great Britain International470 Association Of Great Britain International,,470,27,G,63,,310,277,Semaine Olympique Francaise De Voile 2023,1
,,470 Association Of Great Britain International470 Association Of Great Britain International,,470,19,G,63,,310,277,Semaine Olympique Francaise De Voile 2023,2
,,470 Association Of Great Britain International470 Association Of Great Britain International,,470,DNC(33),G,63,,310,277,Semaine Olympique Francaise De Voile 2023,3
,,470 Association Of Great Britain International470 Association Of Great Britain International,,470,DNC33,G,63,,310,277,Semaine Olympique Francaise De Voile 2023,4
,,470 Association Of Great Britain International470 Association Of Great Britain International,,470,DNC33,G,63,,310,277,Semaine Olympique Francaise De Voile 2023,5
,,470 Association Of Great Britain International470 Association Of Great Britain International,,470,DNC33,P,63,,310,277,Semaine Olympique Francaise De Voile 2023,6
,,470 Association Of Great Britain International470 Association Of Great Britain International,,470,DNC33,P,63,,310,277,Semaine Olympique Francaise De Voile 2023,7
,,470 Association Of Great Britain International470 Association Of Great Britain International,,470,DNC33,P,63,,310,277,Semaine Olympique Francaise De Voile 2023,8
,,470 Association Of Great Britain International470 Association Of Great Britain International,,470,DNC33,P,63,,310,277,Semaine Olympique Francaise De Voile 2023,9
,,470 Association Of Great Britain International470 Association Of Great Britain International,,470,DNC33,P,63,,310,277,Semaine Olympique Francaise De Voile 2023,10
,,,,470,29,G,64,,318,285,Semaine Olympique Francaise De Voile 2023,1
,,,,470,25,G,64,,318,285,Semaine Olympique Francaise De Voile 2023,2
,,,,470,DNC(33),G,64,,318,285,Semaine Olympique Francaise De Voile 2023,3
,,,,470,DNC33,G,64,,318,285,Semaine Olympique Francaise De Voile 2023,4
,,,,470,DNC33,G,64,,318,285,Semaine Olympique Francaise De Voile 2023,5
,,,,470,DNC33,P,64,,318,285,Semaine Olympique Francaise De Voile 2023,6
,,,,470,DNC33,P,64,,318,285,Semaine Olympique Francaise De Voile 2023,7
,,,,470,DNC33,P,64,,318,285,Semaine Olympique Francaise De Voile 2023,8
,,,,470,DNC33,P,64,,318,285,Semaine Olympique Francaise De Voile 2023,9
,,,,470,DNC33,P,64,,318,285,Semaine Olympique Francaise De Voile 2023,10
