Posição,Nome Competidor,ID Competidor,Nacionalidade,1Q,2Q,3Q,4Q,5Q,6Q,7Q,8Q,9Q,10Q,11Q,12Q,13Q,14Q,15Q,16Q,17Q,18Q,19Q,20Q,MRQ,Total,Nett
1,HELENE NOESMOEN,1861,FRA,3.0,1.0,3.0,3.0,1.0,11.0,1.0,2.0,2.0,1.0,9.0,9.0,24.0,2.0,(49.0),11.0,7.0,9.0,13.0,3.0,1.0,164,77
1,"RUGGERO TITA, CATERINA BANTI",4241,,2.0,1.0,1.0,1.0,1.0,(8.0),2.0,1.0,2.0,2.0,1.0,1.0,1.0,1.0,4.0,-,-,-,-,-,-,29.0,21.0
1,"DIEGO BOTIN, FLORIAN TRITTEL PAUL",1123,,9.0,3.0,3.0,6.0,5.0,4.0,4.0,8.0,1.0,1.0,1.0,5.0,9.0,(12.0),1.0,-,8.0,-,-,-,-,80.0,68.0
1,"GOYARD, NICOLAS",1709,FRA,3.0,1.0,1.0,1.0,(7.0),(14.0),1.0,1.0,14.0,15.0,7.0,7.0,2.0,(78.0),5.0,(78.0),1.0,3.0,5.0,17.0,-,261,84
1,"MARTINE GRAEL, KAHENA KUNZE",3243,BRA,(10.0),3.0,2.0,3.0,2.0,8.0,9.0,3.0,1.0,3.0,10.0,2.0,1.0,6.0,16.0,-,-,-,-,-,-,79.0,69.0
2,"ODILE VAN AANHOLT, ANNETTE DUETZ",3777,NED,7.0,12.0,1.0,6.0,8.0,4.0,(16.0),1.0,3.0,2.0,4.0,5.0,9.0,1.0,12.0,-,-,-,-,-,-,91.0,75.0
2,"MICAH WILKINSON, ERICA DAWSON",3440,,1.0,3.0,(17.0),2.0,2.0,12.0,6.0,9.0,4.0,4.0,6.0,8.0,11.0,10.0,8.0,-,-,-,-,-,-,103.0,86.0
2,"BART LAMBRIEX, FLORIS VAN DE WERKEN",460,NED,2.0,3.0,1.0,4.0,1.0,9.0,2.0,7.0,11.0,3.0,15.0,4.0,6.0,3.0,(25.0),-,12.0,-,-,-,-,108.0,83.0
2,EMMA WILSON,1304,GBR,5.0,3.0,1.0,3.0,1.0,1.0,10.0,2.0,1.0,3.0,4.0,4.0,3.0,1.0,(49.0),2.0,21.0,7.0,7.0,1.0,2.0,129,44
2,"RENNA, NICOLO",4133,ITA,1.0,1.0,(35.0),3.0,(41.0),10.0,1.0,2.0,5.0,9.7,4.0,4.0,6.0,15.0,1.0,(29.0),5.0,1.0,11.0,(19.0),-,"203,7","79,7"
3,"SINEM KURTBAY, AKSELI KESKINEN",4506,,11.0,(17.0),6.0,4.0,5.0,17.0,12.0,3.0,8.0,3.0,3.0,5.0,4.0,6.0,6.0,-,-,-,-,-,-,110.0,93.0
3,MAJA DZIARNOWSKA,3018,POL,1.0,5.0,3.0,1.0,9.0,9.0,6.0,4.0,3.0,6.0,7.0,7.0,13.0,4.0,1.0,4.0,15.0,39.0,7.0,21.0,3.0,165,87
3,"VILMA BOBECK, REBECCA NETZLER",5050,SWE,6.0,1.0,4.0,1.0,2.0,8.0,1.0,5.0,1.0,(24.0),1.0,16.0,10.0,20.0,2.0,-,-,-,-,-,-,102.0,78.0
3,"VAN OPZEELAND, LUUC",4988,NED,1.0,1.0,1.0,1.0,(49.0),(9.0),9.0,1.0,2.0,(43.0),1.0,1.0,1.0,3.0,3.0,1.0,(41.0),3.0,1.0,1.0,-,173,31
3,"JAMES PETERS, FYNN STERRITT",2107,GBR,6.0,1.0,1.0,8.0,5.0,3.0,3.0,3.0,10.0,5.0,10.0,10.0,(21.0),7.0,8.0,-,4.0,-,-,-,-,105.0,84.0
4,"OMER, YOAV",3822,ISR,1.0,5.0,5.0,(9.0),2.0,4.0,3.0,(19.0),(48.0),(36.0),9.0,9.0,35.0,16.0,11.0,18.0,5.0,5.0,7.0,1.0,-,248,136
4,"GIANLUIGI UGOLINI, MARIA GIUBILEI",1661,,10.0,6.0,5.0,8.0,10.0,5.0,11.0,2.0,9.0,1.0,4.0,4.0,(12.0),11.0,10.0,-,-,-,-,-,-,108.0,96.0
4,"SIME FANTELA, MIHOVIL FANTELA",4491,,3.0,5.0,4.2,1.0,10.0,2.0,4.0,5.0,9.0,(26.0),16.0,11.0,8.0,9.0,3.0,-,10.0,-,-,-,-,126.2,100.2
4,"JANA GERMANI, GIORGIA BERTUZZI",2125,ITA,8.0,4.0,4.0,12.0,6.0,1.0,10.0,5.0,9.0,14.0,8.0,7.0,(21.0),19.0,4.0,-,-,-,-,-,-,132.0,111.0
4,ISLAY WATSON,2024,GBR,3.0,1.0,1.0,5.0,4.0,3.0,8.0,1.0,19.0,29.0,13.0,13.0,5.0,19.0,5.0,1.0,(49.0),(49.0),3.0,7.0,4.0,238,127
5,"JIM COLLEY, SHAUN CONNOR",2217,AUS,3.0,5.0,9.0,4.0,1.0,3.0,17.0,4.0,14.0,9.0,6.0,7.0,2.0,(19.0),4.0,-,14.0,-,-,-,-,121.0,102.0
5,SARA WENNEKES,4344,NED,19.0,7.0,7.0,21.0,5.0,10.0,3.0,4.0,5.0,12.0,16.0,16.0,8.0,24.0,4.0,10.0,37.0,7.0,11.0,43.0,5.0,269,149
5,"VITTORIO BISSARO, MAELLE FRASCARI",5061,,9.0,11.0,12.0,12.0,13.0,1.0,8.0,15.0,3.0,5.0,5.0,2.0,2.0,(16.0),2.0,-,-,-,-,-,-,116.0,100.0
5,"SILLS, SAMUEL",4480,GBR,3.0,(17.0),3.0,(9.0),8.0,3.0,4.0,6.0,13.0,4.0,8.0,8.0,9.0,(19.0),(39.0),3.0,11.0,3.0,5.0,19.0,-,194,110
5,"TAMARA ECHEGOYEN, PAULA BARCELO",4678,ESP,1.0,11.0,(36.0),5.0,6.0,19.0,3.0,10.0,4.0,4.0,25.0,12.0,6.0,5.0,6.0,-,-,-,-,-,-,153.0,117.0
6,"LUKASZ PRZYBYTEK, JACEK PIASECKI",2956,POL,9.0,10.0,5.0,2.0,6.0,6.0,5.0,7.0,5.0,10.0,3.0,(16.0),12.0,13.0,11.0,-,2.0,-,-,-,-,122.0,106.0
6,"JOHN GIMSON, ANNA BURNET",2277,,5.0,9.0,4.0,10.0,3.0,10.0,3.0,5.0,(17.0),7.0,9.0,16.0,5.0,3.0,12.0,-,-,-,-,-,-,118.0,101.0
6,"MESTRE, ADRIEN",3435,FRA,(41.0),9.0,11.0,3.0,8.0,(17.0),5.0,3.0,16.0,8.0,3.0,3.0,7.0,7.0,(30.0),26.0,9.0,25.0,7.0,(41.0),-,279,150
6,MARTA MAGGETTI,3215,ITA,9.0,(49.0),13.0,17.0,14.0,7.0,5.0,12.0,9.0,2.0,6.0,6.0,18.0,3.0,2.0,21.0,17.0,35.0,21.0,33.0,6.0,299,165
6,"STEPHANIE ROBLE, MAGGIE SHEA",4604,USA,2.0,6.0,2.0,3.0,5.0,3.0,4.0,13.0,15.0,16.0,11.0,6.0,(18.0),17.0,18.0,-,-,-,-,-,-,139.0,121.0
7, AGUILAR CHAVEZ PEON,1,,9.0,11.0,13.0,13.0,2.0,5.0,15.0,5.0,10.0,39.0,3.0,3.0,2.0,12.0,8.0,20.0,27.0,1.0,9.0,21.0,7.0,228,134
7,"PAUL KOHLHOFF, ALICA STUHLEMMER",3909,,7.0,10.0,9.0,5.0,9.0,2.0,1.0,6.0,7.0,6.0,2.0,6.0,13.0,(18.0),18.0,-,-,-,-,-,-,119.0,101.0
7,"TAK, HUIG JAN",4664,NED,1.0,7.0,1.0,13.0,(28.0),12.0,(16.0),13.0,27.0,(45.0),2.0,2.0,(43.0),4.0,8.0,7.0,41.0,5.0,11.0,3.0,-,289,157
7,"ALEXANDRA TEN HOVE, MARIAH MILLEN",133,CAN,(36.0),3.0,12.0,13.0,15.0,14.0,9.0,7.0,9.0,6.0,5.0,3.0,13.0,9.0,10.0,-,-,-,-,-,-,164.0,128.0
7,"FREDERIK RASK, JAKOB PRECHT JENSEN",1559,DEN,2.0,5.0,8.0,1.0,7.0,8.0,6.0,1.0,4.0,14.0,9.0,6.0,10.0,(21.0),5.0,-,20.0,-,-,-,-,127.0,106.0
8,PILAR LAMADRID TRUEBA,4029,ESP,1.0,13.0,1.0,1.0,2.0,6.0,8.0,5.0,6.0,5.0,24.0,24.0,1.0,(49.0),19.0,16.0,15.0,(49.0),1.0,15.0,8.0,261,142
8,"EMIL JARUDD, HANNA JONSSON",1280,,(21.0),7.0,16.0,6.0,6.0,3.0,5.0,4.0,1.0,9.0,10.0,10.0,18.0,2.0,16.0,-,-,-,-,-,-,134.0,113.0
8,"BROWN, ANDREW",666,GBR,(11.0),3.0,3.0,1.0,5.0,(53.0),2.0,6.0,17.0,5.0,17.0,17.0,17.0,8.0,(21.0),(60.0),7.0,3.0,17.0,9.0,-,282,137
8,"JOHANNE SCHMIDT, ANDREA SCHMIDT",2268,DEN,3.0,2.0,3.0,1.0,12.0,3.0,(26.0),20.0,12.0,12.0,13.0,14.0,26.0,3.0,8.0,-,-,-,-,-,-,158.0,132.0
8,"BENJAMIN BILDSTEIN, DAVID HUSSL",507,AUT,3.0,13.0,6.0,4.0,6.0,7.0,1.0,13.0,14.0,2.0,(18.0),9.0,14.0,2.0,14.0,-,6.0,-,-,-,-,132.0,114.0
9,"LAILA VAN DER MEER, BJARNE BOUWER",2665,,4.0,2.0,2.0,(16.0),15.0,11.0,9.0,7.0,11.0,13.0,15.0,14.0,7.0,5.0,20.0,-,-,-,-,-,-,151.0,135.0
9,"LE COQ , PIERRE",2718,FRA,11.0,9.0,9.0,9.0,(78.0),12.0,6.0,(78.0),(41.0),24.0,12.0,12.0,8.0,2.0,7.0,(25.0),23.0,1.0,1.0,11.0,-,379,157
9,"RONJA GRONBLOM, VEERA HOKKA",4216,FIN,(24.0),11.0,11.0,9.0,10.0,9.0,13.1,15.0,16.0,1.0,3.0,1.0,4.0,10.0,20.0,-,-,-,-,-,-,157.1,133.1
9,"THOMAS NEEDHAM, JOEL TURNER",4773,,11.0,7.0,2.0,3.0,14.0,3.0,3.0,4.0,10.0,7.0,7.0,14.0,3.0,11.0,(23.0),-,16.0,-,-,-,-,138.0,115.0
9,DANIELA PELEG,1036,ISR,5.0,9.0,11.0,21.0,7.0,1.0,13.0,6.0,21.0,37.0,12.0,12.0,4.0,7.0,3.0,5.0,35.0,11.0,23.0,19.0,9.0,262,156
10,"ISAAC , MCHARDIE, WILLIAM , MCKENZIE",2003,,2.0,9.0,5.0,2.0,3.0,4.0,1.0,9.0,8.0,13.0,12.0,(21.0),17.0,1.0,16.0,-,18.0,-,-,-,-,141.0,120.0
10,"ALEXANDRA MALONEY, OLIVIA HOBBS",131,,3.0,(25.0),13.0,21.0,3.0,4.0,2.0,4.0,7.0,7.0,12.0,18.0,23.0,8.0,14.0,-,-,-,-,-,-,164.0,139.0
10,SHAHAR TIBI,4444,ISR,7.0,3.0,3.0,1.0,3.0,4.0,12.0,8.0,(49.0),27.0,1.0,1.0,11.0,5.0,38.0,18.0,1.0,5.0,45.0,39.0,10.0,281,167
10,"BOURGEOIS, CLEMENT",637,FRA,(41.0),1.0,1.0,1.0,4.0,(19.0),10.0,4.0,6.0,1.0,(44.0),(44.0),16.0,5.0,34.0,31.0,7.0,9.0,7.0,7.0,-,292,144
10,"JASON WATERHOUSE, LISA DARMANIN",2150,,15.0,13.0,10.0,14.0,7.0,4.0,4.0,8.0,13.0,12.0,7.0,11.0,6.0,(20.0),14.0,-,-,-,-,-,-,158.0,138.0
11,NICOLE VAN DER VELDEN,3686,,3.0,17.0,5.0,9.0,8.0,3.0,3.0,6.0,30.0,9.0,2.0,2.0,38.0,6.0,35.0,7.0,19.0,15.0,27.0,23.0,-,267,168
11,"DI TOMASSI, LUCA",1111,ITA,1.0,(31.0),3.0,11.0,(18.0),14.0,5.0,4.0,8.0,23.0,6.0,6.0,19.0,17.0,(44.0),28.0,3.0,(33.0),13.0,1.0,-,288,162
11,"ANDREW MOLLERUS, IAN MACDIARMID",260,USA,5.0,6.0,3.0,9.0,4.0,11.0,10.0,12.0,3.0,8.0,(21.0),12.0,16.0,5.0,6.0,-,-,-,-,-,-,131.0,110.0
11,"ALEXANDRA STALDER, SILVIA SPERI",132,,15.0,12.0,9.0,10.0,8.0,1.0,(21.0),15.0,2.0,21.0,7.0,10.0,2.0,15.0,-,-,-,-,-,-,-,148.0,127.0
11,"MATEO MAJDALANI, EUGENIA BOSCO",3269,,6.0,5.0,20.0,9.0,4.0,13.0,(34.0),11.0,14.0,17.0,16.0,3.0,9.0,4.0,-,-,-,-,-,-,-,165.0,131.0
12,"IDA SVENSSON, MARCUS DACKHAMMAR",1966,,19.0,12.0,14.0,(34.0),8.0,6.0,10.0,13.0,12.0,11.0,8.0,9.0,3.0,7.0,-,-,-,-,-,-,-,166.0,132.0
12,"SARAH STEYAERT, CHARLINE PICON",4356,FRA,2.0,5.0,20.0,4.0,3.0,16.0,1.0,1.0,15.0,13.0,17.0,11.0,(22.0),22.0,-,-,-,-,-,-,-,152.0,130.0
12,"REUVENY, TOM",4136,ISR,7.0,9.0,3.0,(41.0),3.0,1.0,27.33,(78.0),1.0,33.0,20.0,20.0,(55.0),11.0,10.0,(53.0),3.0,17.0,5.0,5.0,-,"402,33","175,33"
12,VEERLE TEN HAVE,5003,NZL,25.0,(49.0),9.0,7.0,3.0,4.0,2.0,8.0,11.0,28.0,8.0,8.0,23.0,32.0,15.0,3.0,(49.0),5.0,21.0,13.0,-,323,168
12,"CHRIS TAYLOR, RHOS HAWES",866,,14.0,4.0,7.0,2.0,5.0,7.0,5.0,10.0,5.0,16.0,(24.0),14.0,1.0,17.0,7.0,-,-,-,-,-,-,138.0,114.0
13,"MEGAN BRICKWOOD, STEPHANIE ORTON",3406,,4.0,9.0,10.0,14.0,7.0,18.0,4.0,12.0,(19.0),8.0,15.0,9.0,14.0,14.0,-,-,-,-,-,-,-,157.0,138.0
13,"LUCAS RUAL, EMILE AMOROS",2911,FRA,8.0,2.0,20.0,1.0,4.0,(23.0),9.0,2.0,7.0,23.0,2.0,3.0,5.0,16.0,18.0,-,-,-,-,-,-,143.0,120.0
13,DELPHINE COUSIN,1084,FRA,17.0,1.0,17.0,(49.0),10.0,15.0,5.0,9.0,4.0,40.0,18.0,18.0,27.0,11.0,14.0,44.0,3.0,33.0,9.0,5.0,-,349,199
13,"WOLF , FABIAN",5158,GER,1.0,5.0,3.0,3.0,6.0,(34.0),(20.0),8.0,19.0,3.0,25.0,25.0,(61.0),27.0,(78.0),6.0,5.0,9.0,11.0,21.0,-,370,177
13,"SANTIAGO LANGE, VICTORIA TRAVASCIO",4329,,8.0,4.0,7.0,11.0,14.0,9.0,17.0,14.0,20.0,(34.0),12.0,15.0,15.0,19.0,-,-,-,-,-,-,-,199.0,165.0
14,"ERWAN FISCHER, CLEMENT PEQUIN",1351,FRA,7.0,3.0,(32.0),7.0,6.0,5.0,1.0,22.0,6.0,6.0,26.0,1.0,11.0,10.0,13.0,-,-,-,-,-,-,156.0,124.0
14,"BARTON, MATTHEW",465,GBR,(11.0),5.0,9.0,9.0,9.0,7.0,(28.0),7.0,32.0,2.0,5.0,5.0,4.0,28.0,20.0,(78.0),29.0,(41.0),3.0,5.0,-,337,179
14,"NATACHA VIOLET SAOUM, A-PEDERSEN, MATHIAS BRUUN BORRESKOV",3609,,17.0,14.0,18.0,3.0,16.0,7.0,13.0,18.0,19.0,19.0,(20.0),17.0,8.0,9.0,-,-,-,-,-,-,-,198.0,178.0
14,PALMA CARGO,3864,CRO,9.0,5.0,7.0,9.0,4.0,5.0,1.0,3.0,27.0,10.0,32.0,32.0,6.0,17.0,32.0,8.0,13.0,(49.0),1.0,29.0,-,299,200
14,"PATRICIA SUAREZ, MARIA CANTERO IZQUIERDO",3892,,15.0,17.0,7.0,8.0,5.0,16.0,7.0,2.0,(24.0),22.0,6.0,22.0,11.0,2.0,-,-,-,-,-,-,-,164.0,140.0
15,"TESS LLOYD, DERVLA DUGGAN",4722,,12.0,17.0,5.0,12.0,9.0,7.0,(18.0),8.0,13.0,11.0,14.0,13.0,7.0,12.0,-,-,-,-,-,-,-,158.0,140.0
15,"YANNICK LEFEBVRE, TOM PELSMAEKERS",5213,BEL,4.0,13.0,8.0,3.0,2.0,8.0,18.0,6.0,2.0,15.0,(22.0),20.0,15.0,6.0,9.0,-,-,-,-,-,-,151.0,129.0
15,"JAKE LIDDELL, LUCY COPELAND",2073,,14.0,(23.0),23.0,13.0,12.0,18.0,15.0,17.0,6.0,8.0,13.0,19.0,17.0,14.0,-,-,-,-,-,-,-,212.0,189.0
15,LILIAN DE GEUS,2801,NED,5.0,3.0,15.0,7.0,6.0,8.0,7.0,7.0,26.0,43.0,17.0,17.0,12.0,9.0,7.0,28.0,11.0,41.0,35.0,3.0,-,307,200
15,"FURMANSKI, RADOSLAW",1581,POL,3.0,(23.0),5.0,3.0,19.0,(27.0),18.0,7.0,10.0,6.0,(50.0),(50.0),21.0,29.0,14.0,27.0,3.0,15.0,5.0,3.0,-,338,188
16,LUCIE BELBEOCH,2918,FRA,7.0,7.0,5.0,7.0,6.0,10.0,2.0,27.0,20.0,17.0,21.0,21.0,26.0,15.0,9.0,17.0,(49.0),3.0,23.0,25.0,-,317,205
16,"TIM FISCHER, FABIAN RIEGER",4810,,12.0,1.0,1.0,6.0,3.0,14.0,11.0,8.0,6.0,20.0,8.0,15.0,7.0,(22.0),17.0,-,-,-,-,-,-,151.0,129.0
16,"ARNOUX, TOM",375,FRA,3.0,3.0,3.0,3.0,(59.0),(33.0),11.0,12.0,22.7,(78.0),24.0,24.0,18.0,6.0,6.0,2.0,(41.0),13.0,7.0,41.0,-,"409,7","198,7"
16,"SARAH NEWBERRY, DAVID LIEBENBERG",4352,,12.0,19.0,3.0,19.0,18.0,14.0,16.0,12.0,(34.0),14.0,24.0,13.0,19.0,8.0,-,-,-,-,-,-,-,225.0,191.0
16,"LARA GRANIER, AMELIE RIOU",2679,FRA,5.0,(36.0),15.0,8.0,16.0,15.0,2.0,9.0,5.0,18.0,16.0,21.0,3.0,11.0,-,-,-,-,-,-,-,180.0,144.0
17,"PIM VAN VUGT, SCIPIO HOUTMAN",4033,,6.0,8.0,3.0,11.0,7.0,10.0,8.0,5.0,1.0,19.0,20.0,18.0,4.0,(23.0),12.0,-,-,-,-,-,-,155.0,132.0
17,"JO ALEH, MOLLY MEECH",2227,NZL,8.0,19.0,5.0,2.0,1.0,13.0,5.0,12.0,(26.0),5.0,18.0,25.0,8.0,23.0,-,-,-,-,-,-,-,170.0,144.0
17,"BENEDETTI , DANIELE",500,ITA,(19.0),5.0,5.0,7.0,11.0,(21.0),15.66,15.0,9.0,20.0,10.0,10.0,31.0,31.0,(64.0),(55.0),1.0,5.0,17.0,15.0,-,"366,66","207,66"
17,MARIA BAZO GERMAN,3110,,23.0,(49.0),3.0,13.0,15.0,19.0,9.0,(49.0),12.0,16.0,13.0,13.0,45.0,16.0,6.0,9.0,25.0,(49.0),13.0,11.0,-,408,216
17,"BILLY BESSON, NOA ANCIAN",575,,(31.0),18.0,8.0,7.0,17.0,20.0,24.0,26.0,5.0,10.0,22.0,7.0,14.0,28.0,-,-,-,-,-,-,-,237.0,206.0
18,"IORDANIS PASCHALIDIS, MYRTO PAPADOPOULOU",1999,,18.0,20.0,15.0,(34.0),11.0,26.0,20.0,10.0,22.0,22.0,18.0,23.0,23.0,12.0,-,-,-,-,-,-,-,274.0,240.0
18,"JOSHUA RICHNER, NILO SCHARER",2350,SUI,9.0,14.0,6.0,7.0,9.0,14.0,3.0,2.0,2.0,4.0,13.0,(23.0),20.0,14.0,15.0,-,-,-,-,-,-,155.0,132.0
18,"TARNOWSKI, PAWEL",4695,POL,1.0,(21.0),7.0,13.0,10.0,(25.0),7.0,2.0,23.0,38.0,(61.0),(61.0),3.0,10.0,35.0,5.0,41.0,1.0,9.0,9.0,-,382,214
18,GIORGIA SPECIALE,1674,ITA,17.0,15.0,11.0,11.0,9.0,27.0,4.0,14.0,24.0,20.0,10.0,10.0,7.0,26.0,29.0,14.0,9.0,13.0,19.0,39.0,-,328,216
18,"PIA DAHL ANDERSEN, NORA EDLAND",4012,NOR,13.0,5.0,10.0,4.0,16.0,20.0,5.0,22.0,16.0,10.0,2.0,(24.0),17.0,7.0,-,-,-,-,-,-,-,171.0,147.0
19,"LAURA FARESE, MATTHAUS ZOCHLING",2699,,16.0,27.0,25.0,21.0,19.0,16.0,7.0,22.0,(34.0),18.0,11.0,12.0,25.0,25.0,-,-,-,-,-,-,-,278.0,244.0
19,"TITOUAN, LE BOSQ",4839,FRA,(17.0),(35.0),7.0,1.0,1.0,2.0,7.0,5.0,3.0,16.0,(58.0),(58.0),20.0,45.0,25.0,13.0,41.0,1.0,9.0,21.0,-,385,217
19,"NEVIN SNOW, MAXIMILIANO AGNESE",3640,,10.0,(26.0),14.0,5.0,3.0,7.0,6.0,2.0,2.0,12.0,4.0,26.0,18.0,4.0,22.0,-,-,-,-,-,-,161.0,135.0
19,"MARIA SOL BRANZ, CECILIA CARRANZA SAROLI",3132,,10.0,16.0,9.0,13.0,11.0,2.0,6.0,11.0,24.0,(25.0),24.0,4.0,5.0,16.0,-,-,-,-,-,-,-,176.0,151.0
19,LOLA SORIN,2866,FRA,11.0,5.0,(49.0),7.0,8.0,15.0,10.0,17.0,14.0,31.0,11.0,11.0,10.0,37.0,27.0,26.0,3.0,(49.0),25.0,11.0,-,377,225
20,"BRIN LIDDELL, RHIANNAN BROWN",658,,26.0,16.0,19.0,25.0,26.0,22.0,14.0,19.0,10.0,21.0,21.0,(28.0),16.0,21.0,-,-,-,-,-,-,-,284.0,256.0
20,"KOERDEL, SEBASTIAN",2601,GER,(41.0),1.0,1.0,1.0,15.0,(22.0),17.0,21.0,(60.0),44.0,(45.0),45.0,5.0,1.0,13.0,14.0,1.0,5.0,3.0,33.0,-,388,220
20,"DOMINIK BUKSAK, SZYMON WIERZBICKI",1157,POL,5.0,10.0,(32.0),7.0,2.0,5.0,16.0,4.0,11.0,11.0,5.0,8.0,19.0,18.0,19.0,-,-,-,-,-,-,172.0,140.0
20,"ALEKSANDRA MELZACKA, SANDRA JANKOWIAK",97,POL,1.0,4.0,8.0,17.0,14.0,5.0,16.0,(23.0),17.0,19.0,9.0,23.0,19.0,4.0,-,-,-,-,-,-,-,179.0,156.0
20,SHARON KANTOR,4449,ISR,13.0,(49.0),15.0,13.0,7.0,2.0,4.0,7.0,7.0,7.0,19.0,19.0,25.0,38.0,12.0,13.0,25.0,37.0,31.0,45.0,-,388,241
21,"LOGAN DUNNING BECK, OSCAR GUNN",2860,,12.0,1.0,8.0,3.0,1.0,6.0,16.0,6.0,19.0,(26.0),17.0,2.0,23.0,26.0,2.0,-,-,-,-,-,-,168.0,142.0
21,"LAURA HARDING, ANNIE WILMOT",2700,AUS,20.0,2.0,3.0,22.0,11.0,2.0,(26.0),4.0,6.0,20.0,22.0,8.0,12.0,25.0,-,-,-,-,-,-,-,183.0,157.0
21,SHAHAR RESHEF,4443,,11.0,1.0,1.0,1.0,19.0,12.0,30.0,9.0,(49.0),24.0,22.0,22.0,9.0,13.0,37.0,46.0,39.0,3.0,5.0,43.0,-,396,252
21,"MARGHERITA PORRO, STEFANO DEZULIAN",3107,,22.0,(30.0),11.0,26.0,20.0,21.0,22.0,24.0,15.0,26.0,26.0,20.0,27.0,15.0,-,-,-,-,-,-,-,305.0,275.0
21,"SOE, JOHAN",4521,DEN,5.0,21.0,13.0,(41.0),(27.0),4.0,12.0,9.0,(31.0),18.0,16.0,16.0,26.0,14.0,22.0,15.0,19.0,11.0,1.0,(41.0),-,362,222
22,MAJA KUCHTA,3019,,23.0,25.0,21.0,17.0,12.0,7.0,15.0,10.0,28.0,8.0,31.0,31.0,15.0,8.0,21.0,6.0,45.0,21.0,15.0,17.0,-,376,252
22,"GEORGIA LEWI, N-LAFRANCE, ANTONIA LEWIN-LAFRANCE",1639,,6.0,19.0,(25.0),19.0,1.0,21.0,13.0,3.0,7.0,9.0,19.0,20.0,15.0,13.0,-,-,-,-,-,-,-,190.0,165.0
22,"ARCHIE GARGETT, SARAH HOFFMAN",354,,20.0,28.0,(31.0),20.0,27.0,27.0,25.0,16.0,18.0,24.0,19.0,18.0,10.0,26.0,-,-,-,-,-,-,-,309.0,278.0
22,"MIKOLAJ STANIUL, KUBA SZTORCH",3488,,18.0,11.0,5.0,10.0,7.0,1.0,7.0,3.0,14.0,18.0,11.0,17.0,13.0,8.0,(21.0),-,-,-,-,-,-,164.0,143.0
22,"CASTELEIN, MAX",778,NED,7.0,(41.0),5.0,7.0,5.0,6.0,(78.0),10.0,(57.0),(52.0),15.0,15.0,15.0,12.0,28.0,24.0,15.0,41.0,15.0,11.0,-,459,231
23,"ANNE-JULIE SCHUTT, IBEN NIELSBY",316,,7.0,14.0,13.0,5.0,13.0,11.0,18.0,13.0,10.0,(23.0),21.0,15.0,20.0,18.0,-,-,-,-,-,-,-,201.0,178.0
23,"MARGAUX BILLY, THILBAULT JULIEN",3105,,(29.0),25.0,28.0,18.0,21.0,29.0,23.0,27.0,23.0,20.0,14.0,27.0,20.0,13.0,-,-,-,-,-,-,-,317.0,288.0
23,"SIMONE FERRARESE, LEONARDO CHISTE",4500,ITA,7.0,9.0,4.0,8.0,13.0,2.0,7.0,16.0,7.0,17.0,19.0,13.0,22.0,15.0,(24.0),-,-,-,-,-,-,183.0,159.0
23,SASKIA SILLS,4364,,3.0,5.0,5.0,15.0,11.0,6.0,6.0,3.0,8.0,4.0,5.0,5.0,40.0,20.0,(49.0),39.0,11.0,(49.0),49.0,49.0,-,382,258
23,"VARDIMON, TOMER",4993,ISR,11.0,5.0,(15.0),11.0,12.0,9.0,(23.0),11.0,(54.0),12.0,13.0,13.0,(65.0),18.0,40.0,34.0,19.0,11.0,13.0,9.0,-,398,241
24,"BADLOE, KIRAN",433,NED,3.0,3.0,1.0,(41.0),(30.0),5.0,3.0,3.0,21.0,25.0,39.0,39.0,13.0,9.0,(78.0),11.0,(41.0),27.0,35.0,5.0,-,432,242
24,"FREYA BLACK, SASKIA TIDEY",1569,GBR,5.0,21.0,1.0,7.0,17.0,7.0,7.0,21.0,17.0,17.0,23.0,19.0,(24.0),21.0,-,-,-,-,-,-,-,207.0,183.0
24,CATRIN WILLIAMS,789,,33.0,9.0,5.0,(49.0),5.0,8.0,16.0,1.0,44.0,26.0,14.0,14.0,42.0,(49.0),34.0,12.0,27.0,27.0,29.0,9.0,-,453,278
24,"JACK FERGUSON, MAX PAUL",2042,,5.0,6.0,18.0,10.0,9.0,1.0,8.0,1.0,9.0,21.0,23.0,19.0,(26.0),24.0,20.0,-,-,-,-,-,-,200.0,174.0
24,"SHIBUKI IITSUKA, NISHIDA CAPIGLIA OURA",4457,,23.0,15.0,22.0,15.0,25.0,15.0,18.0,21.0,(34.0),34.0,34.0,30.0,22.0,17.0,-,-,-,-,-,-,-,325.0,291.0
25,"INGA-MARIE HOFMANN, CATHERINE BARTELHEIMER",1991,GER,11.0,15.0,6.0,11.0,9.0,13.0,(36.0),19.0,11.0,15.0,20.0,17.0,16.0,24.0,-,-,-,-,-,-,-,223.0,187.0
25,"TITOUAN PETARD, CHLOE SALOU",4838,,25.0,22.0,26.0,23.0,22.0,19.0,19.0,29.0,16.0,15.0,17.0,29.0,(34.0),34.0,-,-,-,-,-,-,-,330.0,296.0
25,ANDREA TORRES,236,,25.0,29.0,19.0,15.0,15.0,11.0,19.0,15.0,18.0,23.0,15.0,15.0,43.0,27.0,43.0,42.0,33.0,1.0,5.0,7.0,-,420,280
25,"MARCO ANESSI PE, EDOARDO GAMBA",3081,,8.0,14.0,(27.0),5.0,12.0,1.0,13.0,10.0,6.0,22.0,14.0,22.0,26.0,20.0,10.0,-,-,-,-,-,-,210.0,183.0
25,"JASIUNAS, RYTIS",2146,LTU,7.0,15.0,13.0,(41.0),1.0,5.0,19.0,(32.0),(46.0),9.0,11.0,11.0,10.0,20.0,38.0,(45.0),17.0,29.0,9.0,41.0,-,419,255
26,"TOM BURTON, SIMON HOFFMAN",4857,,(28.0),7.0,11.0,14.0,4.0,10.0,14.0,5.0,13.0,21.0,1.0,3.0,1.0,1.0,7.0,11.0,-,-,-,-,-,151.0,123.0
26,"RUBEN BOOTH, RITA BOOTH FERRANDO",4235,,13.0,(29.0),29.0,17.0,29.0,28.0,27.0,25.0,27.0,16.0,23.0,22.0,21.0,23.0,-,-,-,-,-,-,-,329.0,300.0
26,"ISAURA MAENHAUT, ANOUK GEURTS",2021,BEL,14.0,8.0,16.0,18.0,(22.0),5.0,19.0,2.0,20.0,2.0,2.0,1.0,1.0,5.0,-,-,-,-,-,-,-,135.0,113.0
26,"RUTKOWSKI, MACIEK",4254,POL,5.0,17.0,7.0,(41.0),22.0,(24.0),17.0,23.0,4.0,22.0,(41.0),41.0,14.0,(78.0),17.0,12.0,1.0,17.0,3.0,41.0,-,447,263
26,ALEKSANDRA BLINNIKKA,95,FIN,1.0,11.0,15.0,21.0,14.0,21.0,14.0,14.0,23.0,36.0,30.0,30.0,30.0,36.0,13.0,29.0,5.0,17.0,37.0,9.0,-,406,291
27,MANON PIANAZZA,3059,FRA,9.0,17.0,23.0,23.0,18.0,22.0,11.0,19.0,25.0,11.0,38.0,38.0,20.0,23.0,30.0,23.0,7.0,9.0,43.0,15.0,-,424,297
27,"ARIANNA PASSAMONTI, GIULIA FAVA",359,,17.0,13.0,21.0,(24.0),13.0,11.0,3.0,24.0,2.0,4.0,14.0,4.0,3.0,3.0,-,-,-,-,-,-,-,156.0,132.0
27,"ROBERT DICKSON, SEAN WADDILOVE",4168,IRL,(32.0),11.0,13.0,32.0,2.0,5.0,5.0,14.0,3.0,1.0,2.0,2.0,21.0,3.0,5.0,9.0,-,-,-,-,-,160.0,128.0
27,"CARSON CRAIN, CAROLINE ATWOOD",766,,(32.0),24.0,21.0,22.0,23.0,23.0,26.0,20.0,28.0,28.0,25.0,24.0,29.0,27.0,-,-,-,-,-,-,-,352.0,320.0
27,"HOEKSTRA, SIL",1908,NED,11.0,(21.0),7.0,19.0,13.0,13.0,(29.0),15.0,35.0,7.0,31.0,31.0,(68.0),(38.0),33.0,17.0,25.0,11.0,15.0,7.0,-,446,290
28,"JUSTIN LIU, DENISE LIM",2432,,24.0,26.0,27.0,24.0,24.0,25.0,21.0,28.0,21.0,23.0,(29.0),26.0,24.0,29.0,-,-,-,-,-,-,-,351.0,322.0
28,MAYA MORRIS,3391,ISR,7.0,11.0,9.0,3.0,16.0,2.0,16.0,16.0,35.0,22.0,35.0,35.0,28.0,34.0,41.0,22.0,5.0,15.0,31.0,25.0,-,408,300
28,"BLOODWORTH, HENRY",595,GBR,13.0,13.0,5.0,5.0,26.0,18.0,(51.0),(49.0),36.0,(58.0),32.0,32.0,41.0,(42.0),12.0,19.0,7.0,9.0,27.0,7.0,-,502,302
28,"IAN BARROWS, HANS HENKEN",1956,USA,1.0,8.0,9.0,5.0,12.0,12.0,32.0,1.0,32.0,(35.0),6.0,1.0,4.0,2.0,2.0,6.0,-,-,-,-,-,168.0,133.0
28,"MARU SCHEEL, FREYA FEILCKE",3257,GER,9.0,8.0,19.0,15.0,4.0,6.0,15.0,(26.0),21.0,4.0,1.0,8.0,10.0,13.0,-,-,-,-,-,-,-,159.0,133.0
29,"UBERTO CRIVELLI VISCONTI, GIULIO CALABRO",4930,ITA,6.0,8.0,10.0,11.0,11.0,11.0,9.0,3.0,15.0,11.0,13.0,4.0,11.0,14.0,17.0,(30.0),-,-,-,-,-,184.0,154.0
29,"HAWKINS, FINN",1831,GBR,3.0,13.0,(21.0),(41.0),16.0,19.0,6.0,14.0,(66.0),31.0,27.0,27.0,(71.0),44.0,44.2,44.2,15.0,7.0,1.0,1.0,-,"511,4","312,4"
29,"ALICAN KAYNAR, BESTE KAYNAKCI",149,,28.0,21.0,30.0,28.0,28.0,30.0,(31.0),23.0,24.0,25.0,27.0,21.0,28.0,24.0,-,-,-,-,-,-,-,368.0,337.0
29,KWAN CHING MA,2656,HKG,33.0,19.0,19.0,17.0,21.0,17.0,13.0,16.0,29.0,13.0,40.0,40.0,17.0,35.0,11.0,33.0,9.0,13.0,17.0,33.0,-,445,311
29,"JOSEFINE NOJGAARD, ESTHER BOJSEN-MOLLER",2333,,9.0,(31.0),15.0,20.0,19.0,10.0,12.0,16.0,10.0,1.0,3.0,13.0,18.0,1.0,-,-,-,-,-,-,-,178.0,147.0
30,MARION COUTURIER,3172,,15.0,(49.0),(49.0),9.0,25.0,13.0,7.0,11.0,16.0,15.0,34.0,34.0,29.0,18.0,22.0,19.0,23.0,(49.0),39.0,27.0,-,503,317
30,"NICK ROBINS, DANIEL BUDDEN",3651,,14.0,4.0,12.0,12.0,8.0,22.0,10.0,(26.0),19.0,9.0,7.0,7.0,16.0,4.0,10.0,1.0,-,-,-,-,-,181.0,155.0
30,"CARLOTTA OMARI, SVEVA CARRARO",753,,16.0,18.0,7.0,(36.0),20.0,23.0,17.0,17.0,4.0,7.0,4.0,10.0,22.0,10.0,-,-,-,-,-,-,-,211.0,175.0
30,"ISET SEGURA, MARCOS FERNANDEZ FUERTES",2022,,27.0,33.0,24.0,27.0,30.0,24.0,28.0,31.0,26.0,(34.0),28.0,25.0,26.0,22.0,-,-,-,-,-,-,-,385.0,351.0
30,"VINK, JOOST",5053,NED,13.0,(19.0),17.0,5.0,16.0,11.0,(21.0),12.0,29.0,(48.0),26.0,26.0,30.0,34.0,27.0,(36.0),21.0,21.0,13.0,13.0,-,438,314
31,"LUKAS HABERL, TANJA FRANK",2945,,3.0,8.0,13.0,(34.0),34.0,34.0,34.0,34.0,34.0,34.0,34.0,34.0,34.0,34.0,-,-,-,-,-,-,-,398.0,364.0
31,"SOFIA GIUNCHIGLIA, GIULIA SCHIO",4526,ITA,19.0,20.0,27.0,16.0,15.0,12.0,12.0,(32.0),18.0,6.0,11.0,11.0,5.0,4.0,-,-,-,-,-,-,-,208.0,176.0
31,"ANDRES BARRIO, ANTONIO TORRADO MARTINEZ",249,,11.0,15.0,6.0,10.0,9.0,4.0,14.0,15.0,3.0,5.0,(22.0),12.0,3.0,10.0,22.0,21.0,-,-,-,-,-,182.0,160.0
31,KATERINA SVIKOVA,2503,CZE,15.0,19.0,7.0,33.0,16.0,31.0,17.0,20.0,41.0,14.0,23.0,23.0,22.0,39.0,17.0,37.0,21.0,11.0,27.0,29.0,-,462,318
31,"KAMIL, MANOWIECKI",2461,POL,9.0,9.0,15.0,5.0,6.0,23.0,(25.0),(34.0),20.0,53.0,(63.0),(63.0),34.0,37.0,15.0,33.0,13.0,15.0,23.0,13.0,-,508,323
32,"ZOE ROOSEN, NICOLAS TOSI",5285,,30.0,31.0,32.0,29.0,31.0,31.0,30.0,32.0,29.0,27.0,30.0,31.0,(34.0),34.0,-,-,-,-,-,-,-,431.0,397.0
32,"OLIVIA PRICE, EVIE HASELDINE",3813,AUS,21.0,14.0,17.0,10.0,(30.0),22.0,6.0,17.0,8.0,25.0,7.0,2.0,14.0,14.0,-,-,-,-,-,-,-,207.0,177.0
32,BARBORA SVIKOVA,449,CZE,15.0,15.0,35.0,11.0,13.0,12.0,27.0,22.0,42.0,19.0,29.0,29.0,16.0,30.0,31.0,41.0,43.0,17.0,15.0,17.0,-,479,332
32,"LEO TAKAHASHI, TIM MORISHIMA",2753,,(21.0),2.0,2.0,6.0,14.0,16.0,13.0,17.0,13.0,8.0,10.0,8.0,19.0,12.0,8.0,13.0,-,-,-,-,-,182.0,161.0
32,"COLOMBO , ELIA",935,SUI,3.0,1.0,(41.0),9.0,21.0,23.0,14.0,(27.0),37.0,50.0,14.0,14.0,56.0,(78.0),(78.0),10.0,27.0,23.0,19.0,5.0,-,550,326
33,"SEAFRA GUILFOYLE, JOHNNY DURCAN",4399,IRL,1.0,14.0,11.0,18.0,18.0,17.0,18.0,12.0,5.0,2.0,16.0,13.0,14.0,(19.0),3.0,3.0,-,-,-,-,-,184.0,165.0
33,"ALICIA FRAS, ELENA BARRIO GARCIA",158,,23.0,27.0,6.0,6.0,22.0,10.0,17.0,6.0,6.0,17.0,21.0,6.0,(28.0),22.0,-,-,-,-,-,-,-,217.0,189.0
33,"ESTELA JENTSCH STEIMER, PAUL OPOLONY",1356,,(34.0),32.0,34.0,34.0,34.0,34.0,29.0,30.0,25.0,34.0,34.0,34.0,34.0,34.0,-,-,-,-,-,-,-,456.0,422.0
33,NAAMA GAZIT,3587,,19.0,19.0,11.0,13.0,11.0,14.0,22.0,18.0,39.0,30.0,36.0,36.0,39.0,14.0,20.0,27.0,13.0,23.0,17.0,35.0,-,456,337
33,"WESTERA, ETHAN",5117,ARU,(25.0),11.0,13.0,17.0,14.0,7.0,8.0,(78.0),11.0,10.0,(56.0),(56.0),11.0,50.0,18.0,30.0,41.0,7.0,41.0,41.0,-,545,330
34,"MCMILLAN, WILL",3403,AUS,41.0,11.0,17.0,23.0,(43.0),(73.0),20.0,8.0,43.0,37.0,29.0,29.0,(67.0),(65.0),2.0,16.0,27.0,7.0,3.0,19.0,-,580,332
34,"SAMUEL BACON, HENRY GAUTREY",4303,,16.0,7.0,14.0,13.0,17.0,20.0,7.0,(32.0),21.0,17.0,5.0,9.0,5.0,5.0,19.0,25.0,-,-,-,-,-,232.0,200.0
34,MARION MORTEFON,3174,,1.0,7.0,43.0,11.0,21.0,14.0,(49.0),22.0,37.0,38.0,39.0,39.0,21.0,33.0,26.0,32.0,1.0,29.0,45.0,13.0,-,521,345
34,"ALICE MOSS, EBBA BERNTSSON",151,,11.0,10.0,12.0,11.0,28.0,15.0,11.0,18.0,25.0,10.0,9.0,20.0,(32.0),9.0,-,-,-,-,-,-,-,221.0,189.0
35,"TOMAS, VIEITO COBIAN",4885,ESP,9.0,7.0,5.0,(41.0),40.0,(51.0),10.0,28.0,50.0,(78.0),34.0,34.0,42.0,(78.0),24.0,23.0,9.0,11.0,9.0,3.0,-,586,338
35,"ANNA YAMAZAKI, SENA TAKANO",306,,19.0,15.0,17.0,22.0,14.0,19.0,22.0,8.0,13.0,5.0,6.0,(26.0),9.0,23.0,-,-,-,-,-,-,-,218.0,192.0
35,"MASSIMO CONTESSI, LUCA CONTESSI",3262,,20.0,(24.0),12.0,18.0,20.0,18.0,11.0,9.0,18.0,15.0,3.0,23.0,2.0,11.0,9.0,14.0,-,-,-,-,-,227.0,203.0
35,MINA MOBEKK,3502,NOR,17.0,(49.0),21.0,5.0,10.0,20.0,23.0,13.0,40.0,34.0,27.0,27.0,19.0,28.0,10.0,24.0,33.0,29.0,33.0,31.0,-,493,347
36,"KIMBERLY LIM, CECILIA LOW",2573,SGP,4.0,10.0,(25.0),14.0,21.0,17.0,20.0,16.0,22.0,16.0,8.0,22.0,17.0,6.0,-,-,-,-,-,-,-,218.0,193.0
36,HELLE OPPEDAL,1862,,31.0,(49.0),23.0,3.0,17.0,13.0,18.0,10.0,32.0,44.0,20.0,20.0,32.0,10.0,39.0,30.0,29.0,31.0,25.0,35.0,-,511,348
36,"JOAKIM SALSKO, V-IVERSEN, NIKOLAJ HOFFMANN BUHL",2233,,8.0,9.0,4.0,17.0,(32.0),15.0,22.0,14.0,29.0,13.0,15.0,14.0,23.0,7.0,16.0,4.0,-,-,-,-,-,242.0,210.0
36,"CANGEMI , ANTONINO",716,ITA,7.0,7.0,19.0,3.0,(27.0),20.0,15.0,(78.0),33.0,39.0,30.0,30.0,12.0,24.0,(56.0),(78.0),17.0,35.0,29.0,23.0,-,582,343
37,"FUNNEMARK, ENDRE",1579,NOR,25.0,5.0,(27.0),23.0,(29.0),8.0,4.0,21.0,24.0,(78.0),(73.0),73.0,33.0,13.0,4.0,8.0,17.0,17.0,27.0,41.0,-,550,343
37,AMBAR PAPAZIAN,182,FRA,21.0,3.0,7.0,19.0,20.0,24.0,24.0,26.0,13.0,41.0,28.0,28.0,47.0,42.0,28.0,47.0,19.0,25.0,19.0,19.0,-,500,356
37,"THEO REVIL, TIMOTHEE DEPERY",4738,,13.0,25.0,25.0,21.0,10.0,2.0,16.0,32.0,23.0,7.0,4.0,5.0,7.0,9.0,(33.0),12.0,-,-,-,-,-,244.0,211.0
37,"WILLEMIJN OFFERMAN, EMMA SIEWERS",5138,,13.0,20.0,8.0,2.0,12.0,24.0,19.0,19.0,5.0,18.0,31.0,3.0,24.0,(32.0),-,-,-,-,-,-,-,230.0,198.0
38,"GOYARD, THOMAS",1710,FRA,3.0,3.0,9.0,(41.0),20.0,15.0,9.0,(78.0),7.0,14.0,35.0,35.0,(78.0),(78.0),9.0,21.0,41.0,41.0,41.0,41.0,-,619,344
38,ZOFIA NOCETI KLEPACKA,5290,,7.0,13.0,13.0,(49.0),22.0,26.0,18.0,24.0,17.0,42.0,42.0,42.0,14.0,22.0,(49.0),15.0,17.0,33.0,29.0,31.0,-,525,359
38,"MARLA BERGMANN, HANNA WILLE",3199,GER,20.0,6.0,23.0,(36.0),36.0,36.0,15.0,7.0,26.0,3.0,5.0,24.0,2.0,2.0,-,-,-,-,-,-,-,241.0,205.0
38,"AKIRA SAKAI, RUSSELL AYLSWORTH",61,,12.0,2.0,7.0,15.0,19.0,12.0,23.0,6.0,12.0,25.0,26.0,21.0,18.0,8.0,11.0,(32.0),-,-,-,-,-,249.0,217.0
39,"HANNAH BRISTOW, ANNA CARPENTER",1790,,(27.0),9.0,26.0,9.0,10.0,6.0,23.0,26.0,23.0,11.0,12.0,5.0,23.0,26.0,-,-,-,-,-,-,-,236.0,209.0
39,"TOMASI, ALESSANDRO JOSE",4890,ITA,9.0,(23.0),(29.0),9.0,21.0,11.0,2.0,17.0,(56.0),54.0,21.0,21.0,32.0,39.0,26.0,(63.0),11.0,41.0,21.0,13.0,-,519,348
39,"SHINGEN FURUYA, TAKAYANAGI AKIRA",4462,,11.0,29.0,28.0,9.0,32.0,32.0,4.0,16.0,11.0,6.0,8.0,(35.0),25.0,17.0,4.0,2.0,-,-,-,-,-,269.0,234.0
39,KATERINA ALTMANNOVA,2502,CZE,13.0,21.0,17.0,(49.0),13.0,21.0,17.0,19.0,22.0,18.0,37.0,37.0,48.0,21.0,18.0,36.0,31.0,23.0,41.0,27.0,-,529,370
40,"MISAKI TANAKA, SERA NAGAMATSU",3516,JPN,18.0,7.0,28.0,7.0,21.0,22.0,8.0,24.0,21.0,(33.0),18.0,14.0,25.0,7.0,-,-,-,-,-,-,-,253.0,220.0
40,"THOMAS CUNICH, MILES DAVEY",4761,,10.0,13.0,13.0,15.0,16.0,16.0,12.0,26.0,12.0,(35.0),24.0,35.0,9.0,6.0,12.0,20.0,-,-,-,-,-,274.0,239.0
40,"SCHARER, SEBASTIAN",4375,SUI,13.0,21.0,(29.0),11.0,23.0,6.0,(27.0),5.0,28.0,30.0,23.0,23.0,(57.0),22.0,32.0,38.0,21.0,(41.0),27.0,27.0,-,504,350
40,KRISTYNA PINOSOVA,2634,CZE,11.0,9.0,9.0,5.0,23.0,23.0,33.0,21.0,38.0,(49.0),(49.0),49.0,37.0,49.0,25.0,35.0,39.0,19.0,3.0,1.0,-,527,373
41,"ISAAC, MATEUS",2007,BRA,5.0,3.0,5.0,3.0,(42.0),39.0,18.0,(78.0),18.0,11.0,37.0,37.0,66.0,(78.0),(78.0),9.0,41.0,19.0,23.0,17.0,-,627,351
41,KATY SPYCHAKOV,2516,ISR,13.0,15.0,25.0,11.0,17.0,16.0,9.0,13.0,31.0,35.0,43.0,43.0,33.0,25.0,36.0,40.0,23.0,45.0,11.0,23.0,-,507,377
41,"TYTUS BUTOWSKI, LUKASZ MACHOWSKI",4927,,20.0,27.0,15.0,17.0,11.0,19.0,11.0,18.0,16.0,14.0,11.0,6.0,(35.0),35.0,15.0,5.0,-,-,-,-,-,275.0,240.0
41,"LUCY WILMOT, ERIKA REINEKE",2929,,22.0,28.0,20.0,15.0,18.0,20.0,14.0,9.0,11.0,9.0,28.0,9.0,(37.0),20.0,-,-,-,-,-,-,-,260.0,223.0
42,"SILVIA SICOURI, MARIA VITTORIA MARCHESINI",4486,,17.0,23.0,22.0,19.0,17.0,17.0,(36.0),22.0,19.0,13.0,20.0,25.0,4.0,12.0,-,-,-,-,-,-,-,266.0,230.0
42,"ARMIT, JOSH",370,NZL,5.0,3.0,7.0,1.0,(45.0),(16.0),16.0,10.0,(63.0),26.0,52.0,52.0,28.0,60.0,23.0,(78.0),3.0,41.0,23.0,3.0,-,555,353
42,EMILY HALL,1298,,5.0,17.0,19.0,(49.0),24.0,17.0,14.0,15.0,15.0,33.0,33.0,33.0,41.0,45.0,23.0,45.0,29.0,25.0,35.0,37.0,-,554,391
42,"ARIE MOFFAT, SAM BONIN",361,,15.0,12.0,15.0,11.0,16.0,21.0,9.0,19.0,1.0,22.0,17.0,15.0,8.0,(35.0),28.0,31.0,-,-,-,-,-,275.0,240.0
43,"ADAM GLOGOWSKI, MACIEJ KRUSIEC",13,POL,24.0,20.0,17.0,15.0,15.0,15.0,15.0,23.0,7.0,12.0,19.0,(25.0),24.0,18.0,1.0,23.0,-,-,-,-,-,273.0,248.0
43,"MANON PEYRE, CLARA-, SOFIA STAMMINGER DE MOURA",3057,,26.0,23.0,24.0,21.0,24.0,25.0,10.0,14.0,8.0,14.0,(30.0),16.0,19.0,11.0,-,-,-,-,-,-,-,265.0,235.0
43,"RENNA, JACOPO",4132,ITA,15.0,9.0,23.0,(41.0),11.0,(31.0),24.0,18.0,(51.0),29.0,22.0,22.0,47.0,(62.0),16.0,49.0,13.0,29.0,15.0,19.0,-,546,361
43,ALICE READ,153,GBR,37.0,15.0,11.0,(49.0),28.0,18.0,23.0,12.0,34.0,25.0,25.0,25.0,35.0,40.0,16.0,25.0,41.0,47.0,(49.0),37.0,-,592,410
44,"VILLE KORHONEN, EDVARD BREMER",5047,,4.0,19.0,18.0,16.0,22.0,14.0,19.0,17.0,8.0,20.0,18.0,11.0,20.0,22.0,21.0,(26.0),-,-,-,-,-,275.0,249.0
44,"MARINA GARAU, CARLOTA GARCIA",3159,,14.0,22.0,22.0,36.0,19.0,25.0,25.0,10.0,12.0,(46.0),10.0,23.0,13.0,16.0,-,-,-,-,-,-,-,293.0,247.0
44,"POULIQUEN , OEL",4059,FRA,11.0,15.0,9.0,3.0,15.0,1.0,(33.0),(17.0),30.0,21.0,(70.0),(70.0),39.0,30.0,45.0,37.0,41.0,17.0,25.0,25.0,-,554,364
44,SOFIA RENNA,4529,ITA,11.0,7.0,(49.0),19.0,27.0,18.0,11.0,11.0,(49.0),32.0,26.0,26.0,36.0,29.0,(49.0),31.0,35.0,43.0,41.0,41.0,-,591,417
45,"SQUIRES , TOM",4566,GBR,1.0,(41.0),3.0,5.0,24.0,(41.0),30.0,16.0,34.0,13.0,33.0,33.0,(52.0),26.0,29.0,32.0,23.0,(41.0),35.0,33.0,-,545,370
45,"REBEKKA JOHANNESEN, SILJE CERUP-SIMONSEN",4115,DEN,18.0,7.0,29.0,(36.0),26.0,24.0,24.0,-,31.0,15.0,26.0,7.0,16.0,25.0,-,-,-,-,-,-,-,284.0,248.0
45,"PAUL PIETZCKER, LINUS VON OPPEN",3915,,22.0,17.0,24.0,13.0,17.0,8.0,23.0,9.0,27.0,18.0,9.0,10.0,13.0,16.0,24.0,(33.0),-,-,-,-,-,283.0,250.0
45,LENA ERDIL,2738,,13.0,9.0,39.0,43.0,26.0,16.0,22.0,20.0,36.0,46.0,45.0,45.0,31.0,44.0,40.0,34.0,31.0,19.0,33.0,5.0,-,597,424
46,"WIEBRAND DE VOS, ALEKSANDR MOLIAKOV",5122,,15.0,10.0,17.0,26.0,13.0,25.0,15.0,19.0,(27.0),10.0,12.0,19.0,10.0,15.0,23.0,24.0,-,-,-,-,-,280.0,253.0
46,"NADINE BOHM, LENA MARIE WE, ISSKICHEL",3591,,25.0,26.0,16.0,26.0,24.0,12.0,31.0,11.0,20.0,8.0,13.0,(46.0),30.0,15.0,-,-,-,-,-,-,-,303.0,257.0
46,"EKLUND, JAKOB",1223,FIN,15.0,3.0,1.0,9.0,7.0,(38.0),(78.0),20.0,(58.0),19.0,(55.0),55.0,29.0,47.0,49.0,46.0,9.0,21.0,21.0,27.0,-,607,378
46,GIOVANNA PRADA,1677,BRA,21.0,13.0,31.0,5.0,19.0,30.0,20.0,23.0,43.0,21.0,46.0,46.0,34.0,43.0,33.0,48.0,37.0,31.0,37.0,41.0,-,622,467
47,"HIGHFIELD , MOLLY, SANDY CHOI",1897,,12.0,29.0,23.0,20.0,(36.0),36.0,24.0,14.0,14.0,27.0,15.0,15.0,6.0,31.0,-,-,-,-,-,-,-,302.0,266.0
47,"ELLIOTT WELLS, BILLY VENNIS-OZANNE",1267,,23.0,12.0,4.0,8.0,14.0,20.0,(32.0),18.0,25.0,27.0,14.0,22.0,12.0,23.0,27.0,8.0,-,-,-,-,-,289.0,257.0
47,MANCHON BLANCA,3046,,19.0,11.0,21.0,(49.0),18.0,9.0,20.0,23.0,33.0,(49.0),47.0,47.0,44.0,41.0,24.0,43.0,47.0,27.0,43.0,47.0,-,662,494
47,"LYONS, NOAH",2972,USA,19.0,7.0,7.0,5.0,17.0,(21.0),13.0,(25.0),12.0,34.0,(64.0),64.0,(78.0),40.0,48.0,40.0,41.0,19.0,15.0,7.0,-,576,388
48,"HERNAN UMPIERRE, FERNANDO DIZ",1888,URU,1.0,32.0,11.0,9.0,10.0,12.0,25.0,10.0,12.0,3.0,(35.0),35.0,28.0,35.0,25.0,10.0,-,-,-,-,-,293.0,258.0
48,"CHLOE FISHER, LAURA THOMSON",859,,16.0,24.0,18.0,26.0,28.0,9.0,14.0,27.0,18.0,19.0,16.0,27.0,27.0,(35.0),-,-,-,-,-,-,-,304.0,269.0
48,NATASHA BRYANT,3612,,19.0,25.0,13.0,(49.0),25.0,21.33,12.0,27.0,(49.0),45.0,44.0,44.0,46.0,31.0,42.0,38.0,41.0,21.0,39.0,45.0,-,"676,33","505,33"
48,"BERNOTAS, JUOZAS",545,LTU,15.0,13.0,15.0,13.0,4.0,(28.0),(22.0),18.0,42.0,35.0,(65.0),(65.0),45.0,25.0,41.0,43.0,5.0,41.0,23.0,13.0,-,571,391
49,"CORENTIN GOULON, YOUENN BERTIN",954,,25.0,20.0,10.0,14.0,8.0,11.0,8.0,21.0,19.0,19.0,21.0,20.0,26.0,13.0,(32.0),27.0,-,-,-,-,-,294.0,262.0
49,"MARIJA ANDELA DE MICHEL, I-VITTURI, MIHAELA DE MICHELI VITTURI",3151,,36.0,18.0,14.0,23.0,26.0,26.0,32.0,31.0,3.0,12.0,22.0,28.0,8.0,(37.0),-,-,-,-,-,-,-,316.0,279.0
49,RINA NIIJIMA,4158,,15.0,13.0,43.0,33.0,26.0,20.0,21.0,29.0,5.0,7.0,6.0,6.0,6.0,3.0,4.0,8.0,3.0,3.0,3.0,(49.0),-,303,170
49,"CAMBONI, MATTIA",705,ITA,7.0,1.0,5.0,(41.0),31.0,(32.0),25.0,28.0,(52.0),(62.0),28.0,28.0,38.0,32.0,31.0,35.0,21.0,33.0,31.0,29.0,-,590,403
50,"KATRINE SCHMIDT, ELLEN NIELSEN",2515,,26.0,29.0,14.0,18.0,23.0,26.0,(36.0),23.0,23.0,29.0,25.0,12.0,29.0,8.0,-,-,-,-,-,-,-,321.0,285.0
50,"BENZ, MATTEO",527,SUI,13.0,13.0,9.0,25.0,(39.0),(45.0),13.0,39.0,(78.0),51.0,36.0,36.0,40.0,43.0,36.0,(57.0),7.0,13.0,25.0,11.0,-,629,410
50,"PHILLIP LYNGBEK, MADS FUGLBJERG",4007,,13.0,18.0,10.0,14.0,13.0,20.0,20.0,15.0,26.0,(35.0),23.0,27.0,22.0,35.0,6.0,16.0,-,-,-,-,-,313.0,278.0
50,THERESA MARIE STEINLEIN,4748,GER,21.0,27.0,25.0,(49.0),32.0,23.0,26.0,29.0,1.0,5.0,4.0,4.0,10.0,2.0,2.0,2.0,5.0,1.0,1.0,1.0,-,270,174
51,"KOKKALANIS, BYRON",2607,GRE,15.0,15.0,27.0,15.0,(40.0),10.0,(42.0),20.0,39.0,32.0,(75.0),(75.0),25.0,41.0,50.0,47.0,23.0,9.0,21.0,23.0,-,644,412
51,"CONRAD KONITZER, FERNANDO RODRIGUEZ",945,,27.0,16.0,19.0,17.0,12.0,19.0,12.0,18.0,17.0,23.0,29.0,24.0,(35.0),20.0,13.0,15.0,-,-,-,-,-,316.0,281.0
51,"MARLIES SCHOUTEN, MAUD LODEWIJK",3204,,25.0,22.0,19.0,(36.0),31.0,21.0,21.0,28.0,27.0,26.0,17.0,21.0,12.0,30.0,-,-,-,-,-,-,-,336.0,300.0
51,LAERKE BUHL-HANSEN,2664,DEN,29.0,23.0,9.0,15.0,12.0,33.0,28.0,30.0,4.0,3.0,2.0,2.0,20.0,4.0,15.0,29.0,9.0,5.0,1.0,13.0,-,286,174
52,"HATCHER, JAMES",1827,GBR,23.0,7.0,(27.0),(41.0),18.0,26.0,26.0,22.0,15.0,17.0,38.0,38.0,22.0,57.0,(78.0),(78.0),26.3,29.0,25.0,25.0,-,"638,3","414,3"
52,JENNIE ROBERTS,2169,GBR,23.0,21.0,29.0,25.0,32.0,25.0,25.0,31.0,2.0,6.0,3.0,3.0,5.0,5.0,20.0,17.0,5.0,3.0,19.0,7.0,-,306,204
52,"KRISTIAN PRAEST PRAEST, MARCUS LANGAGERGAARD",2627,,19.0,24.0,13.0,16.0,32.0,10.0,17.0,22.0,4.0,4.0,25.0,17.0,(35.0),35.0,29.0,18.0,-,-,-,-,-,320.0,285.0
52,"ELEANOR KEERS, JESSICA JOBSON",1227,GBR,30.0,13.0,27.0,23.0,20.0,23.0,29.0,30.0,30.0,24.0,19.0,17.0,(34.0),29.0,-,-,-,-,-,-,-,348.0,314.0
53,"ALLEN, STEPHEN",165,AUS,7.0,5.0,9.0,1.0,12.0,17.0,(38.0),(47.0),26.0,63.0,(71.0),(71.0),50.0,23.0,55.0,62.0,33.0,31.0,17.0,11.0,-,649,422
53,NEEV ROBINSON,3628,,33.0,23.0,15.0,23.0,22.0,25.0,19.0,21.0,12.0,4.0,10.0,10.0,11.0,25.0,9.0,7.0,3.0,9.0,17.0,(49.0),-,347,215
53,"CAMPBELL STANTON, WILL SHAPLAND",711,NZL,32.0,12.0,22.0,12.0,20.0,23.0,15.0,11.0,23.0,(35.0),27.0,28.0,15.0,21.0,14.0,17.0,-,-,-,-,-,327.0,292.0
53,"HELENE NAESS, MARIE RONNINGEN",1860,NOR,21.0,1.0,11.0,17.0,4.0,36.0,23.0,6.0,14.0,(46.0),46.0,46.0,46.0,46.0,-,-,-,-,-,-,-,363.0,317.0
54,"POLAK, MICHAL",4053,POL,23.0,11.0,17.0,15.0,9.0,(52.0),(32.0),24.0,49.0,49.0,(57.0),57.0,37.0,33.0,(63.0),4.0,29.0,13.0,19.0,41.0,-,634,430
54,"RICHARD SCHULTHEIS, MAX KORNER",4149,,7.0,27.0,21.0,19.0,21.0,13.0,21.0,21.0,16.0,24.0,28.0,16.0,6.0,24.0,(31.0),29.0,-,-,-,-,-,324.0,293.0
54,"HELEN PAIS, HELEN AUSMAN",1852,EST,30.0,27.0,28.0,36.0,7.0,14.0,27.0,30.0,30.0,23.0,24.0,(46.0),31.0,18.0,-,-,-,-,-,-,-,371.0,325.0
54,ALISA ENGELMANN,161,GER,41.0,25.3,17.0,19.0,36.0,30.0,33.0,18.0,3.0,14.0,5.0,5.0,9.0,13.0,31.0,19.0,1.0,7.0,13.0,3.0,-,"342,3","215,3"
55,"VERONIKA ZIVNA, KATERINA ZIVNA",5012,,27.0,24.0,24.0,16.0,25.0,27.0,28.0,25.0,29.0,20.0,29.0,18.0,36.0,(39.0),-,-,-,-,-,-,-,367.0,328.0
55,"CHENG, CHING YIN",845,HKG,9.0,7.0,10.33,15.0,(33.0),33.0,(78.0),13.0,45.0,42.0,40.0,40.0,44.0,(61.0),42.0,(56.0),13.0,41.0,21.0,15.0,-,"658,33","430,33"
55,"JAKOB MEGGENDORFER, ANDREAS SPRANGER",2080,GER,15.0,6.0,17.0,13.0,15.0,16.0,28.0,12.0,9.0,(35.0),35.0,35.0,35.0,35.0,18.0,7.0,-,-,-,-,-,331.0,296.0
55,INGRID PUUSTA,1993,EST,21.0,21.0,23.0,23.0,30.0,(49.0),(49.0),24.0,9.0,34.0,7.0,7.0,2.0,6.0,6.0,9.0,9.0,17.0,7.0,33.0,-,386,221
56,"MODENA, MANOLO",3526,ITA,17.0,13.0,21.0,21.0,25.0,(46.0),11.0,(34.0),(68.0),41.0,19.0,19.0,(63.0),51.0,46.0,41.0,41.0,23.0,33.0,17.0,-,650,439
56,"MALO KENNISH, ANATOLE MARTIN",3037,FRA,16.0,18.0,16.0,21.0,25.0,17.0,6.0,22.0,24.0,26.0,(30.0),26.0,17.0,25.0,20.0,19.0,-,-,-,-,-,328.0,298.0
56,NOY DRIHAN,3767,,29.0,25.0,29.0,19.0,23.0,24.0,(49.0),28.0,11.0,27.0,15.0,15.0,14.0,1.0,1.0,1.0,7.0,5.0,9.0,21.0,-,353,227
56,"JOSEPHINE FREDERIKSEN, LAURA STEENSTRUP ZEEBERG",2339,,29.0,16.0,21.0,25.0,23.0,28.0,11.0,36.0,25.0,(46.0),23.0,46.0,33.0,19.0,-,-,-,-,-,-,-,381.0,335.0
57,"ELIN SEVEDAG, KLARA JOHANSSON",1250,,28.0,28.0,26.0,25.0,29.0,29.0,22.0,18.0,28.0,28.0,(46.0),46.0,7.0,27.0,-,-,-,-,-,-,-,387.0,341.0
57,MERVE VATAN,3432,TUR,27.0,17.0,27.0,35.0,30.0,19.0,31.0,17.0,10.0,17.0,28.0,28.0,1.0,9.0,33.0,3.0,11.0,1.0,15.0,(49.0),-,408,260
57,"MRATOVIC, LUKA",3567,CRO,17.0,11.0,(31.0),15.0,10.0,13.0,27.0,(29.0),(71.0),27.0,(59.0),59.0,48.0,48.0,19.0,44.0,15.0,21.0,35.0,31.0,-,630,440
57,"SCOTT , MCKENZIE, BLAKE , MCGLASHAN",4393,,10.0,16.0,12.0,21.0,22.0,22.0,25.0,20.0,21.0,16.0,31.0,18.0,27.0,(35.0),26.0,28.0,-,-,-,-,-,350.0,315.0
58,HELENA WANSER,1855,,25.0,29.0,23.0,27.0,24.0,28.0,37.0,30.0,22.0,23.0,23.0,23.0,4.0,15.0,11.0,13.0,7.0,17.0,5.0,5.0,-,391,278
58,"PHILIP LINDBLAD, ALEXANDER BRORSSON",3991,,21.0,19.0,7.0,22.0,32.0,24.0,2.0,26.0,18.0,(35.0),20.0,35.0,35.0,35.0,30.0,22.0,-,-,-,-,-,383.0,348.0
58,"KATHARINA SCHWACHHOFER, ELENA STOLTZE",2506,GER,24.0,26.0,18.0,27.0,27.0,18.0,27.0,21.0,28.0,32.0,33.0,(46.0),26.0,34.0,-,-,-,-,-,-,-,387.0,341.0
58,"SCHMITZ, LUC",4382,NED,13.0,11.0,13.0,11.0,2.0,(43.0),(35.0),24.0,38.0,28.0,(67.0),(67.0),36.0,55.0,62.0,42.0,41.0,31.0,29.0,15.0,-,663,451
59,ONISHI FUJIKO,3824,,23.0,27.0,25.0,27.0,35.0,28.0,21.0,38.0,16.0,19.0,20.0,20.0,13.0,11.0,8.0,5.0,27.0,43.0,19.0,7.0,-,432,289
59,"WILLIAM JONES, EVAN DEPAUL",5142,,17.0,11.0,28.0,19.0,19.0,13.0,19.0,15.0,16.0,(35.0),35.0,35.0,35.0,35.0,35.0,35.0,-,-,-,-,-,402.0,367.0
59,"BALTASAR SUMMERS,",441,ESP,23.0,19.0,15.0,13.0,17.0,(32.0),(55.0),19.0,40.0,(78.0),42.0,42.0,27.0,49.0,43.0,(65.0),9.0,41.0,33.0,21.0,-,683,453
59,"KATRINE BENDIX KROGH, CLARA ROSKJAER MOGELTOFT",2513,,31.0,32.0,(36.0),29.0,30.0,28.0,30.0,29.0,31.0,30.0,32.0,19.0,21.0,28.0,-,-,-,-,-,-,-,406.0,370.0
60,"LEWINSKI, DOMINIK",2777,POL,19.0,23.0,9.0,11.0,32.0,(35.0),(34.0),31.0,22.0,(65.0),53.0,53.0,24.0,36.0,(57.0),52.0,19.0,27.0,33.0,17.0,-,652,461
60,"MINA FERGUSON, MADDY , MCLEAY",3501,,36.0,36.0,36.0,36.0,36.0,36.0,13.0,27.0,27.0,22.0,(46.0),46.0,11.0,17.0,-,-,-,-,-,-,-,425.0,379.0
60,SAMANTHA COSTIN,4295,AUS,29.0,21.0,27.0,(49.0),29.0,26.0,25.0,26.0,18.0,8.0,8.0,8.0,28.0,(48.0),23.0,30.0,1.0,27.0,13.0,5.0,-,449,293
60,"ALBERT TORRES, ELIAS ARETZ",75,ESP,14.0,23.0,12.0,20.0,8.0,13.0,26.0,(32.0),32.0,2.0,3.0,5.0,2.0,8.0,-,-,-,-,-,-,-,200.0,168.0
61,"PIANAZZA, FABIEN",4015,FRA,7.0,13.0,11.0,11.0,22.0,(37.0),24.0,(78.0),47.0,(70.0),43.0,43.0,69.0,54.0,(78.0),39.0,11.0,25.0,25.0,29.0,-,736,473
61,BRIANNA ORAMS,652,,27.0,(49.0),27.0,29.0,(49.0),29.0,38.0,28.0,6.0,2.0,9.0,9.0,25.0,31.0,7.0,22.0,15.0,13.0,7.0,(49.0),-,471,293
61,"HANNAH MAURER, LINN BERNTSSON",1792,,36.0,25.0,36.0,24.0,29.0,29.0,25.0,28.0,36.0,(46.0),46.0,46.0,15.0,24.0,-,-,-,-,-,-,-,445.0,399.0
61,"SAM MORGAN, PAT MORGAN",4289,,(32.0),32.0,32.0,32.0,11.0,6.0,14.0,11.0,10.0,7.0,15.0,1.0,1.0,4.0,-,-,-,-,-,-,-,208.0,176.0
62,BRUNA MARTINELLI MELLO,671,,35.0,29.0,45.0,9.0,35.0,27.0,26.0,32.0,19.0,11.0,18.0,18.0,31.0,(48.0),5.0,10.0,37.0,11.0,5.0,27.0,-,478,313
62,"MONIQUE VENNI, S-OZANNE, HANNAH MORRIS",3548,,36.0,36.0,36.0,28.0,27.0,31.0,20.0,29.0,22.0,(46.0),46.0,46.0,20.0,33.0,-,-,-,-,-,-,-,456.0,410.0
62,"DOLF HENDRIKSEN, JORN SWART",1153,,23.0,18.0,20.0,16.0,18.0,21.0,(32.0),17.0,25.0,4.0,6.0,3.0,15.0,1.0,-,-,-,-,-,-,-,219.0,187.0
62,"BROUCKE, THOMAS",664,BEL,(35.0),19.0,13.0,13.0,20.0,(41.0),15.0,32.0,53.0,(60.0),48.0,48.0,(59.0),35.0,37.0,54.0,17.0,19.0,19.0,33.0,-,670,475
63,"FREDRIK BERGSTROM, AXEL MUNKBY",1565,,18.0,20.0,18.0,23.0,16.0,18.0,24.0,8.0,26.0,8.0,(35.0),9.0,7.0,2.0,-,-,-,-,-,-,-,232.0,197.0
63,"COURTNEY REYNOLD, S-SMITH, BRIANNA REYNOLDS-SMITH",964,,28.0,36.0,36.0,27.0,18.0,30.0,8.0,20.0,29.0,(46.0),46.0,46.0,46.0,46.0,-,-,-,-,-,-,-,462.0,416.0
63,DILARA URALP PALOMBO,1130,TUR,17.0,19.0,19.0,(49.0),27.0,40.0,29.0,38.0,33.0,21.0,37.0,37.0,3.0,23.0,24.0,21.0,17.0,11.0,11.0,11.0,-,487,324
63,"AU, LING YEUNG",412,HKG,7.0,21.0,9.0,41.0,(50.0),24.0,14.0,(44.0),(72.0),(66.0),46.0,46.0,49.0,21.0,60.0,50.0,19.0,15.0,17.0,41.0,-,712,480
64,SARA CHOLNOKY,4340,,43.0,31.0,37.0,23.0,38.0,31.0,29.0,35.0,13.0,9.0,11.0,11.0,8.0,21.0,27.0,15.0,25.0,25.0,33.0,1.0,-,466,325
64,"CARFANTAN, GASPARD",725,FRA,9.0,9.0,1.0,19.0,19.0,31.0,(43.0),(40.0),65.0,46.0,(69.0),(69.0),23.0,46.0,59.0,58.0,41.0,23.0,27.0,15.0,-,712,491
64,"KELLY COLE, RACHEL ELLIE GLENN",2533,,36.0,33.0,36.0,36.0,25.0,27.0,36.0,25.0,32.0,31.0,27.0,(46.0),39.0,38.0,-,-,-,-,-,-,-,467.0,421.0
64,"OTTO HENRY, FLYNN TWOMEY",3845,,26.0,29.0,19.0,19.0,21.0,(32.0),10.0,25.0,22.0,1.0,1.0,13.0,9.0,5.0,-,-,-,-,-,-,-,232.0,200.0
65,"SIMON HEINDL, FYNN KAUFHOLD",4497,,20.0,17.0,22.0,20.0,18.0,15.0,18.0,(24.0),22.0,5.0,4.0,15.0,18.0,10.0,-,-,-,-,-,-,-,228.0,204.0
65,"BEL, BAZ",486,ISR,5.0,11.0,31.0,7.0,31.0,(34.0),(32.0),23.0,59.0,68.0,(72.0),(72.0),51.0,53.0,52.0,22.0,41.0,15.0,19.0,23.0,-,721,511
65,SUNAGA YUKI,4638,,31.0,35.0,43.0,29.0,20.0,29.0,35.0,25.0,29.0,20.0,16.0,16.0,17.0,22.0,12.0,4.0,27.0,13.0,15.0,(49.0),-,487,331
65,"KAMILLE VILSTRUP, EMMELIE REED RASMUSSEN",2462,,29.0,30.0,30.0,36.0,36.0,36.0,36.0,31.0,36.0,(46.0),46.0,46.0,38.0,21.0,-,-,-,-,-,-,-,497.0,451.0
66,JOHANNA HJERTBERG,2266,SWE,29.0,31.0,17.0,(49.0),37.0,32.0,34.0,34.0,8.0,1.0,17.0,17.0,37.0,27.0,29.0,32.0,13.0,9.0,3.0,39.0,-,495,333
66,"VRIESWIJK, AMADO",5074,NED,9.0,(41.0),7.0,5.0,3.0,2.0,12.0,(14.0),69.0,55.0,18.0,18.0,(78.0),(78.0),78.0,78.0,41.0,41.0,41.0,41.0,-,729,518
66,"ARRAN HOLMAN, JAMES TAYLOR",377,,25.0,21.0,24.0,18.0,22.0,22.0,12.0,16.0,15.0,6.0,13.0,6.0,4.0,(35.0),-,-,-,-,-,-,-,239.0,204.0
66,"GIULIETTA LANG, STERRE VAN WEGEN",1689,,23.0,36.0,36.0,36.0,36.0,36.0,36.0,-,36.0,(46.0),46.0,46.0,46.0,46.0,-,-,-,-,-,-,-,505.0,459.0
67,FIANNE VAN DEN BRULE,1456,NED,25.0,35.0,35.0,15.0,36.0,36.0,34.0,34.0,17.0,16.0,12.0,12.0,35.0,19.0,17.0,24.0,11.0,29.0,29.0,9.0,-,480,344
67,"PAULA SCHUTZE, LILLE JONAS",3920,,36.0,36.0,36.0,36.0,36.0,36.0,36.0,-,36.0,(46.0),46.0,46.0,46.0,46.0,-,-,-,-,-,-,-,518.0,472.0
67,"PAVLOS KAGIALIS, IOANNIS ORFANOS",3932,GRE,18.0,22.0,22.0,20.0,(25.0),9.0,23.0,11.0,25.0,3.0,9.0,7.0,17.0,19.0,-,-,-,-,-,-,-,230.0,205.0
67,"JEPSEN, MADS",2179,DEN,17.0,1.0,21.0,(41.0),(46.0),22.0,31.0,26.0,25.0,(67.0),49.0,49.0,51.0,63.0,61.0,(78.0),31.0,21.0,33.0,25.0,-,758,526
68,"POL MARSANS BALCELLS, JOSE MANUEL RUIZ IBANEZ",4050,ESP,13.0,19.0,20.0,24.0,19.0,19.0,19.0,20.0,21.0,(35.0),2.0,2.0,16.0,13.0,-,-,-,-,-,-,-,242.0,207.0
68,NELA SADILKOVA,3631,CZE,39.0,29.0,25.0,17.0,33.0,35.0,41.0,36.0,14.0,10.0,27.0,27.0,15.0,33.0,19.0,12.0,25.0,21.0,9.0,19.0,-,486,346
68,"LILY RICHARDSON, MATILDA RICHARDSON",2807,,36.0,36.0,36.0,36.0,36.0,36.0,36.0,36.0,36.0,(46.0),46.0,46.0,35.0,36.0,-,-,-,-,-,-,-,533.0,487.0
68,"PASQUETTE, JEROME",3888,FRA,5.0,15.0,15.0,(41.0),30.0,29.0,28.0,(42.0),44.0,56.0,(74.0),(74.0),46.0,56.0,54.0,20.0,25.0,41.0,31.0,31.0,-,757,526
69,LINDA OPRANDI,2820,ITA,33.0,43.0,29.0,25.0,40.0,34.0,27.0,32.0,25.0,25.0,19.0,19.0,18.0,8.0,13.0,14.0,21.0,15.0,31.0,15.0,-,486,347
69,"CHRISTOPHER WILLIFORD, DUNCAN WILLIFORD",896,,22.0,23.0,16.0,22.0,21.0,(32.0),21.0,23.0,8.0,18.0,8.0,21.0,3.0,7.0,-,-,-,-,-,-,-,245.0,213.0
69,"JULIA HENRIKSSON, CAROLINE PETTERSSON",2391,,36.0,21.0,31.0,36.0,36.0,36.0,36.0,36.0,36.0,(46.0),46.0,46.0,46.0,46.0,-,-,-,-,-,-,-,534.0,488.0
69,"KIKABHOY, RAFEEK",2561,HKG,21.0,19.0,11.0,7.0,14.0,15.0,(29.0),(36.0),62.0,47.0,(68.0),(68.0),62.0,66.0,51.0,59.0,13.0,19.0,29.0,31.0,-,727,526
70,"ZOFIA BURSKA, SARA TKADLECOVA",5287,CZE,22.0,30.0,36.0,36.0,36.0,36.0,36.0,36.0,36.0,(46.0),46.0,46.0,46.0,46.0,-,-,-,-,-,-,-,534.0,488.0
70,"COUSIN, ALEXANDRE",967,FRA,25.0,19.0,25.0,19.0,(43.0),(47.0),22.0,9.0,(75.0),59.0,51.0,51.0,53.0,(78.0),65.0,48.0,41.0,25.0,13.0,9.0,-,777,534
70,DEMITA VEGA DE LILLE,1087,,39.0,41.0,33.0,25.0,29.0,38.0,35.0,45.0,23.0,29.0,14.0,14.0,12.0,7.0,3.0,6.0,43.0,37.0,17.0,35.0,-,525,359
70,"FIN ARMSTRONG, EWAN GRIBBIN",1467,GBR,19.0,21.0,16.0,24.0,20.0,(27.0),21.0,25.0,20.0,9.0,7.0,8.0,11.0,12.0,-,-,-,-,-,-,-,240.0,213.0
71,"LEE, TAEHOON",2730,KOR,9.0,7.0,3.0,(41.0),38.0,3.0,(43.0),39.0,(74.0),57.0,54.0,54.0,70.0,52.0,(78.0),64.0,31.0,41.0,11.0,21.0,-,790,554
71,MANON BERGER,3053,SUI,27.0,39.0,(49.0),(49.0),28.0,22.0,24.0,40.0,7.0,15.0,1.0,1.0,34.0,30.0,34.0,27.0,31.0,35.0,43.0,23.0,-,559,383
71,"MARIUS WESTERLIND, OLLE ARONSSON",3181,,19.0,16.0,23.0,25.0,(32.0),18.0,24.0,19.0,20.0,11.0,20.0,12.0,6.0,3.0,-,-,-,-,-,-,-,248.0,216.0
72,"BASIK TASHTASH, DANIEL",468,ISR,5.0,41.0,11.0,7.0,(61.0),28.0,(44.0),36.0,55.0,(71.0),62.0,62.0,54.0,(64.0),53.0,61.0,11.0,7.0,31.0,41.0,-,805,565
72,SOPHIA MEYER,4541,,31.0,33.0,31.0,31.0,31.0,42.0,39.0,41.0,28.0,26.0,32.0,32.0,19.0,12.0,10.0,11.0,17.0,39.0,11.0,(49.0),-,565,394
72,"YI NIAN KOH, JEN-E TAN",5221,,23.0,28.0,25.0,27.0,(32.0),24.0,13.0,20.0,15.0,10.0,5.0,16.0,12.0,6.0,-,-,-,-,-,-,-,256.0,224.0
73,"CARL EMIL SLOTH, ANDREAS HOFFMANN-PETERSEN",728,,21.0,21.0,(32.0),26.0,26.0,24.0,24.0,13.0,4.0,17.0,11.0,20.0,13.0,15.0,-,-,-,-,-,-,-,267.0,235.0
73,"LAMADRID TRUEBA,",2666,ESP,23.0,11.0,11.0,13.0,13.0,(46.0),33.0,(49.0),67.0,64.0,60.0,60.0,(72.0),(78.0),47.0,67.0,25.0,13.0,31.0,27.0,-,810,565
73,INES BOUCHET,1989,,27.0,27.0,29.0,27.0,41.0,46.0,39.0,42.0,21.0,22.0,22.0,22.0,21.0,26.0,26.0,28.0,19.0,23.0,39.0,17.0,-,564,409
74,"THOMAS STAPLES, WILLIAM STAPLES",4779,CAN,16.0,(32.0),15.0,25.0,23.0,21.0,20.0,13.0,22.0,14.0,17.0,11.0,20.0,20.0,-,-,-,-,-,-,-,269.0,237.0
74,TUULI PETAJA-SIREN,4923,,37.0,37.0,37.0,37.0,33.0,33.0,30.0,33.0,24.0,18.0,34.0,34.0,16.0,16.0,18.0,20.0,23.0,35.0,(49.0),25.0,-,589,431
74,"POGGEMANN, LARS",4048,GER,17.0,5.0,17.0,15.0,(37.0),27.0,31.0,(60.0),(70.0),61.0,(66.0),66.0,58.0,59.0,58.0,66.0,15.0,27.0,35.0,29.0,-,819,586
75,NATASA LAPPA,3611,CYP,41.0,39.0,31.0,39.0,31.0,32.0,36.0,36.0,15.0,31.0,21.0,21.0,7.0,32.0,25.0,(48.0),35.0,19.0,27.0,29.0,-,595,432
75,"MERCEUR, BENOIT",3429,FRA,15.0,9.0,33.0,7.0,33.0,20.0,(39.0),(42.0),(73.0),(69.0),47.0,47.0,60.0,58.0,66.0,51.0,41.0,37.0,29.0,35.0,-,811,588
75,"REED LORIMER, CASEY CABOT",4118,,27.0,26.0,27.0,(32.0),32.0,25.0,20.0,7.0,26.0,16.0,16.0,14.0,24.0,9.0,-,-,-,-,-,-,-,301.0,269.0
76,"MALTHE EBDRUP, SEBASTIAN WRIGHT OLSEN",3042,,26.0,15.0,21.0,23.0,15.0,25.0,25.0,24.0,17.0,15.0,10.0,(35.0),19.0,35.0,-,-,-,-,-,-,-,305.0,270.0
76,FARRAH HALL,1413,,35.0,25.0,41.0,25.0,41.0,37.0,38.0,39.0,36.0,24.0,26.0,26.0,23.0,10.0,30.0,16.0,35.0,37.0,25.0,27.0,-,596,441
76,"PIGNOLET , LOUIS",4027,FRA,5.0,3.0,21.0,(41.0),(44.0),30.0,8.0,11.0,64.0,(78.0),(78.0),78.0,78.0,78.0,78.0,78.0,41.0,41.0,41.0,41.0,-,937,696
77,"POMERANTZ, IDO",4054,ISR,13.0,15.0,7.0,5.0,25.0,44.0,(78.0),(78.0),(78.0),(78.0),78.0,78.0,78.0,78.0,78.0,78.0,41.0,41.0,41.0,41.0,-,1053,741
77,"DOUGLAS LEUNG, AUGUSTIN CLOT",1175,,22.0,22.0,19.0,24.0,24.0,23.0,29.0,25.0,(30.0),13.0,19.0,19.0,23.0,17.0,-,-,-,-,-,-,-,309.0,279.0
77,DOMINIQUE STATER,1164,USA,35.0,23.0,35.0,33.0,39.0,39.0,28.0,25.0,32.0,39.0,13.0,13.0,24.0,(48.0),39.0,39.0,39.0,19.0,29.0,17.0,-,608,443
78,JUSTINE LEMETEYER,2435,,35.0,41.0,27.0,31.0,38.0,37.0,45.0,41.0,26.0,13.0,30.0,30.0,29.0,(48.0),36.0,38.0,19.0,23.0,23.0,9.0,-,619,447
78,"MARCEL MARCINIAK, PATRYK ROZAK",3074,,24.0,(32.0),32.0,22.0,23.0,19.0,32.0,24.0,13.0,20.0,14.0,17.0,22.0,18.0,-,-,-,-,-,-,-,312.0,280.0
78,"MORRIS, GRAE",3561,AUS,23.0,19.0,17.0,(35.0),(53.0),29.0,19.0,30.0,(5.0),2.0,1.0,1.0,1.0,4.0,4.0,(12.0),3.0,1.0,1.0,1.0,-,261,156
79,DANAE PONTIFEX,1013,GRE,41.0,37.0,37.0,21.0,34.0,34.0,32.0,35.0,27.0,32.0,38.0,38.0,22.0,24.0,14.0,18.0,39.0,27.0,31.0,25.0,-,606,451
79,"JAKOB PORTHUN, MALTE JACOBS",2081,,28.0,28.0,26.0,32.0,32.0,32.0,2.0,23.0,24.0,12.0,18.0,4.0,(35.0),23.0,-,-,-,-,-,-,-,319.0,284.0
79,"ROI, HILLEL",4196,ISR,19.0,23.0,25.0,7.0,(35.0),35.0,(40.0),26.0,(41.0),3.0,4.0,4.0,(30.0),13.0,5.0,7.0,3.0,3.0,1.0,1.0,-,325,179
80,JUNNA WATANABE,2424,JPN,45.0,27.0,39.0,29.0,42.0,41.0,40.0,31.0,35.0,28.0,35.0,35.0,41.0,18.0,22.0,25.0,31.0,43.0,23.0,21.0,-,651,480
80,"DYLAN JONES, JONATHAN KELLY",1194,,17.0,23.0,9.0,25.0,26.0,26.0,17.0,27.0,23.0,(35.0),35.0,35.0,5.0,22.0,-,-,-,-,-,-,-,325.0,290.0
80,"BIRIZ, ONUR CAVIT",581,TUR,21.0,35.0,19.0,15.0,(38.0),8.0,(46.0),31.0,7.0,5.0,(30.0),30.0,14.0,(78.0),3.0,10.0,1.0,1.0,1.0,1.0,-,394,202
81,"MORITZ DORAU, RIKO ROCKENBAUCH",3553,GER,17.0,22.0,23.0,26.0,32.0,26.0,32.0,32.0,32.0,19.0,(35.0),10.0,8.0,21.0,-,-,-,-,-,-,-,335.0,300.0
81,"LILLELUND, NIKLAS",2803,DEN,27.0,17.0,13.0,29.0,34.0,(78.0),49.0,(78.0),2.0,9.0,3.0,3.0,3.0,(19.0),(17.0),2.0,1.0,1.0,7.0,13.0,-,405,213
81,CRISTINA ORTIZ VIVAS,979,,37.0,37.0,33.0,35.0,43.0,35.0,42.0,43.0,31.0,30.0,31.0,31.0,26.0,20.0,28.0,36.0,21.0,15.0,35.0,31.0,-,640,483
82,"COZZOLINO, ANTONIO",972,NZL,25.0,27.0,25.0,21.0,(66.0),25.0,37.0,(52.0),4.0,15.0,2.0,2.0,13.0,(78.0),13.0,9.0,7.0,15.0,(41.0),3.0,-,480,243
82,MIKI YAMABE,3483,JPN,45.0,45.0,43.67,41.0,37.0,41.0,43.0,40.0,34.0,(48.0),39.0,39.0,27.0,14.0,16.0,31.0,13.0,29.0,39.0,3.0,-,"667,67","490,67"
82,"MARTIN WIZNER, JAIME WIZNER",3237,ESP,24.0,25.0,26.0,23.0,19.0,9.0,26.0,28.0,20.0,21.0,(35.0),35.0,35.0,35.0,-,-,-,-,-,-,-,361.0,326.0
83,"TSORTANIDIS , LEONIDAS",4915,GRE,27.0,13.0,23.0,41.0,(62.0),40.0,(50.0),33.0,9.0,11.0,(25.0),(25.0),5.0,7.0,2.0,11.0,7.0,9.0,3.0,3.0,-,406,244
83,AIKATERINI DIVARI,52,GRE,45.0,31.0,39.0,37.0,34.0,38.0,37.0,(49.0),37.0,36.0,25.0,25.0,33.0,17.0,21.0,23.0,33.0,33.0,35.0,31.0,-,659,492
83,"EMIL KJAER, CARL LAURITS SCHOUW NIELSEN",1282,,32.0,32.0,23.0,32.0,32.0,32.0,27.0,27.0,28.0,(35.0),12.0,18.0,21.0,14.0,-,-,-,-,-,-,-,365.0,330.0
84,"HEIMANN, JONNE",1850,GER,19.0,27.0,23.0,17.0,26.0,(36.0),26.0,(35.0),10.0,19.0,13.0,13.0,11.0,(23.0),10.0,14.0,5.0,9.0,(29.0),3.0,-,368,245
84,SOFIE HAMMEKEN,4532,DEN,43.0,33.0,41.0,39.0,45.0,43.0,31.0,33.0,38.0,41.0,24.0,24.0,36.0,28.0,47.0,33.0,41.0,39.0,33.0,11.0,-,703,527
84,"KEANU PRETTNER, JAKOB FLACHBERGER",2523,AUT,4.0,4.0,2.0,32.0,32.0,32.0,32.0,32.0,32.0,(35.0),35.0,35.0,35.0,35.0,-,-,-,-,-,-,-,377.0,342.0
85,"ARANZUEQUE CAMPELLO,",353,ESP,29.0,9.0,25.0,9.0,28.0,(37.0),(37.0),30.0,23.0,13.0,15.0,15.0,(33.0),15.0,27.0,4.0,(41.0),3.0,1.0,5.0,-,399,251
85,"NIKOLAJ HOFFMANN BUHL, MATHIAS BERTHET",3713,,32.0,15.0,14.0,12.0,17.0,17.0,32.0,32.0,32.0,(35.0),35.0,35.0,35.0,35.0,-,-,-,-,-,-,-,378.0,343.0
85,GOMEZ ROA JULIA,1702,,31.0,33.0,33.0,(49.0),44.0,39.0,42.0,42.0,30.0,33.0,36.0,36.0,30.0,35.0,35.0,34.0,23.0,45.0,25.0,(49.0),-,724,537
86,"KJELL HASCHEN, IVEN ANTON FROMM",2581,,32.0,32.0,32.0,32.0,32.0,32.0,22.0,21.0,18.0,(35.0),35.0,35.0,10.0,11.0,-,-,-,-,-,-,-,379.0,344.0
86,"LAVICKY, KAREL",2713,CZE,25.0,7.0,11.0,19.0,37.0,(66.0),(41.0),38.0,13.0,14.0,8.0,8.0,16.0,3.0,(18.0),13.0,(41.0),11.0,17.0,13.0,-,419,253
86,MARSHA SHAHRIN,3211,,43.0,23.0,21.0,(49.0),44.0,44.0,44.0,44.0,41.0,35.0,43.0,43.0,45.0,36.0,37.0,44.0,15.0,33.0,21.0,15.0,-,720,538
87,"MARKO SMOLIC, JURAJ RADACIC",3186,,32.0,25.0,25.0,27.0,27.0,26.0,26.0,32.0,24.0,(35.0),35.0,35.0,14.0,16.0,-,-,-,-,-,-,-,379.0,344.0
87,"GRANDA ROQUE, ANGEL",1718,ESP,9.0,31.0,31.0,41.0,(48.0),40.0,(46.0),35.0,(21.0),8.0,7.0,7.0,9.0,(78.0),8.0,3.0,3.0,3.0,17.0,5.0,-,450,257
87,KRISTYNA CHALUPNIKOVA,2633,,37.0,47.0,37.0,31.0,40.0,43.0,40.0,37.0,44.0,38.0,33.0,33.0,32.0,29.0,32.0,26.0,29.0,25.0,41.0,(49.0),-,723,540
88,"NICLAS LEHMANN, NIKLAS HABERL",3658,,29.0,17.0,32.0,32.0,24.0,28.0,22.0,14.0,17.0,(35.0),35.0,35.0,35.0,35.0,-,-,-,-,-,-,-,390.0,355.0
88,"MAKOTO, TOMIZAWA",3024,JPN,15.0,29.0,13.0,19.0,(36.0),(44.0),36.0,29.0,(37.0),18.0,6.0,6.0,7.0,8.0,(20.0),20.0,17.0,13.0,17.0,13.0,-,403,266
88,ELENA SANDERA,1238,SUI,45.0,41.0,41.0,(49.0),39.0,40.0,36.0,(49.0),20.0,12.0,29.0,29.0,42.0,48.0,42.0,48.0,43.0,7.0,(49.0),(49.0),-,758,562
89,ELIF ERCAN,1247,,43.0,39.0,31.0,27.0,45.0,45.0,41.0,39.0,40.0,46.0,(48.0),(48.0),44.0,39.0,41.0,42.0,29.0,21.0,21.0,23.0,-,752,566
89,"LUKAS KAMMERER, PAUL EBENBICHLER",2948,,25.0,24.0,24.0,32.0,32.0,32.0,32.0,32.0,32.0,(35.0),35.0,35.0,35.0,35.0,-,-,-,-,-,-,-,440.0,405.0
89,"MYSZKA, PIOTR",3585,POL,15.0,21.0,15.0,5.0,(57.0),45.0,(49.0),40.0,14.0,(43.0),(26.0),26.0,19.0,1.0,14.0,22.0,5.0,13.0,5.0,7.0,-,442,267
90,"RYAN LITTLECHILD, JACK HILDEBRAND",4256,,32.0,32.0,32.0,32.0,32.0,32.0,32.0,32.0,32.0,(35.0),35.0,35.0,35.0,35.0,-,-,-,-,-,-,-,463.0,428.0
90,BARBARA WINAU,447,,39.0,35.0,(49.0),29.0,43.0,44.0,32.0,37.0,45.0,42.0,40.0,40.0,43.0,38.0,40.0,40.0,45.0,41.0,27.0,13.0,-,762,579
90,"MATHIAS BERTHET, JEPPE NILSEN",3280,,32.0,32.0,32.0,32.0,32.0,32.0,32.0,32.0,32.0,(35.0),35.0,35.0,35.0,35.0,-,-,-,-,-,-,-,463.0,428.0
90,"GANAPATHY KELAPANDA CHENGAPPA, VARUN ASHOK THAKKAR",1605,,32.0,32.0,32.0,32.0,32.0,32.0,32.0,32.0,32.0,(35.0),35.0,35.0,35.0,35.0,-,-,-,-,-,-,-,463.0,428.0
90,"KEVIN FISCHER, YANN JAUVIN",2550,FRA,32.0,32.0,32.0,32.0,32.0,32.0,32.0,32.0,32.0,(35.0),35.0,35.0,35.0,35.0,-,-,-,-,-,-,-,463.0,428.0
90,"IKEDA, KENSEI",1979,JPN,13.0,17.0,11.0,17.0,(49.0),(43.0),38.0,37.0,17.0,10.0,(45.0),(45.0),18.0,5.0,11.0,41.0,9.0,9.0,7.0,15.0,-,457,275
91,LENA HAVERLAND,2739,GER,39.0,45.0,33.0,(49.0),42.0,42.0,46.0,47.0,46.0,37.0,41.0,41.0,38.0,37.0,44.0,35.0,37.0,31.0,37.0,19.0,-,786,600
91,"CARDONA BOCARANDO,",720,ESP,17.0,25.0,19.0,17.0,(57.0),(60.0),34.0,27.0,16.0,17.0,(34.0),(34.0),8.0,14.0,29.0,18.0,13.0,1.0,21.0,11.0,-,472,287
92,BUSE TUNC,695,,41.0,31.0,35.0,(49.0),46.0,45.0,43.0,43.0,42.0,43.0,44.0,44.0,40.0,41.0,43.0,37.0,33.0,31.0,37.0,29.0,-,797,614
92,"ELIMELECH , OFEK",1249,ISR,41.0,23.0,31.0,41.0,(61.0),50.0,(59.0),16.0,8.0,4.0,14.0,14.0,4.0,20.0,1.0,17.0,1.0,(21.0),5.0,(41.0),-,472,290
93,"TOMAS CARDELL, BERNAT",4874,ESP,33.0,33.0,11.0,7.0,42.0,(61.0),(48.0),33.0,18.0,6.0,9.0,9.0,15.0,(35.0),(28.0),19.0,7.0,21.0,23.0,7.0,-,465,293
93,LORENA ABICHT,2869,AUT,47.0,47.0,41.0,45.0,47.0,48.0,47.0,48.0,43.0,45.0,42.0,42.0,39.0,34.0,38.0,41.0,41.0,45.0,45.0,33.0,-,858,672
94,MARINA CHEROUVEIM,3157,,47.0,43.0,39.0,(49.0),47.0,46.0,44.0,44.0,47.0,40.0,46.0,46.0,46.0,42.0,45.0,43.0,47.0,41.0,41.0,37.0,-,880,690
94,"GAVIOLI, JACOPO",1621,ITA,17.0,25.0,27.0,27.0,24.0,16.0,(48.0),(46.0),22.0,21.0,(29.0),(29.0),22.0,16.0,21.0,23.0,11.0,5.0,13.0,7.0,-,449,297
95,SZENTIVANYI SARA,4659,,47.0,33.0,47.0,(49.0),46.0,47.0,48.0,46.0,39.0,44.0,45.0,45.0,47.0,40.0,46.0,45.0,45.0,(49.0),(49.0),41.0,-,898,703
95,"BORONAT SUAY, JOSE LUIS",623,ESP,15.0,17.0,13.0,23.0,60.0,(64.0),54.0,(78.0),1.0,1.0,(27.0),27.0,6.0,18.0,9.0,(32.0),17.0,11.0,19.0,7.0,-,499,298
96,"CAPPUZZO, FRANCESCO",718,ITA,23.0,17.0,15.0,23.0,47.0,(62.0),(51.0),41.0,(27.0),(38.0),11.0,11.0,17.0,11.0,25.0,24.0,5.0,5.0,3.0,21.0,-,477,299
97,"LIEFTING, ELI",2795,NZL,13.0,41.0,41.0,41.0,51.0,(56.0),(52.0),22.0,(29.0),26.0,5.0,5.0,27.0,10.0,6.0,(78.0),1.0,5.0,27.0,1.0,-,537,322
98,"CROOK, THOMAS",986,NZL,41.0,25.0,31.0,21.0,(76.0),(48.0),30.0,43.0,15.0,16.0,23.0,23.0,2.0,(78.0),(78.0),1.0,3.0,23.0,23.0,13.0,-,613,333
99,"HOVELING, MALIK",1921,ARU,21.0,17.0,23.0,(41.0),35.0,39.0,40.0,(41.0),(38.0),7.0,31.0,31.0,32.0,21.0,15.0,8.0,7.0,5.0,(41.0),5.0,-,498,337
100,"ROMANOWSKI, TOMASZ",4209,POL,17.0,37.0,17.0,23.0,29.0,(55.0),(45.0),37.0,3.0,(30.0),21.0,21.0,21.0,2.0,(30.0),25.0,25.0,25.0,23.0,19.0,-,505,345
101,"PASCUAL SUITT, PEDRO",3887,USA,21.0,35.0,19.0,15.0,(52.0),(50.0),50.0,48.0,(32.0),22.0,22.0,22.0,(31.0),29.0,7.0,6.0,31.0,7.0,7.0,15.0,-,521,356
102,"DIXEN, ALFRED TANG",1147,DEN,35.0,41.0,23.0,13.0,23.0,(67.0),21.0,(51.0),24.0,(48.0),42.0,42.0,10.0,(47.0),32.0,16.0,9.0,7.0,9.0,11.0,-,571,358
103,"BORS, MATE",625,HUN,27.0,29.0,19.0,41.0,(48.0),(53.0),44.0,45.0,11.0,20.0,18.0,18.0,28.0,(44.0),19.0,(33.0),11.0,11.0,11.0,9.0,-,539,361
104,"KIM, CHANEUI",2571,KOR,19.0,37.0,19.0,17.0,34.0,36.0,(39.0),(45.0),31.0,23.0,(44.0),44.0,34.0,9.0,(78.0),28.0,17.0,7.0,5.0,15.0,-,581,375
105,"DAMGAARD, CHRISTOFFER",1011,DEN,37.0,27.0,17.0,41.0,(64.0),42.0,42.0,(48.0),(49.0),32.0,10.0,10.0,12.0,(56.0),12.0,5.0,21.0,9.0,37.0,29.0,-,600,383
106,"TUGARYEV, OLEKSANDR",4917,UKR,21.0,31.0,35.0,21.0,(39.0),38.0,35.0,(50.0),(53.0),12.0,(39.0),39.0,24.0,25.0,24.0,26.0,13.0,13.0,9.0,19.0,-,566,385
107,"SANTA, BENCE",4324,HUN,21.0,13.0,19.0,27.0,(53.0),51.0,(62.0),51.0,(39.0),(41.0),17.0,17.0,38.0,24.0,34.0,31.0,17.0,11.0,13.0,9.0,-,588,393
108,"CARIOLOU, ANDREAS",726,CYP,33.0,31.0,33.0,29.0,41.0,42.0,(58.0),(44.0),12.0,25.0,19.0,19.0,25.0,(39.0),37.0,(39.0),15.0,13.0,25.0,11.0,-,590,410
109,"KANG, HYEONGJUNG",2470,KOR,27.0,25.0,33.0,25.0,(66.0),58.0,52.0,(67.0),33.0,(42.0),16.0,16.0,20.0,12.0,(78.0),27.0,23.0,19.0,19.0,19.0,-,677,424
110,"KUBIN, ROBERT",2642,SVK,41.0,15.0,29.0,21.0,44.0,(48.0),(54.0),47.0,28.0,29.0,(40.0),(40.0),36.0,22.0,31.0,30.0,9.0,15.0,11.0,19.0,-,609,427
111,"ALEXIS, MATHIS",143,FRA,19.0,25.0,23.0,17.0,(54.0),30.0,(56.0),43.0,(66.0),(69.0),36.0,36.0,46.0,28.0,48.0,29.0,11.0,19.0,3.0,15.0,-,673,428
112,"TEMKO, ALEXANDER",4714,USA,11.0,15.0,21.0,(41.0),(36.0),18.0,36.0,30.0,6.0,28.0,35.0,35.0,(78.0),(78.0),78.0,78.0,5.0,7.0,9.0,17.0,-,662,429
113,"JOYNER, HARRY H",2352,AUS,11.0,11.0,21.0,23.0,(68.0),(65.0),61.0,61.0,25.0,36.0,32.0,32.0,(47.0),(61.0),33.0,35.0,13.0,23.0,3.0,11.0,-,672,431
114,"WINCHCOMBE, CAELIN",5153,AUS,31.0,25.0,23.0,11.0,(65.0),49.0,(59.0),46.0,(57.0),27.0,33.0,33.0,40.0,17.0,(41.0),37.0,11.0,25.0,7.0,35.0,-,672,450
115,"KURAMOCHI , DAIYA",2648,JPN,29.0,25.0,27.0,25.0,(63.0),(57.0),57.0,50.0,19.0,31.0,43.0,43.0,(78.0),(48.0),16.0,45.0,15.0,29.0,11.0,9.0,-,720,474
116,"TOMASINI, LEONARDO",4891,ITA,21.0,29.0,27.0,11.0,(52.0),52.0,(53.0),38.0,40.0,39.0,(46.0),(46.0),29.0,37.0,36.0,34.0,13.0,31.0,15.0,23.0,-,672,475
117,"JOYNER, JACK H G",2353,AUS,35.0,21.0,29.0,19.0,(78.0),(78.0),78.0,78.0,35.0,24.0,12.0,12.0,(52.0),26.0,23.0,21.0,27.0,17.0,(41.0),21.0,-,727,478
118,"ABREU, TIAGO",8,POR,23.0,15.0,27.0,25.0,45.0,47.0,(60.0),(53.0),(52.0),(54.0),28.0,28.0,43.0,6.0,43.0,46.0,15.0,25.0,41.0,23.0,-,699,480
119,"KALPOGIANNAKIS ,",2456,GRE,27.0,29.0,15.0,41.0,(71.0),49.0,41.0,(56.0),20.0,(49.0),(41.0),41.0,41.0,34.0,22.0,36.0,9.0,17.0,41.0,41.0,-,721,504
120,"COHEN, YOAV",929,ISR,21.0,23.0,17.0,(27.0),(32.0),26.0,23.0,25.0,(78.0),(78.0),78.0,78.0,26.0,78.0,26.0,15.0,25.0,3.0,41.0,3.0,-,723,508
121,"ANAMI, TOMONORI",200,JPN,35.0,23.0,21.0,25.0,55.0,54.0,(62.0),(57.0),26.0,33.0,(54.0),54.0,(60.0),33.0,39.0,38.0,21.0,27.0,13.0,17.0,-,747,514
122,"PEREZ HULTS, SAMUEL",3960,DOM,29.0,33.0,35.0,41.0,(58.0),54.0,47.0,(65.0),(45.0),35.0,24.0,24.0,23.0,31.0,(78.0),42.0,35.0,19.0,19.0,29.0,-,766,520
123,"OH, ELKAN",3791,SGP,29.0,27.0,25.0,17.0,47.0,(65.0),(55.0),54.0,51.0,(63.0),(52.0),52.0,37.0,36.0,40.0,47.0,19.0,35.0,5.0,25.0,-,781,546
124,"RIUTORT GARCIA, JOAN",4163,ESP,23.0,19.0,33.0,17.0,56.0,(57.0),45.0,(61.0),44.0,57.0,(58.0),(58.0),39.0,27.0,42.0,52.0,25.0,21.0,21.0,27.0,-,782,548
125,"DRDA, DAVID",1177,CZE,35.0,35.0,21.0,29.0,50.0,(60.0),(57.0),52.0,36.0,40.0,(53.0),(53.0),42.0,30.0,45.0,40.0,33.0,41.0,19.0,5.0,-,776,553
126,"CHANTREL, JULES",813,FRA,25.0,29.0,29.0,27.0,60.0,(62.0),(63.0),58.0,34.0,(62.0),49.0,49.0,48.0,46.0,(54.0),44.0,19.0,17.0,23.0,21.0,-,819,578
127,"GOKTEPE, LUIS",1697,TUR,31.0,19.0,23.0,31.0,(74.0),(68.0),60.0,57.0,(55.0),47.0,(51.0),51.0,35.0,42.0,44.0,51.0,29.0,27.0,11.0,27.0,-,833,585
128,"ROOLAHT, RENAR",4217,EST,29.0,27.0,35.0,21.0,63.0,(71.0),(67.0),60.0,58.0,(72.0),20.0,20.0,(69.0),41.0,35.0,56.0,35.0,23.0,41.0,33.0,-,876,597
129,"ANIC, IAN",282,CRO,25.0,27.0,35.0,13.0,(71.0),59.0,66.0,(71.0),(59.0),51.0,50.0,50.0,(68.0),38.0,50.0,53.0,23.0,31.0,27.0,9.0,-,876,607
130,"DERINLER, DORA",1102,TUR,33.0,33.0,25.0,35.0,(72.0),55.0,(61.0),53.0,42.0,65.0,(67.0),(67.0),44.0,52.0,55.0,54.0,27.0,23.0,15.0,23.0,-,901,634
131,"MAZAIS, DAVIS",3396,LAT,19.0,41.0,29.0,19.0,(67.0),(68.0),67.0,57.0,47.0,55.0,(68.0),(68.0),54.0,50.0,62.0,48.0,21.0,33.0,15.0,21.0,-,909,638
132,"GIRITLIOGLU, KERIM",1682,TUR,27.0,23.0,33.0,21.0,62.0,(63.0),(71.0),62.0,(68.0),(68.0),66.0,66.0,53.0,32.0,60.0,59.0,19.0,25.0,25.0,17.0,-,920,650
133,"ARSLAN, BATUHAN",379,TUR,27.0,29.0,37.0,41.0,64.0,(72.0),(68.0),63.0,(65.0),53.0,(56.0),56.0,45.0,40.0,46.0,55.0,31.0,21.0,21.0,25.0,-,915,654
134,"STORVANG, KASPER",4624,DEN,37.0,17.0,29.0,35.0,(65.0),(69.0),63.0,59.0,(64.0),(58.0),47.0,47.0,58.0,53.0,38.0,43.0,29.0,41.0,29.0,31.0,-,912,656
135,"DITZEN, JAKOB",1145,GER,33.0,31.0,31.0,31.0,46.0,59.0,(71.0),(65.0),(69.0),(70.0),60.0,60.0,64.0,51.0,51.0,64.0,19.0,31.0,9.0,31.0,-,946,671
136,"SAITO, YUGO",4277,JPN,27.0,33.0,37.0,31.0,(74.0),(66.0),64.0,63.0,60.0,59.0,59.0,59.0,(61.0),45.0,49.0,(62.0),23.0,19.0,15.0,31.0,-,937,674
137,"ELIASEN, ANDERS",1246,DEN,31.0,33.0,37.0,41.0,55.0,(56.0),53.0,(56.0),30.0,37.0,37.0,37.0,(78.0),43.0,(78.0),78.0,41.0,41.0,41.0,41.0,-,944,676
138,"KANAGAMI, SOTA",2466,JPN,31.0,37.0,39.0,37.0,54.0,61.0,(65.0),(70.0),56.0,50.0,(70.0),(70.0),49.0,64.0,57.0,68.0,21.0,17.0,13.0,25.0,-,954,679
139,"MARQUARDT, JACK",3206,AUS,29.0,27.0,35.0,39.0,51.0,(67.0),(70.0),59.0,46.0,45.0,(64.0),64.0,50.0,60.0,47.0,(78.0),33.0,15.0,41.0,41.0,-,961,682
140,"ROOLAHT, ROMEK",4218,EST,37.0,37.0,37.0,15.0,69.0,(73.0),(72.0),66.0,50.0,(71.0),48.0,48.0,(59.0),49.0,52.0,58.0,29.0,29.0,35.0,37.0,-,971,696
141,"MANCHON, CURRO",3047,ESP,31.0,35.0,31.0,41.0,58.0,(75.0),(68.0),64.0,54.0,46.0,55.0,55.0,(63.0),(78.0),61.0,50.0,33.0,27.0,25.0,31.0,-,981,697
142,"DZIRNIEKS, MARTINS",1195,LAT,33.0,37.0,33.0,41.0,59.0,(74.0),(65.0),64.0,62.0,44.0,38.0,38.0,(70.0),65.0,(67.0),49.0,31.0,41.0,41.0,29.0,-,981,705
143,"COSTA HOEVEL, SANTIAGO",960,ESP,31.0,29.0,19.0,33.0,56.0,(58.0),(58.0),57.33,48.0,34.0,(78.0),(78.0),78.0,78.0,78.0,78.0,15.0,33.0,21.0,17.0,-,"977,33","705,33"
144,"DESTOMBES, CLEMENT",1104,FRA,25.0,31.0,33.0,33.0,(75.0),(70.0),66.0,67.0,(71.0),60.0,65.0,65.0,55.0,54.0,56.0,(70.0),23.0,31.0,25.0,27.0,-,1002,716
145,"MENDELENKO , OLEKSANDR",3424,UKR,41.0,35.0,25.0,23.0,(70.0),70.0,(73.0),70.0,43.0,52.0,61.0,61.0,57.0,(78.0),(69.0),60.0,27.0,37.0,33.0,25.0,-,1010,720
146,"EVRARD, CYRIL",1384,BEL,35.0,35.0,37.0,31.0,(73.0),(63.0),56.0,62.0,61.0,(73.0),63.0,63.0,51.0,(67.0),64.0,66.0,27.0,33.0,29.0,29.0,-,1018,742
147,"TUNCER, ALI BERK",4921,TUR,33.0,37.0,27.0,37.0,(67.0),(69.0),64.0,55.0,(67.0),67.0,57.0,57.0,(71.0),63.0,65.0,57.0,33.0,35.0,29.0,33.0,-,1023,749
148,"LO, JUN HAO",2855,SGP,35.0,39.0,33.0,41.0,72.0,(76.0),47.45,(78.0),(70.0),61.0,(69.0),69.0,62.0,58.0,63.0,61.0,29.0,29.0,17.0,35.0,-,"1044,45","751,45"
149,"KOSSOVICS, MATE",2617,HUN,29.0,33.0,37.0,29.0,(77.0),(72.0),69.0,66.0,63.0,56.0,(73.0),73.0,(78.0),62.0,58.0,63.0,25.0,27.0,31.0,33.0,-,1054,754
150,"PETER, THEO",3977,AUT,29.0,31.0,35.0,33.0,68.0,64.0,(74.0),(69.0),(75.0),66.0,62.0,62.0,66.0,57.0,53.0,(71.0),35.0,33.0,33.0,33.0,-,1049,760
151,"TARLAO, ZENO",4694,ITA,31.0,37.0,31.0,25.0,70.0,(71.0),(72.0),68.0,(74.0),(75.0),74.0,74.0,65.0,59.0,59.0,65.0,31.0,15.0,27.0,35.0,-,1058,766
152,"MIK, JOONAS",3475,EST,31.0,33.0,29.0,33.0,69.0,(74.0),(70.0),69.0,(73.0),(74.0),71.0,71.0,56.0,55.0,68.0,69.0,37.0,29.0,31.0,23.0,-,1065,774
153,"GUEMBRI, MEHDI",1741,TUN,33.0,21.0,25.0,35.0,(73.0),(75.0),69.0,68.0,(72.0),64.0,(72.0),72.0,67.0,66.0,66.0,67.0,37.0,41.0,27.0,27.0,-,1077,785
154,"LAURENZA, MICHELE",2711,ITA,41.0,41.0,41.0,41.0,(78.0),(78.0),78.0,78.0,(78.0),(78.0),78.0,78.0,78.0,78.0,78.0,78.0,41.0,41.0,41.0,41.0,-,1264,952
