Posição,Nome Competidor,ID Competidor,Nacionalidade,1,2,3,4,5,6,7,8,9,10,11,12,13,1Q,2Q,3Q,4Q,5Q,6Q,Total,Nett
1,"PETER BURLING, BLAIR TUKE",3968,,1.0,5.0,1.0,1.0,3.0,1.0,1.0,(15.0),4.0,11.0,1.0,1.0,4.0,-,-,-,-,-,-,53.0,38.0
1,KAZUMASA SEGAWA,2520,JPN,(43.0),(39.0),27.0,17.0,28.0,32.0,-,-,-,-,-,-,-,1.0,5.0,13.0,1.0,3.0,2.0,211.0,129.0
1,KARL-MARTIN RAMMO,2485,EST,(28.0),(25.0),11.0,14.0,17.0,6.0,-,-,-,-,-,-,-,1.0,14.0,15.0,3.0,2.0,9.0,145.0,92.0
1,PHILIPP BUHL,3995,GER,(4.0),1.0,1.0,1.0,1.0,2.0,-,-,-,-,-,-,-,2.0,3.0,5.0,6.0,(10.0),4.0,40.0,26.0
1,MARIT BOUWMEESTER,3179,NED,(3.0),3.0,1.0,1.0,1.0,1.0,-,-,-,-,-,-,-,1.0,24.0,10.0,(29.0),-,-,74.0,42.0
1,"TAMARA ECHEGOYEN, PAULA BARCELO",4678,ESP,5.0,1.0,4.0,2.0,1.0,3.0,2.0,1.0,10.0,3.0,(14.0),5.0,-,-,-,-,-,-,-,56.0,42.0
1,JOYCE FLORIDIA,2351,ITA,(28.0),28.0,24.0,(29.0),27.0,-,-,-,-,-,-,-,-,28.0,1.0,5.0,15.0,2.0,-,187.0,130.0
2,MATT WEARN,3315,AUS,6.0,4.0,2.0,2.0,2.0,(11.0),-,-,-,-,-,-,-,4.0,8.0,2.0,2.0,(9.0),6.0,58.0,38.0
2,MILIVOJ DUKIC,3492,MNE,(22.0),16.0,8.0,9.0,17.0,21.0,-,-,-,-,-,-,-,(43.0),1.0,2.0,1.0,21.0,2.0,163.0,98.0
2,"CHARLOTTE DOBSON, SASKIA TIDEY",824,,1.0,1.0,11.0,2.0,2.0,3.0,3.0,2.0,3.0,(15.0),4.0,10.0,-,-,-,-,-,-,-,67.0,52.0
2,"ANNABELLE
  RENNIE-YOUNGER",310,NZL,17.0,(33.0),(33.0),25.0,28.0,-,-,-,-,-,-,-,-,31.0,9.0,8.0,2.0,12.0,-,198.0,132.0
2,GIACOMO MUSONE,1657,ITA,24.0,15.0,26.0,(35.0),32.0,(33.0),-,-,-,-,-,-,-,5.0,9.0,9.0,6.0,4.0,9.0,207.0,139.0
2,"DIEGO BOTIN, IAGO LOPEZ MARRA",1125,,4.0,9.0,1.0,1.0,1.0,3.0,13.0,5.0,1.0,(23.0),2.0,8.0,5.0,-,-,-,-,-,-,81.0,58.0
2,MAXIME JONKER,3375,NED,(54.0),20.0,3.0,4.0,3.0,3.0,-,-,-,-,-,-,-,3.0,3.0,(21.0),5.0,-,-,119.0,44.0
3,YIGIT YALCIN CITAK,5223,TUR,20.0,(33.0),30.0,24.0,30.0,(31.0),-,-,-,-,-,-,-,9.0,1.0,10.0,13.0,5.0,11.0,217.0,153.0
3,LINE FLEM HOST,2827,NOR,(19.0),2.0,5.0,10.0,13.0,1.0,-,-,-,-,-,-,-,6.0,5.0,3.0,(43.0),-,-,107.0,45.0
3,"ERIK HEIL, THOMAS PLOESSEL",1338,GER,8.0,3.0,6.0,1.0,5.0,3.0,10.0,(25.0),12.0,1.0,5.0,4.0,1.0,-,-,-,-,-,-,85.0,60.0
3,CAROLINA ALBANO,760,ITA,20.0,(32.0),26.0,27.0,26.0,-,-,-,-,-,-,-,-,(31.0),5.0,1.0,10.0,19.0,-,197.0,134.0
3,TONCI STIPANOVIC,4903,CRO,1.0,2.0,(13.0),2.0,6.0,1.0,-,-,-,-,-,-,-,18.0,15.0,4.0,4.0,(21.0),11.0,98.0,64.0
3,JAKUB RODZIEWICZ,2085,POL,14.0,(21.0),14.0,12.0,19.0,(30.0),-,-,-,-,-,-,-,3.0,5.0,19.0,9.0,6.0,1.0,153.0,102.0
3,"STEPHANIE ROBLE, MAGGIE SHEA",4604,USA,3.0,8.0,8.0,6.0,12.0,8.0,15.0,8.0,7.0,(17.0),7.0,1.0,-,-,-,-,-,-,-,101.0,84.0
4,"BENJAMIN BILDSTEIN, DAVID HUSSL",507,AUT,2.0,1.0,2.0,3.0,2.0,2.0,2.0,1.0,(20.0),12.0,20.0,2.0,6.0,-,-,-,-,-,-,81.0,61.0
4,"LILI SEBESI, ALBANE DUBOIS",2799,FRA,2.0,12.0,6.0,(18.0),14.0,7.0,6.0,4.0,9.0,6.0,6.0,8.0,-,-,-,-,-,-,-,106.0,88.0
4,"ANNE-MARIE
  RINDOM",318,DEN,1.0,3.0,2.0,2.0,(18.0),10.0,-,-,-,-,-,-,-,20.0,15.0,4.0,(38.0),-,-,113.0,57.0
4,JEAN BAPTISTE BERNAZ,2154,FRA,1.0,(7.0),1.0,1.0,4.0,1.0,-,-,-,-,-,-,-,(43.0),1.0,3.0,32.0,1.0,21.0,116.0,66.0
4,"DOLORES
  MOREIRA FRASCHINI",1155,URU,15.0,25.0,(36.0),16.0,34.0,-,-,-,-,-,-,-,-,(54.0),10.0,35.0,3.0,6.0,-,234.0,144.0
4,JULIO ALSOGARAY,2417,ARG,(43.0),18.0,16.0,13.0,12.0,17.0,-,-,-,-,-,-,-,(43.0),10.0,6.0,6.0,5.0,4.0,193.0,107.0
4,ARTHIT MIKHAIL ROMANYK,382,THA,27.0,19.0,28.0,28.0,30.0,(33.0),-,-,-,-,-,-,-,2.0,7.0,4.0,(43.0),6.0,4.0,231.0,155.0
5,ELLIOT HANSON,1263,GBR,2.0,8.0,2.0,8.0,3.0,(14.0),-,-,-,-,-,-,-,3.0,2.0,12.0,10.0,16.0,(19.0),99.0,66.0
5,"VICTORIA JURCZOK, ANIKA LORENZ",5029,GER,8.0,3.0,1.0,7.0,3.0,9.0,13.0,(17.0),12.0,14.0,15.0,2.0,-,-,-,-,-,-,-,106.0,89.0
5,ETHAN MCAULLAY,1362,AUS,9.0,17.0,20.0,14.0,11.0,(24.0),-,-,-,-,-,-,-,10.0,17.0,5.0,8.0,3.0,(27.0),165.0,114.0
5,"WILLIAM PHILLIPS, SAM PHILLIPS",5146,,(13.0),3.0,11.0,2.0,5.0,1.0,4.0,13.0,9.0,5.0,8.0,13.0,7.0,-,-,-,-,-,-,101.0,88.0
5,GUSTAVO CORREA NASCIMENTO,1758,BRA,29.0,(34.0),22.0,29.0,27.0,21.0,-,-,-,-,-,-,-,4.0,2.0,1.0,(43.0),7.0,23.0,242.0,165.0
5,CLARA GRAVELY,908,CAN,(47.0),45.0,17.0,20.0,19.0,-,-,-,-,-,-,-,-,25.0,16.0,4.0,1.0,(54.0),-,248.0,147.0
5,MAGDALENA KWASNA,2999,POL,8.0,(17.0),10.0,2.0,2.0,10.0,-,-,-,-,-,-,-,2.0,(17.0),7.0,17.0,-,-,92.0,58.0
6,HERMANN TOMASGAARD,1886,NOR,(11.0),11.0,7.0,11.0,3.0,6.0,-,-,-,-,-,-,-,1.0,5.0,9.0,15.0,(35.0),3.0,117.0,71.0
6,"ANNE-JULIE SCHUTT, IBEN NIELSBY",316,,3.0,5.0,6.0,3.0,10.0,4.0,(26.0),5.0,6.0,25.0,18.0,3.0,-,-,-,-,-,-,-,117.0,91.0
6,SAMUEL KING,4308,AUS,20.0,30.0,(35.0),29.0,29.0,29.0,-,-,-,-,-,-,-,(43.0),14.0,15.0,3.0,1.0,1.0,249.0,171.0
6,"JOSEFIN
  OLSSON",2330,SWE,(36.0),7.0,15.0,3.0,1.0,3.0,-,-,-,-,-,-,-,4.0,12.0,15.0,(25.0),-,-,121.0,60.0
6,"LOGAN DUNNING BECK, OSCAR GUNN",2860,,8.0,2.0,12.0,4.0,(15.0),7.0,12.0,14.0,5.0,3.0,4.0,3.0,8.0,-,-,-,-,-,-,105.0,90.0
6,MAURA DEWEY,3348,CAN,31.0,(54.0),32.0,31.0,(40.0),-,-,-,-,-,-,-,-,24.0,12.0,9.0,9.0,1.0,-,243.0,149.0
6,WILLIAM DE SMET,5141,BEL,21.0,19.0,18.0,12.0,(29.0),(27.0),-,-,-,-,-,-,-,14.0,8.0,1.0,21.0,4.0,8.0,182.0,126.0
7,LUKE ELLIOTT,2961,AUS,3.0,6.0,2.0,1.0,(10.0),5.0,-,-,-,-,-,-,-,6.0,10.0,15.0,14.0,(24.0),10.0,106.0,72.0
7,FRANCISCO GUARAGNA RIGONAT,1529,ARG,10.0,19.0,16.0,(28.0),18.0,11.0,-,-,-,-,-,-,-,20.0,2.0,(22.0),18.0,10.0,12.0,186.0,136.0
7,"JONAS WARRER, JAKOB PRECHT JENSEN",2296,,14.0,17.0,3.0,(23.0),1.0,5.0,5.0,6.0,3.0,13.0,11.0,10.0,2.0,-,-,-,-,-,-,115.0,92.0
7,MINA FERGUSON,3499,AUS,7.0,16.0,(37.0),31.0,35.0,-,-,-,-,-,-,-,-,(41.0),15.0,18.0,22.0,5.0,-,227.0,149.0
7,"PARIS HENKEN, ANNA TOBIAS",3880,USA,7.0,15.0,(20.0),1.0,4.0,1.0,7.0,14.0,15.0,1.0,12.0,7.0,-,-,-,-,-,-,-,111.0,91.0
7,LUKE RUITENBERG,2963,CAN,24.0,28.0,28.0,(30.0),(32.0),22.0,-,-,-,-,-,-,-,3.0,8.0,19.0,24.0,10.0,7.0,235.0,173.0
7,DAPHNE VAN DER VAART,1044,NED,11.0,(21.0),9.0,6.0,4.0,6.0,-,-,-,-,-,-,-,27.0,(36.0),1.0,3.0,-,-,124.0,67.0
8,KHAIRULNIZAM MOHD AFENDY,2555,MAS,(23.0),23.0,20.0,(26.0),18.0,18.0,-,-,-,-,-,-,-,8.0,13.0,10.0,16.0,12.0,5.0,192.0,143.0
8,"ATHANASIA
  FAKIDI",405,GRE,23.0,32.0,(39.0),(40.0),33.0,-,-,-,-,-,-,-,-,29.0,6.0,11.0,12.0,8.0,-,233.0,154.0
8,"ANNEMIEK BEKKERING, ANNETTE DUETZ",321,NED,13.0,2.0,(16.0),11.0,12.0,2.0,11.0,9.0,2.0,12.0,10.0,4.0,-,-,-,-,-,-,-,108.0,92.0
8,SAM MEECH,4288,NZL,5.0,5.0,5.0,5.0,1.0,(10.0),-,-,-,-,-,-,-,14.0,6.0,10.0,18.0,17.0,(26.0),122.0,86.0
8,YUICHIRO KITAMURA,5237,JPN,27.0,(30.0),25.0,26.0,(34.0),24.0,-,-,-,-,-,-,-,10.0,13.0,3.0,11.0,20.0,15.0,238.0,174.0
8,MANAMI DOI,3044,JPN,6.0,4.0,7.0,(19.0),5.0,7.0,-,-,-,-,-,-,-,22.0,1.0,(27.0),15.0,-,-,113.0,67.0
8,"DYLAN FLETCHE, R-SCOTT, STUART BITHELL",1189,,1.0,1.0,2.0,13.0,7.0,(27.0),3.0,3.0,17.0,17.0,23.0,5.0,3.0,-,-,-,-,-,-,125.0,98.0
9,MAXIME MAZARD,3376,FRA,4.0,8.0,8.0,24.0,(36.0),23.0,-,-,-,-,-,-,-,2.0,28.0,(29.0),14.0,17.0,21.0,214.0,149.0
9,STIJN PAARDEKOOPER,4617,NED,28.0,(36.0),(36.0),32.0,30.0,34.0,-,-,-,-,-,-,-,17.0,3.0,5.0,5.0,16.0,8.0,250.0,178.0
9,"JUSTUS SCHMIDT, MAX BOEHME",2439,GER,13.0,11.0,(18.0),3.0,3.0,4.0,7.0,4.0,6.0,10.0,10.0,14.0,10.0,-,-,-,-,-,-,123.0,105.0
9,"TINA LUTZ, LOTTA WIEMERS",4825,,1.0,2.0,2.0,19.0,10.0,11.0,(24.0),24.0,4.0,4.0,3.0,6.0,-,-,-,-,-,-,-,116.0,92.0
9,CORALIE VITTECOQ,952,CAN,9.0,(39.0),29.0,(38.0),25.0,-,-,-,-,-,-,-,-,35.0,27.0,7.0,4.0,23.0,-,236.0,159.0
9,JESPER STALHEIM,2195,SWE,(8.0),5.0,4.0,6.0,5.0,8.0,-,-,-,-,-,-,-,10.0,22.0,1.0,8.0,(25.0),24.0,126.0,93.0
9,EMMA PLASSCHAERT,1301,BEL,(9.0),2.0,3.0,1.0,3.0,8.0,-,-,-,-,-,-,-,(30.0),25.0,9.0,18.0,-,-,108.0,69.0
10,FILIP JURISIC,1461,CRO,4.0,(15.0),1.0,4.0,6.0,3.0,-,-,-,-,-,-,-,17.0,(32.0),16.0,24.0,12.0,7.0,141.0,94.0
10,CLEMENTE SEGUEL LACAMARA,922,CHI,(30.0),13.0,24.0,10.0,18.0,3.0,-,-,-,-,-,-,-,(43.0),11.0,25.0,10.0,19.0,22.0,228.0,155.0
10,"SIME FANTELA, MIHOVIL FANTELA",4491,,10.0,10.0,8.0,6.0,2.0,7.0,(20.0),2.0,13.0,7.0,17.0,6.0,9.0,-,-,-,-,-,-,126.0,106.0
10,"TESS LLOYD, JAIME RYAN",4723,,6.0,3.0,1.0,12.0,8.0,5.0,10.0,11.0,8.0,19.0,(25.0),9.0,-,-,-,-,-,-,-,126.0,101.0
10,"AISLING
  KELLER",56,IRL,(42.0),18.0,(32.0),24.0,29.0,-,-,-,-,-,-,-,-,25.0,2.0,32.0,17.0,14.0,-,235.0,161.0
10,"MIRTHE
  AKKERMAN",3513,NED,4.0,9.0,(54.0),10.0,11.0,14.0,-,-,-,-,-,-,-,9.0,(35.0),12.0,2.0,-,-,160.0,71.0
10,JUSTIN NORTON,2433,CAN,28.0,24.0,(34.0),31.0,(37.0),32.0,-,-,-,-,-,-,-,19.0,11.0,6.0,7.0,8.0,12.0,249.0,178.0
11,VASILEIA KARACHALIOU,4996,POR,2.0,6.0,(14.0),11.0,4.0,12.0,-,-,-,-,-,-,-,8.0,32.0,(49.0),6.0,-,-,144.0,81.0
11,"AMELIA STABBACK, CAITLIN ELKS",183,,14.0,16.0,3.0,5.0,7.0,14.0,(18.0),10.0,1.0,8.0,8.0,-,-,-,-,-,-,-,-,104.0,86.0
11,WILHELM KARK,5126,SWE,25.0,32.0,31.0,34.0,25.0,(43.0),-,-,-,-,-,-,-,8.0,4.0,(43.0),2.0,2.0,21.0,270.0,184.0
11,WANNES VAN LAER,5088,BEL,11.0,5.0,(13.0),6.0,2.0,2.0,-,-,-,-,-,-,-,(32.0),29.0,20.0,19.0,3.0,1.0,143.0,98.0
11,"BART LAMBRIEX, PIM VAN VUGT",461,,3.0,1.0,5.0,4.0,8.0,11.0,15.0,7.0,(25.0),4.0,25.0,9.0,-,-,-,-,-,-,-,117.0,92.0
11,RICHARD MAHER,4148,AUS,(30.0),23.0,23.0,22.0,20.0,26.0,-,-,-,-,-,-,-,5.0,(40.0),9.0,12.0,13.0,3.0,226.0,156.0
11,FRANCESCA FRAZZA,1521,ITA,30.0,30.0,34.0,(37.0),(42.0),-,-,-,-,-,-,-,-,32.0,17.0,16.0,8.0,4.0,-,250.0,171.0
12,"MARTINE SOFFIATTI GRAEL, KAHENA KUNZE",3245,,12.0,4.0,16.0,1.0,4.0,13.0,1.0,(22.0),11.0,11.0,13.0,-,-,-,-,-,-,-,-,108.0,86.0
12,FREDRIK WESTMAN,1566,FIN,33.0,(36.0),22.0,28.0,(35.0),31.0,-,-,-,-,-,-,-,13.0,16.0,7.0,12.0,23.0,13.0,269.0,198.0
12,"SEBASTIEN SCHNEITER, LUCIEN CUJEAN",4420,SUI,14.0,11.0,6.0,10.0,6.0,3.0,11.0,9.0,10.0,8.0,9.0,(20.0),-,-,-,-,-,-,-,117.0,97.0
12,"ANNALISE
  MURPHY",312,IRL,(38.0),9.0,1.0,9.0,7.0,2.0,-,-,-,-,-,-,-,(54.0),2.0,2.0,54.0,-,-,178.0,86.0
12,"VALENTINA
  BALBI",4966,ITA,(32.0),30.0,23.0,30.0,28.0,-,-,-,-,-,-,-,-,26.0,22.0,14.0,5.0,(54.0),-,264.0,178.0
12,PAVLOS KONTIDES,3933,CYP,3.0,4.0,6.0,(13.0),12.0,5.0,-,-,-,-,-,-,-,27.0,(43.0),17.0,5.0,13.0,8.0,156.0,100.0
12,DANIIL KRUTSKIKH,1039,RUS,(39.0),18.0,21.0,16.0,21.0,24.0,-,-,-,-,-,-,-,29.0,(34.0),7.0,2.0,15.0,11.0,237.0,164.0
13,"MARCO SOFFIATTI, GABRIEL BORGES",3090,,4.0,10.0,15.0,5.0,14.0,6.0,14.0,16.0,7.0,2.0,14.0,(18.0),-,-,-,-,-,-,-,125.0,107.0
13,"IDA MARIE BAAD NIELSEN, MARIE THUSGAARD OLSEN",1965,,5.0,(23.0),7.0,3.0,6.0,18.0,9.0,21.0,16.0,5.0,9.0,-,-,-,-,-,-,-,-,122.0,99.0
13,SVENJA WEGER,4650,GER,3.0,26.0,10.0,5.0,(31.0),12.0,-,-,-,-,-,-,-,7.0,16.0,8.0,(28.0),-,-,146.0,87.0
13,MICHAEL BECKETT,3441,GBR,1.0,(17.0),5.0,5.0,3.0,4.0,-,-,-,-,-,-,-,30.0,11.0,18.0,28.0,(33.0),2.0,157.0,107.0
13,EMIL BENGTSON,1277,SWE,27.0,12.0,29.0,13.0,23.0,(30.0),-,-,-,-,-,-,-,16.0,6.0,(35.0),11.0,22.0,6.0,230.0,165.0
13,CAROLINE SOFIA ROSMO,765,NOR,(36.0),(41.0),28.0,33.0,34.0,-,-,-,-,-,-,-,-,26.0,19.0,17.0,18.0,9.0,-,261.0,184.0
13,GEORG PHILIP BUNK LAURITSEN,1632,DEN,34.0,27.0,32.0,33.0,(35.0),(39.0),-,-,-,-,-,-,-,11.0,6.0,11.0,23.0,19.0,6.0,276.0,202.0
14,LEO BOUCHER,2750,USA,(37.0),29.0,33.0,(35.0),33.0,34.0,-,-,-,-,-,-,-,6.0,10.0,12.0,16.0,31.0,3.0,279.0,207.0
14,PAIGE RAILEY,3859,USA,(27.0),4.0,23.0,7.0,9.0,6.0,-,-,-,-,-,-,-,(34.0),11.0,23.0,9.0,-,-,153.0,92.0
14,"PATRICIA SUAREZ, NICOLE VAN DER VELDEN",3894,,9.0,14.0,18.0,13.0,5.0,1.0,22.0,20.0,(24.0),2.0,1.0,-,-,-,-,-,-,-,-,129.0,105.0
14,DUKO BOS,1182,NED,9.0,2.0,14.0,7.0,(19.0),6.0,-,-,-,-,-,-,-,21.0,19.0,8.0,7.0,(26.0),16.0,154.0,109.0
14,"ANDREW MOLLERUS, IAN MACDIARMID",260,USA,5.0,5.0,1.0,6.0,8.0,5.0,16.0,(21.0),15.0,14.0,18.0,15.0,-,-,-,-,-,-,-,129.0,108.0
14,"JACINTA
  AINSWORTH",2036,AUS,(40.0),40.0,21.0,36.0,38.0,-,-,-,-,-,-,-,-,39.0,4.0,3.0,7.0,(54.0),-,282.0,188.0
14,FRANCISCO RENNA,1533,ARG,12.0,20.0,21.0,23.0,20.0,(25.0),-,-,-,-,-,-,-,(43.0),3.0,26.0,22.0,11.0,19.0,245.0,177.0
15,MARIE BOLOU,3141,FRA,4.0,8.0,(15.0),15.0,7.0,13.0,-,-,-,-,-,-,-,(40.0),9.0,25.0,11.0,-,-,147.0,92.0
15,TOM BURTON,4855,AUS,7.0,13.0,9.0,7.0,8.0,(15.0),-,-,-,-,-,-,-,8.0,17.0,14.0,11.0,18.0,(43.0),170.0,112.0
15,NICOLAS ROLAZ,3681,SUI,24.0,(31.0),(43.0),16.0,25.0,29.0,-,-,-,-,-,-,-,28.0,19.0,16.0,7.0,7.0,7.0,252.0,178.0
15,ANNIE EASTGATE,325,AUS,(35.0),29.0,31.0,(35.0),33.0,-,-,-,-,-,-,-,-,35.0,13.0,6.0,20.0,21.0,-,258.0,188.0
15,"THOMAS NEEDHAM, JOEL TURNER",4773,,7.0,20.0,7.0,5.0,12.0,11.0,8.0,20.0,11.0,6.0,3.0,(23.0),-,-,-,-,-,-,-,133.0,110.0
15,JACOB FARREN-PRICE,2057,GBR,(35.0),22.0,(34.0),34.0,32.0,27.0,-,-,-,-,-,-,-,12.0,24.0,16.0,8.0,28.0,10.0,282.0,213.0
15,"VICTORIA TRAVASCIO, MARIA SOL BRANZ",5034,ARG,12.0,9.0,13.0,4.0,5.0,7.0,19.0,15.0,5.0,18.0,(24.0),-,-,-,-,-,-,-,-,131.0,107.0
16,ALESSIO SPADONI,106,ITA,17.0,(25.0),3.0,18.0,4.0,4.0,-,-,-,-,-,-,-,12.0,(37.0),22.0,17.0,5.0,14.0,178.0,116.0
16,MAUD JAYET,3347,SUI,2.0,1.0,6.0,12.0,(17.0),8.0,-,-,-,-,-,-,-,32.0,(38.0),13.0,20.0,-,-,149.0,94.0
16,LUKE DEEGAN,2960,NZL,(32.0),32.0,29.0,24.0,31.0,27.0,-,-,-,-,-,-,-,23.0,21.0,8.0,10.0,9.0,(43.0),289.0,214.0
16,"MADS EMIL LUBECK, NIKOLAJ HOFFMANN BUHL",2989,,6.0,18.0,9.0,11.0,1.0,8.0,6.0,(22.0),2.0,22.0,7.0,22.0,-,-,-,-,-,-,-,134.0,112.0
16,"NATASHA BRYANT, ANNIE WILMOT",3613,,11.0,11.0,4.0,14.0,15.0,9.0,4.0,13.0,(21.0),16.0,11.0,-,-,-,-,-,-,-,-,129.0,108.0
16,ALEXANDRE BOITE,134,FRA,14.0,16.0,19.0,(43.0),16.0,28.0,-,-,-,-,-,-,-,6.0,27.0,11.0,33.0,(40.0),10.0,263.0,180.0
16,"ESTERE
  KUMPINA",1358,LAT,27.0,(44.0),25.0,35.0,30.0,-,-,-,-,-,-,-,-,30.0,(45.0),15.0,6.0,22.0,-,279.0,190.0
17,MARK WONG,3185,SGP,25.0,27.0,32.0,32.0,33.0,(35.0),-,-,-,-,-,-,-,15.0,12.0,21.0,(43.0),13.0,14.0,302.0,224.0
17,ALISON YOUNG,163,GBR,(21.0),6.0,4.0,4.0,2.0,5.0,-,-,-,-,-,-,-,19.0,(33.0),22.0,33.0,-,-,149.0,95.0
17,"LUKASZ PRZYBYTEK, PAWEL KOLODZINSKI",2957,,11.0,6.0,3.0,3.0,4.0,8.0,18.0,8.0,22.0,18.0,22.0,(24.0),-,-,-,-,-,-,-,147.0,123.0
17,SANTIAGO SAMPAIO,4332,POR,(32.0),24.0,10.0,19.0,15.0,16.0,-,-,-,-,-,-,-,(43.0),4.0,17.0,17.0,20.0,43.0,260.0,185.0
17,LENA HAVERLAND,2739,GER,14.0,31.0,37.0,(38.0),37.0,-,-,-,-,-,-,-,-,(54.0),36.0,2.0,19.0,18.0,-,286.0,194.0
17,"KLARA WESTER, REBECCA NETZLER",2590,SWE,11.0,6.0,9.0,9.0,21.0,12.0,8.0,3.0,20.0,10.0,(23.0),-,-,-,-,-,-,-,-,132.0,109.0
17,RUTGER VAN SCHAARDENBURG,4252,NED,(11.0),2.0,3.0,3.0,6.0,7.0,-,-,-,-,-,-,-,35.0,20.0,13.0,20.0,8.0,(43.0),171.0,117.0
18,"ERWAN FISCHER, CLEMENT PEQUIN",1351,FRA,12.0,8.0,13.0,2.0,7.0,4.0,(24.0),10.0,23.0,16.0,13.0,17.0,-,-,-,-,-,-,-,149.0,125.0
18,MARA STRANSKY,3070,AUS,5.0,(22.0),8.0,5.0,14.0,5.0,-,-,-,-,-,-,-,(44.0),20.0,28.0,10.0,-,-,161.0,95.0
18,UPAMANYU DUTTA,4942,IND,26.0,26.0,26.0,30.0,(37.0),(36.0),-,-,-,-,-,-,-,30.0,15.0,23.0,21.0,12.0,24.0,306.0,233.0
18,CHARLIE BUCKINGHAM,816,USA,12.0,4.0,(17.0),3.0,15.0,17.0,-,-,-,-,-,-,-,13.0,(36.0),33.0,9.0,2.0,12.0,173.0,120.0
18,LAURA BO VOSS,2695,GER,16.0,21.0,36.0,(45.0),41.0,-,-,-,-,-,-,-,-,(44.0),8.0,19.0,41.0,13.0,-,284.0,195.0
18,ALP RONA RODOPMAN,172,TUR,22.0,20.0,32.0,(34.0),21.0,16.0,-,-,-,-,-,-,-,(43.0),22.0,14.0,15.0,9.0,15.0,263.0,186.0
18,"ALEXANDRA TEN HOVE, MARIAH MILLEN",133,CAN,16.0,6.0,10.0,9.0,11.0,11.0,14.0,7.0,22.0,(23.0),5.0,-,-,-,-,-,-,-,-,134.0,111.0
19,NICK THOMPSON,3653,GBR,(15.0),14.0,6.0,4.0,5.0,8.0,-,-,-,-,-,-,-,(37.0),13.0,11.0,26.0,7.0,31.0,177.0,125.0
19,"ISAAC , MCHARDIE, WILLIAM , MCKENZIE",2003,,5.0,7.0,(20.0),8.0,4.0,8.0,19.0,19.0,19.0,9.0,12.0,16.0,-,-,-,-,-,-,-,146.0,126.0
19,MARCO GALLO,3086,ITA,7.0,15.0,(24.0),20.0,19.0,3.0,-,-,-,-,-,-,-,17.0,18.0,(38.0),35.0,35.0,20.0,251.0,189.0
19,"NOORA RUSKOLA, MIKAELA WULFF",3756,,4.0,15.0,3.0,6.0,8.0,17.0,5.0,12.0,23.0,(24.0),19.0,-,-,-,-,-,-,-,-,136.0,112.0
19,TUULA TENKANEN,4922,FIN,(37.0),1.0,9.0,12.0,14.0,4.0,-,-,-,-,-,-,-,33.0,19.0,5.0,(49.0),-,-,183.0,97.0
19,BROOKE WILSON,663,AUS,22.0,(38.0),33.0,(37.0),36.0,-,-,-,-,-,-,-,-,30.0,18.0,27.0,14.0,15.0,-,270.0,195.0
19,AO HIGUCHI,349,JPN,35.0,(37.0),37.0,33.0,34.0,(38.0),-,-,-,-,-,-,-,21.0,18.0,17.0,4.0,17.0,26.0,317.0,242.0
20,MATTI MURU,3341,CAN,33.0,33.0,29.0,(37.0),(38.0),31.0,-,-,-,-,-,-,-,16.0,26.0,29.0,19.0,26.0,5.0,322.0,247.0
20,"ISABELLA
  MAEGLI",2011,GUA,21.0,5.0,(54.0),28.0,(54.0),-,-,-,-,-,-,-,-,33.0,7.0,20.0,31.0,54.0,-,307.0,199.0
20,"NEVIN SNOW, DANE WILSON",3639,,4.0,8.0,15.0,6.0,12.0,13.0,9.0,17.0,8.0,15.0,21.0,(25.0),-,-,-,-,-,-,-,153.0,128.0
20,TOMAS PELLEJERO,4880,ARG,23.0,18.0,17.0,(25.0),10.0,12.0,-,-,-,-,-,-,-,25.0,26.0,4.0,32.0,23.0,(43.0),258.0,190.0
20,JUAN MAEGLI,2365,GUA,15.0,(23.0),10.0,14.0,8.0,10.0,-,-,-,-,-,-,-,15.0,4.0,(25.0),22.0,23.0,5.0,174.0,126.0
20,"TANJA FRANK, LORENA ABICHT",4689,,4.0,17.0,(23.0),14.0,9.0,4.0,21.0,18.0,17.0,13.0,2.0,-,-,-,-,-,-,-,-,142.0,119.0
20,MARIE BARRUE,3140,FRA,1.0,20.0,(29.0),23.0,15.0,21.0,-,-,-,-,-,-,-,(36.0),6.0,14.0,1.0,-,-,166.0,101.0
21,KENJI NANRI,2538,JPN,(31.0),(31.0),29.0,19.0,24.0,20.0,-,-,-,-,-,-,-,18.0,15.0,3.0,29.0,18.0,18.0,255.0,193.0
21,GUILLERMO FLORES MARTIN,1749,ESP,32.0,35.0,(43.0),36.0,31.0,32.0,-,-,-,-,-,-,-,25.0,22.0,2.0,17.0,24.0,(43.0),342.0,256.0
21,LAURA SCHEWE,2706,GER,(47.0),27.0,31.0,(34.0),26.0,-,-,-,-,-,-,-,-,28.0,20.0,28.0,16.0,24.0,-,281.0,200.0
21,"IAN BARROWS, MITCHELL KISS",1958,,10.0,4.0,18.0,7.0,6.0,7.0,(25.0),11.0,24.0,20.5,16.0,7.0,-,-,-,-,-,-,-,155.5,130.5
21,THOMAS SAUNDERS,4775,NZL,3.0,9.0,4.0,3.0,2.0,(11.0),-,-,-,-,-,-,-,16.0,7.0,40.0,37.0,6.0,(43.0),181.0,127.0
21,"HELENE NAESS, MARIE RONNINGEN",1860,NOR,10.0,13.0,12.0,4.0,19.0,5.0,17.0,6.0,14.0,(22.0),22.0,-,-,-,-,-,-,-,-,144.0,122.0
21,MONIKA MIKKOLA,3546,FIN,13.0,17.0,(21.0),11.0,8.0,18.0,-,-,-,-,-,-,-,15.0,(30.0),19.0,4.0,-,-,156.0,105.0
22,"SILVIA
  ZENNARO",4482,ITA,(25.0),(24.0),20.0,8.0,12.0,23.0,-,-,-,-,-,-,-,12.0,10.0,6.0,14.0,-,-,154.0,105.0
22,"DANIEL NYBORG, SEBASTIAN WRIGHT OLSEN",1029,,2.0,(25.0),10.0,8.0,10.0,10.0,23.0,12.0,14.0,19.0,6.0,19.0,-,-,-,-,-,-,-,158.0,133.0
22,SAM WHALEY,4294,GBR,26.0,28.0,(31.0),29.0,14.0,13.0,-,-,-,-,-,-,-,(43.0),7.0,34.0,4.0,26.0,14.0,269.0,195.0
22,JEEMIN HA,2160,KOR,16.0,12.0,(25.0),10.0,9.0,15.0,-,-,-,-,-,-,-,9.0,21.0,(29.0),21.0,4.0,13.0,184.0,130.0
22,"GABRIELLA
  KIDD",1596,BRA,26.0,23.0,34.0,39.0,(54.0),-,-,-,-,-,-,-,-,(54.0),24.0,12.0,23.0,20.0,-,309.0,201.0
22,CAMPBELL PATTON,710,BER,29.0,34.0,(36.0),33.0,36.0,34.0,-,-,-,-,-,-,-,7.0,25.0,25.0,(43.0),27.0,19.0,348.0,269.0
22,"CARLOTTA OMARI, MATILDA DISTEFANO",752,,9.0,19.0,12.0,13.0,3.0,12.0,(23.0),19.0,13.0,7.0,17.0,-,-,-,-,-,-,-,-,147.0,124.0
23,"MARKUS SOMERVILLE, JACK SIMPSON",3196,,9.0,7.0,4.0,14.0,9.0,17.0,22.0,18.0,16.0,20.5,(24.0),12.0,-,-,-,-,-,-,-,172.5,148.5
23,HUGH MACRAE,1932,CAN,13.0,12.0,12.0,(31.0),26.0,14.0,-,-,-,-,-,-,-,21.0,16.0,23.0,25.0,34.0,(43.0),270.0,196.0
23,PAIGE CALDECOAT,3858,AUS,24.0,47.0,(54.0),16.0,32.0,-,-,-,-,-,-,-,-,36.0,31.0,21.0,13.0,(54.0),-,328.0,220.0
23,AGATA BARWINSKA,29,POL,12.0,7.0,7.0,15.0,16.0,(17.0),-,-,-,-,-,-,-,23.0,18.0,11.0,(39.0),-,-,165.0,109.0
23,"RONJA GRONBLOM, VEERA HOKKA",4216,FIN,15.0,4.0,14.0,17.0,1.0,15.0,16.0,16.0,18.0,9.0,(21.0),-,-,-,-,-,-,-,-,146.0,125.0
23,BENJAMIN VADNAI,520,HUN,7.0,3.0,(8.0),7.0,4.0,8.0,-,-,-,-,-,-,-,22.0,(33.0),23.0,25.0,15.0,20.0,175.0,134.0
23,JAMES JUHASZ,2099,CAN,33.0,39.0,(43.0),36.0,39.0,26.0,-,-,-,-,-,-,-,(43.0),17.0,18.0,9.0,22.0,30.0,355.0,269.0
24,SERGEI KOMISSAROV,4435,RUS,(17.0),9.0,6.0,6.0,14.0,2.0,-,-,-,-,-,-,-,(40.0),18.0,6.0,16.0,32.0,29.0,195.0,138.0
24,ZAC LITTLEWOOD,5254,AUS,(34.0),17.0,25.0,21.0,20.0,22.0,-,-,-,-,-,-,-,9.0,20.0,(32.0),20.0,25.0,25.0,270.0,204.0
24,HANNE WEAVER,1798,USA,30.0,(44.0),39.0,(46.0),40.0,-,-,-,-,-,-,-,-,43.0,11.0,23.0,37.0,3.0,-,316.0,226.0
24,"JAMES GROGAN, SIMON HOFFMAN",2092,,6.0,11.0,3.0,19.0,11.0,9.0,21.0,23.0,21.0,(25.0),15.0,11.0,-,-,-,-,-,-,-,175.0,150.0
24,ZOE THOMSON,5286,AUS,10.0,14.0,(28.0),14.0,15.0,19.0,-,-,-,-,-,-,-,17.0,7.0,(47.0),16.0,-,-,187.0,112.0
24,"JULIA GROSS, HANNA KLINGA",2389,,15.0,7.0,10.0,5.0,2.0,16.0,12.0,(25.0),25.0,21.0,16.0,-,-,-,-,-,-,-,-,154.0,129.0
24,ALEXANDRE KOWALSKI,137,FRA,(37.0),30.0,37.0,(38.0),28.0,33.0,-,-,-,-,-,-,-,26.0,28.0,22.0,26.0,14.0,27.0,346.0,271.0
25,MARTIN ARUJA,3224,EST,(39.0),(40.0),35.0,37.0,37.0,36.0,-,-,-,-,-,-,-,27.0,31.0,20.0,30.0,15.0,17.0,364.0,285.0
25,"TESSA PARKINSON, ELLA CLARK",4724,,6.0,13.0,5.0,16.0,6.0,15.0,20.0,(23.0),19.0,20.0,20.0,-,-,-,-,-,-,-,-,163.0,140.0
25,EVE MCMAHON,1376,IRL,20.0,31.0,(38.0),30.0,37.0,-,-,-,-,-,-,-,-,34.0,26.0,40.0,11.0,(54.0),-,321.0,229.0
25,LORENZO BRANDO CHIAVARINI,2872,ITA,6.0,13.0,(15.0),15.0,5.0,13.0,-,-,-,-,-,-,-,(34.0),24.0,7.0,3.0,22.0,33.0,190.0,141.0
25,"HARRY MELGES, FINN ROWE",1816,,10.0,2.0,5.0,18.0,17.0,2.0,17.0,(24.0),18.0,24.0,19.0,21.0,-,-,-,-,-,-,-,177.0,153.0
25,PERNELLE MICHON,3962,FRA,(13.0),12.0,2.0,13.0,6.0,4.0,-,-,-,-,-,-,-,31.0,29.0,18.0,(42.0),-,-,170.0,115.0
25,NIK AARON WILLIM,3698,GER,19.0,31.0,11.0,23.0,14.0,(37.0),-,-,-,-,-,-,-,31.0,9.0,(40.0),13.0,32.0,24.0,284.0,207.0
26,"VALERIA
  LOMATCHENKO",4970,RUS,(54.0),54.0,16.0,21.0,23.0,-,-,-,-,-,-,-,-,40.0,21.0,30.0,25.0,(54.0),-,338.0,230.0
26,"JUDGE RYAN, HANS HENKEN",2371,USA,14.0,12.0,6.0,(15.0),10.0,9.0,2.0,1.0,14.0,2.0,6.0,-,-,-,-,-,-,-,-,91.0,76.0
26,"ODILE VAN AANHOLT, CECILE JANMAAT",3778,,14.0,(18.0),11.0,11.0,7.0,6.0,5.0,4.0,1.0,9.0,5.0,-,-,-,-,-,-,-,-,91.0,73.0
26,FILLAH KARIM,1466,CAN,28.0,28.0,28.0,(30.0),22.0,1.0,-,-,-,-,-,-,-,13.0,(36.0),33.0,24.0,16.0,16.0,275.0,209.0
26,ERIKA REINEKE,1342,USA,(17.0),13.0,13.0,3.0,8.0,7.0,-,-,-,-,-,-,-,21.0,28.0,(29.0),24.0,-,-,163.0,117.0
26,MAXIM NIKOLAEV,3372,RUS,(21.0),6.0,4.0,8.0,11.0,4.0,-,-,-,-,-,-,-,24.0,25.0,24.0,(38.0),20.0,17.0,202.0,143.0
26,JAMES STEWART,2110,AUS,(36.0),25.0,35.0,19.0,33.0,28.0,-,-,-,-,-,-,-,(43.0),19.0,28.0,15.0,43.0,43.0,367.0,288.0
27,MITCHELL KENNEDY,3519,AUS,(13.0),7.0,9.0,9.0,8.0,9.0,-,-,-,-,-,-,-,11.0,35.0,36.0,(39.0),11.0,9.0,196.0,144.0
27,"KIMBERLY LIM, CECILIA LOW",2573,SGP,20.0,10.0,2.0,10.0,(21.0),21.0,1.0,1.0,2.0,10.0,3.0,-,-,-,-,-,-,-,-,101.0,80.0
27,LIAM BRUCE,2785,CAN,36.0,36.0,33.0,(37.0),36.0,(37.0),-,-,-,-,-,-,-,28.0,33.0,26.0,25.0,11.0,28.0,366.0,292.0
27,SARAH DOUGLAS,4346,CAN,5.0,8.0,8.0,(18.0),13.0,16.0,-,-,-,-,-,-,-,26.0,(51.0),32.0,12.0,-,-,189.0,120.0
27,"DOMINIK BUKSAK, SZYMON WIERZBICKI",1157,POL,16.0,14.0,24.0,5.0,11.0,2.0,(28.0),7.0,1.0,1.0,4.0,-,-,-,-,-,-,-,-,113.0,85.0
27,KIM PLETIKOS,2567,SLO,31.0,25.0,44.0,50.0,44.0,-,-,-,-,-,-,-,-,(54.0),25.0,25.0,(54.0),7.0,-,359.0,251.0
27,CHRISTIAN GULDBERG ROST,874,DEN,2.0,(29.0),23.0,27.0,22.0,19.0,-,-,-,-,-,-,-,12.0,(32.0),12.0,31.0,30.0,31.0,270.0,209.0
28,LIN PLETIKOS,2812,SLO,29.0,29.0,41.0,(43.0),39.0,-,-,-,-,-,-,-,-,38.0,30.0,22.0,26.0,(54.0),-,351.0,254.0
28,YOSHIHIRO SUZUKI,5231,JPN,26.0,22.0,19.0,21.0,(31.0),15.0,-,-,-,-,-,-,-,26.0,24.0,30.0,(39.0),14.0,13.0,280.0,210.0
28,"LOUISE
  CERVERA",2885,FRA,8.0,10.0,12.0,28.0,19.0,(34.0),-,-,-,-,-,-,-,10.0,4.0,31.0,(44.0),-,-,200.0,122.0
28,THAD LETTSOME,4729,IVB,35.0,35.0,31.0,(43.0),(43.0),35.0,-,-,-,-,-,-,-,24.0,30.0,24.0,43.0,21.0,16.0,380.0,294.0
28,FINN ALEXANDER,1469,AUS,2.0,1.0,(15.0),2.0,12.0,14.0,-,-,-,-,-,-,-,29.0,16.0,34.0,12.0,(37.0),23.0,197.0,145.0
28,"MIKOLAJ STANIUL, KUBA SZTORCH",3488,,(17.0),9.0,14.0,2.0,16.0,12.0,10.0,13.0,3.0,5.0,5.0,-,-,-,-,-,-,-,-,106.0,89.0
28,"ENIA NINCEVIC, MIHAELA DE MICHELI VITTURI",1311,,8.0,5.0,(19.0),16.0,11.0,10.0,10.0,19.0,4.0,1.0,8.0,-,-,-,-,-,-,-,-,111.0,92.0
29,"JAKOB MEGGENDORFER, ANDREAS SPRANGER",2080,GER,2.0,20.0,8.0,16.0,6.0,14.0,19.0,(22.0),7.0,3.0,1.0,-,-,-,-,-,-,-,-,118.0,96.0
29,GEORGE GAUTREY,1634,NZL,(18.0),14.0,3.0,8.0,15.0,12.0,-,-,-,-,-,-,-,5.0,12.0,31.0,23.0,27.0,(34.0),202.0,150.0
29,PALOMA SCHMIDT GUTIERREZ,3866,PER,33.0,37.0,(43.0),41.0,42.0,-,-,-,-,-,-,-,-,37.0,29.0,13.0,24.0,(54.0),-,353.0,256.0
29,ANDREW ROBINSON,262,AUS,37.0,(38.0),37.0,38.0,38.0,37.0,-,-,-,-,-,-,-,20.0,(43.0),27.0,18.0,25.0,18.0,376.0,295.0
29,NICHOLAS BEZY,3645,HKG,(43.0),22.0,34.0,16.0,27.0,29.0,-,-,-,-,-,-,-,23.0,25.0,8.0,19.0,8.0,(43.0),297.0,211.0
29,ECEM GUZEL,1198,TUR,(54.0),23.0,12.0,13.0,6.0,13.0,-,-,-,-,-,-,-,(42.0),26.0,30.0,7.0,-,-,226.0,130.0
29,"ALEKSANDRA MELZACKA, KINGA LOBODA",96,,22.0,9.0,17.0,(23.0),16.0,2.0,2.0,10.0,7.0,5.0,2.0,-,-,-,-,-,-,-,-,115.0,92.0
30,CHRISTOPHER BARNARD,892,USA,9.0,10.0,5.0,(18.0),10.0,9.0,-,-,-,-,-,-,-,7.0,23.0,28.0,33.0,(38.0),18.0,208.0,152.0
30,ETIENNE LE PEN,1365,FRA,20.0,14.0,23.0,(32.0),26.0,23.0,-,-,-,-,-,-,-,27.0,(38.0),21.0,5.0,24.0,29.0,282.0,212.0
30,WILLIAM SARGENT,5147,AUS,(39.0),37.0,38.0,(39.0),38.0,39.0,-,-,-,-,-,-,-,22.0,27.0,32.0,22.0,18.0,22.0,373.0,295.0
30,"VILMA BOBECK, MALIN TENGSTROM",5049,,7.0,10.0,14.0,15.0,14.0,(17.0),14.0,7.0,11.0,2.0,1.0,-,-,-,-,-,-,-,-,112.0,95.0
30,VICTORIA CHAN,5028,SGP,44.0,34.0,45.5,(49.0),(47.0),-,-,-,-,-,-,-,-,42.0,3.0,39.0,40.0,11.0,-,354.5,258.5
30,"RYAN SEATON, SEAFRA GUILFOYLE",4265,,(23.0),8.0,18.0,7.0,2.0,15.0,14.0,3.0,2.0,20.0,11.0,-,-,-,-,-,-,-,-,123.0,100.0
30,"EKATERINA
  ZYUZINA",1219,RUS,24.0,5.0,25.0,(26.0),24.0,14.0,-,-,-,-,-,-,-,14.0,8.0,17.0,(45.0),-,-,202.0,131.0
31,COURTNEY REYNOLDS-SMITH,966,NZL,34.0,37.0,35.0,(43.0),35.0,-,-,-,-,-,-,-,-,38.0,38.0,10.0,35.0,(54.0),-,359.0,262.0
31,FORREST WACHHOLZ,1511,CAN,31.0,32.0,(36.0),36.0,34.0,36.0,-,-,-,-,-,-,-,18.0,23.0,14.0,29.0,(43.0),43.0,375.0,296.0
31,"ISAURA MAENHAUT, ANOUK GEURTS",2021,BEL,10.0,(16.0),15.0,7.0,13.0,14.0,6.0,2.0,15.0,4.0,9.0,-,-,-,-,-,-,-,-,111.0,95.0
31,FINN LYNCH,1474,IRL,14.0,3.0,14.0,4.0,7.0,(20.0),-,-,-,-,-,-,-,36.0,30.0,19.0,1.0,28.0,(43.0),219.0,156.0
31,HANNAH ANDERSSOHN,1788,GER,(40.0),35.0,5.0,6.0,18.0,11.0,-,-,-,-,-,-,-,18.0,(53.0),16.0,30.0,-,-,232.0,139.0
31,"DAVID GILMOUR, LACHY GILMOUR",1054,,19.0,6.0,11.0,(20.0),3.0,14.0,6.0,19.0,6.0,9.0,12.0,-,-,-,-,-,-,-,-,125.0,105.0
31,EWAN MCMAHON,1385,IRL,22.0,(43.0),27.0,21.0,9.0,21.0,-,-,-,-,-,-,-,(43.0),21.0,28.0,40.0,1.0,23.0,299.0,213.0
32,"JIM COLLEY, SHAUN CONNOR",2217,AUS,11.0,19.0,(27.0),21.0,16.0,5.0,1.0,9.0,13.0,4.0,7.0,-,-,-,-,-,-,-,-,133.0,106.0
32,"ANNA YAMAZAKI, SENA TAKANO",306,,2.0,14.0,(20.0),19.0,17.0,18.0,3.0,9.0,3.0,13.0,10.0,-,-,-,-,-,-,-,-,128.0,108.0
32,LIAM GLYNN,2787,IRL,(34.0),26.0,21.0,25.0,16.0,19.0,-,-,-,-,-,-,-,4.0,12.0,(39.0),30.0,38.0,24.6,288.6,215.6
32,"PAULINE
  LIEBIG",3923,GER,7.0,(27.0),19.0,22.0,12.0,17.0,-,-,-,-,-,-,-,29.0,(47.0),20.0,13.0,-,-,213.0,139.0
32,KAARLE TAPPER,2443,FIN,13.0,3.0,(17.0),15.0,7.0,5.0,-,-,-,-,-,-,-,20.0,9.0,32.0,29.0,(36.0),32.0,218.0,165.0
32,"SYLVIE
  STANNAGE",4656,AUS,(43.0),35.0,40.0,(42.0),36.0,-,-,-,-,-,-,-,-,42.0,23.0,42.0,29.0,17.0,-,349.0,264.0
32,ERONI LEILUA,1350,SAM,38.0,(39.0),38.0,35.0,39.0,38.0,-,-,-,-,-,-,-,14.0,20.0,30.0,(43.0),29.0,20.0,383.0,301.0
33,JUAN PABLO CARDOZO,2368,ARG,25.0,(27.0),16.0,20.0,13.0,10.0,-,-,-,-,-,-,-,19.0,31.0,31.0,27.0,(39.0),26.0,284.0,218.0
33,ENRIQUE ARATHOON,1316,ESA,(19.0),16.0,15.0,5.0,13.0,7.0,-,-,-,-,-,-,-,19.0,(34.0),27.0,27.0,29.0,15.0,226.0,173.0
33,"ALEXANDRA STALDER, SILVIA SPERI",132,,18.0,(20.0),5.0,15.0,16.0,8.0,4.0,6.0,12.0,20.0,6.0,-,-,-,-,-,-,-,-,130.0,110.0
33,JIA KIM,2204,KOR,39.0,34.0,45.0,(48.0),(54.0),-,-,-,-,-,-,-,-,45.0,34.0,33.0,28.0,10.0,-,370.0,268.0
33,SEUNG KIM,4440,KOR,36.0,(38.0),38.0,38.0,35.0,(39.0),-,-,-,-,-,-,-,29.0,35.0,35.0,14.0,30.0,25.0,392.0,315.0
33,"LEO TAKAHASHI, IBUKI KOIZUMI",2752,,9.0,4.0,17.0,(18.0),7.0,18.0,8.0,12.0,11.0,14.0,13.0,-,-,-,-,-,-,-,-,131.0,113.0
33,ANNA MUNCH,298,DEN,(29.0),15.0,11.0,14.0,5.0,9.0,-,-,-,-,-,-,-,13.0,40.0,(54.0),41.0,-,-,231.0,148.0
34,"JULIE BOSSARD, AUDE COMPAN",2406,,13.0,11.0,19.0,18.0,(22.0),10.0,8.0,3.0,5.0,20.0,4.0,-,-,-,-,-,-,-,-,133.0,111.0
34,STEFANO PESCHIERA,4591,PER,6.0,11.0,(18.0),9.0,11.0,16.0,-,-,-,-,-,-,-,28.0,38.0,21.0,13.0,(43.0),30.0,244.0,183.0
34,CAMPBELL STEWART,713,AUS,38.0,38.0,39.0,39.0,(40.0),(40.0),-,-,-,-,-,-,-,35.0,29.0,31.0,20.0,34.0,34.0,417.0,337.0
34,"MATHILDE DE
  KERANGAT",3292,FRA,(41.0),(36.0),18.0,17.0,17.0,11.0,-,-,-,-,-,-,-,25.0,13.0,24.0,23.0,-,-,225.0,148.0
34,"JACK HAWKINS, CHRIS THOMAS",2044,,7.0,(16.0),8.0,9.0,14.0,9.0,16.0,15.0,15.0,6.0,15.0,-,-,-,-,-,-,-,-,130.0,114.0
34,BERKAY ABAY,534,TUR,18.0,(35.0),26.0,18.0,26.0,18.0,-,-,-,-,-,-,-,15.0,35.0,20.0,(38.0),27.0,17.0,293.0,220.0
34,"ALEKSANDRA
  LUKOYANOVA",94,RUS,(42.0),33.0,40.0,32.0,38.0,-,-,-,-,-,-,-,-,37.0,28.0,41.0,21.0,(54.0),-,366.0,270.0
35,KEN FUJIMOTO,2536,JPN,(40.0),37.0,39.0,39.0,39.0,40.0,-,-,-,-,-,-,-,31.0,32.6,33.0,27.0,(43.0),29.0,429.6,346.6
35,"YANNICK LEFEBVRE, TOM PELSMAEKERS",5213,BEL,(23.0),13.0,5.0,10.0,11.0,12.0,13.0,6.0,8.0,21.0,16.0,-,-,-,-,-,-,-,-,138.0,115.0
35,EKATERINA GUSEVA,1220,RUS,34.0,41.0,38.0,40.0,(43.0),-,-,-,-,-,-,-,-,36.0,33.0,26.0,27.0,(54.0),-,372.0,275.0
35,GIOVANNI COCCOLUTO,1678,ITA,5.0,10.0,7.0,(20.0),9.0,13.0,-,-,-,-,-,-,-,23.0,28.0,(37.0),31.0,34.0,27.0,244.0,187.0
35,NICOLO VILLA,3693,ITA,5.0,7.0,(30.0),22.0,29.0,23.0,-,-,-,-,-,-,-,22.0,33.0,(36.0),26.0,28.0,28.0,289.0,223.0
35,"MARGHERITA PORRO, SVEVA CARRARO",3108,,19.0,8.0,7.0,17.0,18.0,(20.0),9.0,13.0,8.0,14.0,7.0,-,-,-,-,-,-,-,-,140.0,120.0
35,ELENA VOROBEVA,1240,CRO,(48.0),26.0,17.0,9.0,21.0,2.0,-,-,-,-,-,-,-,45.0,23.0,(50.0),8.0,-,-,249.0,151.0
36,JONATAN VADNAI,2298,HUN,(16.0),9.0,10.0,15.0,13.0,7.0,-,-,-,-,-,-,-,33.0,27.0,30.0,(41.0),19.0,36.0,256.0,199.0
36,"TIM FISCHER, FABIAN GRAF",4809,GER,13.0,16.0,16.0,16.0,5.0,14.0,3.0,2.0,(19.0),12.0,19.0,-,-,-,-,-,-,-,-,135.0,116.0
36,"CHARLOTTE
  ROSE",823,USA,(39.0),14.0,4.0,19.0,10.0,27.0,-,-,-,-,-,-,-,16.0,37.0,26.0,(48.0),-,-,240.0,153.0
36,AGUSTIN VIDAL INCATASCIATO,41,ARG,31.0,24.0,(33.0),27.0,25.0,30.0,-,-,-,-,-,-,-,(43.0),43.0,43.0,43.0,43.0,43.0,428.0,352.0
36,DAN SELF,1012,AUS,15.0,21.0,22.0,23.0,24.0,(25.0),-,-,-,-,-,-,-,24.0,39.0,18.0,23.0,29.0,(43.0),306.0,238.0
36,"GRETA
  PILKINGTON",1723,NZL,38.0,43.0,42.0,(45.0),(45.0),-,-,-,-,-,-,-,-,40.0,40.0,29.0,36.0,16.0,-,374.0,284.0
36,"MATHILDE LOVADINA, LEA PERNET",3296,,(22.0),18.0,9.0,8.0,9.0,13.0,18.0,16.0,13.0,3.0,18.0,-,-,-,-,-,-,-,-,147.0,125.0
37,PIA KUHLMANN,4013,GER,14.0,16.0,14.0,(27.0),20.0,24.0,-,-,-,-,-,-,-,28.0,21.0,(46.0),26.0,-,-,236.0,163.0
37,JOSH ARMIT,2343,NZL,8.0,21.0,12.0,(22.0),21.0,19.0,-,-,-,-,-,-,-,30.0,37.0,24.0,37.0,37.0,(43.0),311.0,246.0
37,CONNOR SHAW,941,AUS,38.0,(41.0),(41.0),40.0,41.0,41.0,-,-,-,-,-,-,-,34.0,34.0,34.0,28.0,32.0,31.0,435.0,353.0
37,"LAURA SCHOFEGGER, ANNA BOUSTANI",2708,,16.0,12.0,18.0,8.0,15.0,6.0,16.0,5.0,17.0,16.0,(19.0),-,-,-,-,-,-,-,-,148.0,129.0
37,RYAN LO,4257,SGP,23.0,(29.0),11.0,11.0,1.0,18.0,-,-,-,-,-,-,-,25.0,26.0,26.0,36.0,(40.0),28.0,274.0,205.0
37,"JORGE LIMA, JOSE COSTA",2320,POR,3.0,15.0,7.0,9.0,17.0,20.0,17.0,23.0,4.0,(25.0),2.0,-,-,-,-,-,-,-,-,142.0,117.0
37,MARTINA BEZDEKOVA,3240,CZE,31.0,(48.0),46.0,46.0,(48.0),-,-,-,-,-,-,-,-,46.0,14.0,38.0,42.0,30.0,-,389.0,293.0
38,"FRITIOF HEDSTROM, OTTO HAMEL",1575,,20.0,7.0,(27.0),9.0,8.0,10.0,15.0,20.0,10.0,15.0,3.0,-,-,-,-,-,-,-,-,144.0,117.0
38,TADEUSZ KUBIAK,4662,POL,8.0,1.0,13.0,17.0,17.0,(25.0),-,-,-,-,-,-,-,26.0,14.0,(41.0),34.0,39.0,37.0,272.0,206.0
38,MARNIX BOS,3205,NED,17.0,(34.0),24.0,31.0,23.0,26.0,-,-,-,-,-,-,-,7.0,30.0,(43.0),28.0,31.0,30.0,324.0,247.0
38,PIETARI AIRAKORPI,4022,FIN,(41.0),33.0,(40.0),40.0,40.0,38.0,-,-,-,-,-,-,-,33.0,36.0,37.0,32.0,35.0,33.0,438.0,357.0
38,"ANGELIKA KOHLENDORFER, LISA FARTHOFER",279,,17.0,19.0,(21.0),10.0,18.0,19.0,7.0,14.0,14.0,6.0,12.0,-,-,-,-,-,-,-,-,157.0,136.0
38,"TATIANA
  DROZDOVSKAYA",4697,BLR,19.0,19.0,16.0,25.0,(30.0),15.0,-,-,-,-,-,-,-,11.0,(44.0),33.0,37.0,-,-,249.0,175.0
38,"ADRIANA
  PENRUDDOCKE",23,BER,(49.0),(49.0),43.0,44.0,39.0,-,-,-,-,-,-,-,-,41.0,41.0,24.0,30.0,31.0,-,391.0,293.0
39,ELYSE AINSWORTH,1272,AUS,(32.0),11.0,20.0,8.0,24.0,15.0,-,-,-,-,-,-,-,39.0,22.0,37.0,(47.0),-,-,255.0,176.0
39,THOMAS MCEVOY,4771,AUS,39.0,(42.0),41.0,41.0,42.0,40.0,-,-,-,-,-,-,-,36.0,(43.0),36.0,33.0,33.0,32.0,458.0,373.0
39,EVIE SAUNDERS,1383,AUS,33.0,42.0,41.0,41.0,(43.0),-,-,-,-,-,-,-,-,39.0,43.0,31.0,32.0,(54.0),-,399.0,302.0
39,ELIOT MERCERON,1252,SUI,(21.0),6.0,7.0,17.0,16.0,17.0,-,-,-,-,-,-,-,31.0,31.0,(42.0),30.0,31.0,22.0,271.0,208.0
39,"WILLIAM JONES, EVAN DEPAUL",5142,,8.0,2.0,16.0,19.0,13.0,13.0,20.0,5.0,(23.0),8.0,14.0,-,-,-,-,-,-,-,-,141.0,118.0
39,ANASTASIOS PANAGIOTIDIS,208,GRE,(29.0),20.0,19.0,27.0,24.0,20.0,-,-,-,-,-,-,-,(43.0),23.0,13.0,36.0,33.0,43.0,330.0,258.0
39,"GEORGIA LEWI, N-LAFRANCE, ANTONIA LEWIN-LAFRANCE",1639,,19.0,7.0,15.0,(23.0),23.0,21.0,15.0,8.0,6.0,8.0,14.0,-,-,-,-,-,-,-,-,159.0,136.0
40,ROBERT DAVIS,4167,CAN,10.0,10.0,9.0,11.0,(22.0),22.0,-,-,-,-,-,-,-,(41.0),40.0,38.0,35.0,14.0,25.0,277.0,214.0
40,KEERATI BUALONG,2524,THA,10.0,(43.0),20.0,26.0,28.0,35.0,-,-,-,-,-,-,-,11.0,(43.0),37.0,34.0,36.0,43.0,366.0,280.0
40,ERIN COWLEY,1345,AUS,(49.0),(49.0),47.0,39.0,41.0,-,-,-,-,-,-,-,-,43.0,35.0,36.0,38.0,33.0,-,410.0,312.0
40,TEARIKI NUMA,4710,PNG,40.0,40.0,40.0,(41.0),41.0,41.0,-,-,-,-,-,-,-,37.0,37.0,(43.0),31.0,36.0,35.0,462.0,378.0
40,"KEANU PRETTNER, JAKOB FLACHBERGER",2523,AUT,18.0,12.0,12.0,16.0,10.0,4.0,4.0,11.0,16.0,16.0,(22.0),-,-,-,-,-,-,-,-,141.0,119.0
40,AOIFE HOPKINS,350,IRL,(45.0),10.0,6.0,20.0,21.0,20.0,-,-,-,-,-,-,-,35.0,43.0,(44.0),31.0,-,-,275.0,186.0
40,"CHLOE FISHER, ELLA GRIMSHAW",858,,20.0,21.0,13.0,12.0,17.0,(23.0),12.0,12.0,10.0,12.0,15.0,-,-,-,-,-,-,-,-,167.0,144.0
41,JUAN BISIO,2356,ARG,18.0,26.0,(30.0),25.0,27.0,28.0,-,-,-,-,-,-,-,(43.0),29.0,27.0,43.0,43.0,43.0,382.0,309.0
41,STEPHEN GUNTHER,4608,AUS,40.0,40.0,39.0,(43.0),40.0,(43.0),-,-,-,-,-,-,-,32.0,32.0,43.0,43.0,43.0,43.0,481.0,395.0
41,GIANMARCO PLANCHESTAINER,1662,ITA,12.0,8.0,18.0,12.0,(23.0),12.0,-,-,-,-,-,-,-,39.0,39.0,35.0,(40.0),30.0,35.0,303.0,240.0
41,"SIRRE KRONLOF, SELMA VALJUS",4512,,18.0,17.0,8.0,(21.0),13.0,16.0,11.0,17.0,16.0,20.0,17.0,-,-,-,-,-,-,-,-,174.0,153.0
41,"CHRIS TAYLOR, RHOS HAWES",866,,5.0,20.0,4.0,21.0,9.0,10.0,11.0,25.0,(28.0),7.0,8.0,-,-,-,-,-,-,-,-,148.0,120.0
41,LUCIANA CARDOZO,2917,ARG,26.0,12.0,(27.0),26.0,22.0,19.0,-,-,-,-,-,-,-,24.0,(50.0),35.0,22.0,-,-,263.0,186.0
41,CAITLIN SHAW,700,AUS,(46.0),(48.0),45.5,42.0,46.0,-,-,-,-,-,-,-,-,44.0,32.0,43.0,34.0,26.0,-,406.5,312.5
42,"CRYSTAL SUN, OLIVIA HOBBS",988,,21.0,21.0,17.0,20.0,19.0,(23.0),17.0,15.0,9.0,7.0,16.0,-,-,-,-,-,-,-,-,185.0,162.0
42,ROBERT SCHEIDT,4173,BRA,(16.0),11.0,12.0,10.0,7.0,9.0,-,-,-,-,-,-,-,38.0,(43.0),39.0,43.0,43.0,43.0,314.0,255.0
42,"MAX STINGELE, LINOV SCHEEL",3368,GER,20.0,15.0,13.0,12.0,4.0,1.0,9.0,17.0,12.0,18.0,(28.0),-,-,-,-,-,-,-,-,149.0,121.0
42,SIMONE WOOD,4503,AUS,37.0,(50.0),44.0,47.0,(54.0),-,-,-,-,-,-,-,-,46.0,37.0,37.0,39.0,27.0,-,418.0,314.0
42,LUCIA FALASCA,2914,ARG,16.0,11.0,(22.0),17.0,16.0,20.0,-,-,-,-,-,-,-,(41.0),34.0,38.0,35.0,-,-,250.0,187.0
43,"LAURA HARDING, LAURA THOMSON",2701,,17.0,(22.0),21.0,21.0,20.0,19.0,13.0,11.0,18.0,15.0,11.0,-,-,-,-,-,-,-,-,188.0,166.0
43,"JUUSO ROIHU, HENRI ROIHU",2441,,11.0,5.0,2.0,15.0,12.0,18.0,12.0,16.0,21.0,(23.0),10.0,-,-,-,-,-,-,-,-,145.0,122.0
43,ADELE AUCHTERLONIE,17,AUS,43.0,46.0,(49.0),44.0,44.0,-,-,-,-,-,-,-,-,(54.0),42.0,34.0,33.0,28.0,-,417.0,314.0
43,YUMIKO TOMBE,5243,JPN,12.0,(39.0),22.0,24.0,29.0,22.0,-,-,-,-,-,-,-,(47.0),14.0,43.0,27.0,-,-,279.0,193.0
44,"ROBERT DICKSON, SEAN WADDILOVE",4168,IRL,1.0,4.0,(22.0),4.0,19.0,17.0,5.0,21.0,22.0,11.0,20.0,-,-,-,-,-,-,-,-,146.0,124.0
44,"OLIVIA
  CHRISTIE",3809,NZL,18.0,15.0,26.0,(36.0),31.0,18.0,-,-,-,-,-,-,-,5.0,(41.0),41.0,40.0,-,-,271.0,194.0
44,"VERONIKA ZIVNA, KATERINA ZIVNA",5012,,21.0,20.0,(22.0),20.0,20.0,20.0,19.0,18.0,19.0,11.0,13.0,-,-,-,-,-,-,-,-,203.0,181.0
44,SOPHIA MORGAN,4543,FIJ,35.0,40.0,(54.0),(54.0),54.0,-,-,-,-,-,-,-,-,54.0,44.0,48.0,48.0,25.0,-,456.0,348.0
45,LUCY EDE,2927,AUS,48.0,46.0,48.0,49.0,(54.0),-,-,-,-,-,-,-,-,(54.0),39.0,45.0,46.0,29.0,-,458.0,350.0
45,CASEY IMENEO,774,AUS,28.0,(38.0),13.0,7.0,23.0,22.0,-,-,-,-,-,-,-,43.0,31.0,34.0,(54.0),-,-,293.0,201.0
45,"KEVIN FISCHER, YANN JAUVIN",2550,FRA,15.0,3.0,10.0,8.0,18.0,22.0,18.0,10.0,9.0,17.0,(28.0),-,-,-,-,-,-,-,-,158.0,130.0
46,"LUCAS RUAL, EMILE AMOROS",2911,FRA,19.0,13.0,4.0,11.0,18.0,18.0,(28.0),14.0,20.0,10.0,9.0,-,-,-,-,-,-,-,-,164.0,136.0
46,"JULIA
  BUESSELBERG",2381,GER,6.0,(28.0),24.0,21.0,11.0,27.0,-,-,-,-,-,-,-,37.0,(45.0),42.0,34.0,-,-,275.0,202.0
46,JULIA FRANCIS,2385,NZL,(51.0),(52.0),47.0,48.0,45.0,-,-,-,-,-,-,-,-,45.0,48.0,44.0,44.0,34.0,-,458.0,355.0
47,"SHINGEN FURUYA, SHINJI HACHIYAMA",4461,,7.0,18.0,20.0,7.0,9.0,12.0,22.0,4.0,18.0,24.0,(28.0),-,-,-,-,-,-,-,-,169.0,141.0
47,FATIMA REYES,1415,ESP,11.0,19.0,30.0,32.0,32.0,(33.0),-,-,-,-,-,-,-,(48.0),27.0,40.0,19.0,-,-,291.0,210.0
47,NELLE LEENDERS,3634,FIJ,50.0,47.0,49.0,(54.0),(54.0),-,-,-,-,-,-,-,-,54.0,49.0,49.0,47.0,32.0,-,485.0,377.0
48,"KAMOLWAN
  CHANYIM",2463,THA,41.0,36.0,42.0,(54.0),(54.0),-,-,-,-,-,-,-,-,54.0,54.0,54.0,54.0,54.0,-,497.0,389.0
48,"SIMONE FERRARESE, LEONARDO CHISTE",4500,ITA,15.0,6.0,17.0,21.0,15.0,16.0,21.0,8.0,5.0,(22.0),17.0,-,-,-,-,-,-,-,-,163.0,141.0
48,SANDRA LULIC,4318,CRO,22.0,(42.0),11.0,18.0,20.0,9.0,-,-,-,-,-,-,-,(52.0),49.0,39.0,46.0,-,-,308.0,214.0
49,MATILDA TALLURI,3308,ITA,(45.0),43.0,18.0,23.0,9.0,16.0,-,-,-,-,-,-,-,(50.0),42.0,36.0,32.0,-,-,314.0,219.0
49,ROSE-LEE NUMA,4224,PNG,(54.0),51.0,50.0,(54.0),49.0,-,-,-,-,-,-,-,-,54.0,46.0,46.0,43.0,54.0,-,501.0,393.0
49,"OLIVER MANTON, JACK LLOYD",3807,,17.0,17.0,14.0,12.0,13.0,11.0,7.0,(24.0),24.0,19.0,21.0,-,-,-,-,-,-,-,-,179.0,155.0
50,"NILS CARSTENSEN, JAN FRIGGE",3720,GER,12.0,22.0,15.0,10.0,14.0,(23.0),23.0,18.0,17.0,13.0,18.0,-,-,-,-,-,-,-,-,185.0,162.0
50,"PATRICIA
  RAULINO",3891,BRA,50.0,50.0,(54.0),51.0,50.0,-,-,-,-,-,-,-,-,(54.0),47.0,47.0,45.0,54.0,-,502.0,394.0
50,"MARIIA
  KISLUKHINA",3149,RUS,25.0,13.0,27.0,(34.0),22.0,21.0,-,-,-,-,-,-,-,(51.0),48.0,45.0,21.0,-,-,307.0,222.0
51,"MICHAEL HANSEN, MATHIAS SLETTEN",3446,,6.0,10.0,9.0,14.0,17.0,6.0,(28.0),28.0,28.0,28.0,28.0,-,-,-,-,-,-,-,-,202.0,174.0
51,MARILENA MAKRI,3154,CYP,10.0,22.0,(35.0),22.0,10.0,29.0,-,-,-,-,-,-,-,38.0,46.0,48.0,(50.0),-,-,310.0,225.0
51,ISABELLA BOYD,2013,NZL,46.0,51.0,48.0,47.0,51.0,-,-,-,-,-,-,-,-,(54.0),(54.0),54.0,54.0,54.0,-,513.0,405.0
52,"DAVID , O'CONNOR, FANG WARREN",1048,,3.0,14.0,11.0,17.0,20.0,22.0,(28.0),28.0,28.0,28.0,28.0,-,-,-,-,-,-,-,-,227.0,199.0
52,"MARLENA
  BERZINA",3200,AUS,23.0,24.0,19.0,(29.0),27.0,23.0,-,-,-,-,-,-,-,46.0,39.0,(51.0),51.0,-,-,332.0,252.0
52,GEORGE AULICH,1633,AUS,44.0,45.0,(54.0),(54.0),54.0,-,-,-,-,-,-,-,-,54.0,54.0,54.0,54.0,54.0,-,521.0,413.0
53,NUR SHAZRIN MOHAMAD LATIF,3770,MAS,18.0,18.0,30.0,(33.0),25.0,32.0,-,-,-,-,-,-,-,49.0,52.0,(54.0),36.0,-,-,347.0,260.0
53,"UBERTO CRIVELLI VISCONTI, GIANMARCO TOGNI",4929,ITA,21.0,21.0,9.0,18.0,16.0,(23.0),2.0,8.0,2.0,3.0,1.0,-,-,-,-,-,-,-,-,124.0,101.0
54,"JACKSON KEON, SCOTT , MCKENZIE",2052,,15.0,9.0,10.0,(20.0),20.0,20.0,1.0,7.0,4.0,12.0,8.0,-,-,-,-,-,-,-,-,126.0,106.0
55,"MATT JERWOOD, MAX PAUL",3314,,(25.0),18.0,12.0,24.0,21.0,13.0,5.0,1.0,9.0,11.0,12.0,-,-,-,-,-,-,-,-,151.0,126.0
56,"ALEXANDER HEINZEMANN, JUSTIN BARNES",121,,16.0,12.0,(27.0),13.0,22.0,15.0,8.0,12.0,27.0,1.0,5.0,-,-,-,-,-,-,-,-,158.0,131.0
57,"BENJI DANIEL, ALEX BURGER",521,,24.0,13.0,14.0,11.0,18.0,21.0,11.0,11.0,(27.0),5.0,4.0,-,-,-,-,-,-,-,-,159.0,132.0
58,"JOHN COOLEY, THOMAS CUNICH",2275,,20.0,19.0,13.0,(22.0),13.0,19.0,6.0,21.0,12.0,2.0,9.0,-,-,-,-,-,-,-,-,156.0,134.0
59,"SAMUEL BACON, HENRY GAUTREY",4303,,17.0,(24.0),19.0,23.0,20.0,15.0,3.0,3.0,11.0,9.0,14.0,-,-,-,-,-,-,-,-,158.0,134.0
60,"MUSAB AL HADI, WALEED AL KINDI",3577,,12.0,21.0,24.0,14.0,15.0,16.0,7.0,5.0,22.0,10.0,(27.0),-,-,-,-,-,-,-,-,173.0,146.0
61,"LOUIS CHAMBET, MERIK REGNAULT",2879,,19.0,(27.0),7.0,24.0,21.0,22.0,27.0,14.0,3.0,6.0,6.0,-,-,-,-,-,-,-,-,176.0,149.0
62,"AKIRA SAKAI, RUSSELL AYLSWORTH",61,,16.0,22.0,(27.0),23.0,23.0,24.0,22.0,2.0,6.0,4.0,15.0,-,-,-,-,-,-,-,-,184.0,157.0
63,"DON WHITCRAFT, DYLAN WHITCRAFT",1165,THA,21.0,23.0,16.0,12.0,19.0,(25.0),16.0,13.0,8.0,13.0,16.0,-,-,-,-,-,-,-,-,182.0,157.0
64,"THEO REVIL, TIMOTHEE DEPERY",4738,,26.0,24.0,23.0,17.0,(27.0),24.0,15.0,10.0,10.0,8.0,2.0,-,-,-,-,-,-,-,-,186.0,159.0
65,"ENZO LOBRY, LOUIS RAYNAL",1321,,18.0,15.0,(22.0),19.0,22.0,19.0,10.0,15.0,7.0,14.0,22.0,-,-,-,-,-,-,-,-,183.0,161.0
66,"CAMPBELL STANTON, WILL SHAPLAND",711,NZL,21.0,23.0,19.0,22.0,(24.0),16.0,4.0,4.0,19.0,23.0,11.0,-,-,-,-,-,-,-,-,186.0,162.0
67,"HARRISON SLY, THOMAS DWYER",1813,,25.0,17.0,23.0,13.0,25.0,(26.0),18.0,6.0,15.0,20.0,3.0,-,-,-,-,-,-,-,-,191.0,165.0
68,"SAM MORGAN, PAT MORGAN",4289,,22.0,16.0,19.0,20.0,21.0,17.0,21.0,9.0,5.0,19.0,(24.0),-,-,-,-,-,-,-,-,193.0,169.0
69,"JUHO KOTIRANTA, ROBIN BERNER",2375,,(24.0),23.0,21.0,17.0,19.0,21.0,9.0,18.0,1.0,21.0,20.0,-,-,-,-,-,-,-,-,194.0,170.0
70,"AHMED AL HASANI, ABDULRAHMAN AL MASHARI",47,,22.0,(25.0),20.0,25.0,24.0,6.0,13.0,16.0,14.0,17.0,23.0,-,-,-,-,-,-,-,-,205.0,180.0
71,"RYAN WOOD, ANDREW WOOD",4266,,26.0,14.0,(27.0),22.0,25.0,20.0,20.0,20.0,20.0,7.0,7.0,-,-,-,-,-,-,-,-,208.0,181.0
72,"LEWIS ANDERSON, REECE CAULFIELD",2778,,9.0,19.0,26.0,15.0,22.0,21.0,19.0,(27.0),13.0,24.0,18.0,-,-,-,-,-,-,-,-,213.0,186.0
73,"DYLAN JONES, JONATHAN KELLY",1194,,(27.0),22.0,17.0,25.0,26.0,26.0,14.0,25.0,21.0,16.0,10.0,-,-,-,-,-,-,-,-,229.0,202.0
74,"HAYDEN HARDING, CASEY BATES",1833,,(24.0),24.0,21.0,24.0,24.0,19.0,12.0,24.0,16.0,22.0,17.0,-,-,-,-,-,-,-,-,227.0,203.0
75,"BEAU JUNK, ALEXANDER MARINELLI",481,,18.0,(26.0),25.0,26.0,23.0,25.0,17.0,17.0,18.0,18.0,21.0,-,-,-,-,-,-,-,-,234.0,208.0
76,"HAYDEN BROWN, MACKENZIE BIRD",1832,,23.0,(26.0),22.0,26.0,23.0,24.0,23.0,23.0,23.0,15.0,13.0,-,-,-,-,-,-,-,-,241.0,215.0
77,"WILLIAM BRIDGE, JOSHUA SLOMAN",5140,,25.0,21.0,21.0,25.0,25.0,25.0,24.0,19.0,17.0,(26.0),19.0,-,-,-,-,-,-,-,-,247.0,221.0
78,"DYLAN JANUS, CONOR HAY",1192,,22.0,(27.0),27.0,26.0,26.0,23.0,25.0,22.0,24.0,25.0,25.0,-,-,-,-,-,-,-,-,272.0,245.0
