Posição,Nome Competidor,ID Competidor,Nacionalidade,1Q,2Q,3Q,4Q,5Q,6Q,7Q,8Q,9Q,10Q,11Q,12Q,13Q,Total,Nett
1,"SIME FANTELA, MIHOVIL FANTELA",4491,,6.0,8.0,3.0,1.0,(25.0),15.0,8.0,1.0,4.0,2.0,12.0,2.0,10.0,97.0,72.0
1,EMMA PLASSCHAERT,1301,BEL,5.0,7.0,1.0,(15.0),9.0,3.0,11.0,7.0,11.0,2.0,10.0,-,-,81.0,66.0
1,"ANNEMIEK BEKKERING, ANNETTE DUETZ",321,NED,3.0,(26.0),8.0,4.0,3.0,5.0,1.0,20.0,11.0,8.0,3.0,19.0,4.0,115.0,89.0
1,PAVLOS KONTIDES,3933,CYP,8.0,3.0,7.0,2.0,1.0,2.0,12.0,4.0,2.0,(14.0),18.0,-,-,73.0,59.0
2,MATTHEW WEARN,3336,AUS,7.0,4.0,1.0,4.0,3.0,1.0,3.0,9.0,(14.0),13.0,16.0,-,-,75.0,61.0
2,"TANJA FRANK, LORENA ABICHT",4689,,7.0,2.0,(25.0),9.0,6.0,4.0,12.0,6.0,1.0,7.0,1.0,16.0,20.0,116.0,91.0
2,"MATHIEU FREI, NOE DELPECH",3288,,2.0,1.0,10.0,(27.0),13.0,22.0,12.0,6.0,13.0,1.0,4.0,5.0,2.0,118.0,91.0
2,MARIT BOUWMEESTER,3179,NED,3.0,2.0,11.0,(28.0),16.0,4.0,14.0,11.0,1.0,5.0,8.0,-,-,103.0,75.0
3,"TIM FISCHER, FABIAN GRAF",4809,GER,10.0,11.0,1.0,5.0,4.0,3.0,4.0,5.0,20.0,5.0,(21.0),7.0,18.0,114.0,93.0
3,"SOPHIE WEGUELIN, SOPHIE AINSWORTH",4554,,13.0,7.0,9.0,8.0,(19.0),8.0,15.0,3.0,2.0,1.0,4.0,12.0,12.0,113.0,94.0
3,ANNE-MARIE RINDOM,319,DEN,4.0,3.0,2.0,18.0,2.0,2.0,12.0,(44.0),3.0,33.0,6.0,-,-,129.0,85.0
3,PHILIPP BUHL,3995,GER,4.0,3.0,19.0,3.0,6.0,6.0,2.0,16.0,(22.0),5.0,6.0,-,-,92.0,70.0
4,MONIKA MIKKOLA,3546,FIN,1.0,14.0,11.0,(37.0),13.0,17.5,2.0,9.0,2.0,14.0,12.0,-,-,132.5,95.5
4,"MARTINE SOFFIATTI GRAEL, KAHENA KUNZE",3245,,11.0,6.0,1.0,13.0,1.0,11.0,9.0,(26.0),17.0,22.0,2.0,3.0,6.0,128.0,102.0
4,SAM MEECH,4288,NZL,1.0,1.0,1.0,2.0,13.0,4.0,34.0,7.0,12.0,(56.0),4.0,-,-,135.0,79.0
4,"ERIK HEIL, THOMAS PLOESSEL",1338,GER,5.0,16.0,4.0,11.0,1.0,8.0,2.0,(27.0),9.0,4.0,14.0,6.0,20.0,127.0,100.0
5,PAIGE RAILEY,3859,USA,2.0,1.0,16.0,5.0,7.0,7.0,4.0,37.0,(61.0),3.0,16.0,-,-,159.0,98.0
5,ELLIOT HANSON,1263,GBR,7.0,9.0,11.0,1.0,2.0,2.0,6.0,13.0,9.0,(23.0),20.0,-,-,103.0,80.0
5,"JENA HANSEN, KATJA SALSKOV-IVERSEN",2165,,1.0,18.0,1.0,7.0,6.0,16.0,6.0,(25.0),22.0,4.0,6.0,2.0,14.0,128.0,103.0
5,"JAMES PETERS, FYNN STERRITT",2107,GBR,9.0,4.0,12.0,6.0,2.0,12.0,22.0,12.0,(27.0),7.0,3.0,9.0,4.0,129.0,102.0
6,"ODILE VAN AANHOLT, MARIEKE JONGENS",3782,,2.0,1.0,4.0,18.0,20.0,10.0,8.0,5.0,26.0,(31.0),5.0,5.0,2.0,137.0,106.0
6,SARAH DOUGLAS,4346,CAN,18.0,4.0,(36.0),4.0,6.0,1.0,3.0,18.0,5.0,26.0,14.0,-,-,135.0,99.0
6,"DYLAN FLETCHE, R-SCOTT, STUART BITHELL",1189,,15.0,23.0,3.0,(30.0),1.0,1.0,3.0,13.0,16.0,6.0,10.0,1.0,12.0,134.0,104.0
6,HERMANN TOMASGAARD,1886,NOR,5.0,11.0,3.0,16.0,8.0,3.0,16.0,17.0,1.0,(50.0),3.0,-,-,133.0,83.0
7,"IDA MARIE BAAD NIELSEN, MARIE THUSGAARD OLSEN",1965,,1.0,16.0,3.0,3.0,4.0,2.0,18.0,15.0,14.0,3.0,(29.0),24.0,8.0,140.0,111.0
7,"LOGAN DUNNING BECK, OSCAR GUNN",2860,,8.0,2.0,1.0,2.0,9.0,9.0,20.0,3.0,17.0,16.0,15.0,(23.0),6.0,131.0,108.0
7,TOM BURTON,4855,AUS,1.0,5.0,6.0,1.0,2.0,27.0,11.0,5.0,(56.0),19.0,8.0,-,-,141.0,85.0
7,ALISON YOUNG,163,GBR,15.0,11.0,5.0,(32.0),4.0,11.0,28.0,17.0,10.0,4.0,2.0,-,-,139.0,107.0
8,"ALEXANDRA MALONEY, MOLLY MEECH",130,NZL,5.0,13.0,6.0,6.0,11.0,4.0,(30.0),19.0,4.0,17.0,18.0,7.0,10.0,150.0,120.0
8,MARIA ERDI,3118,HUN,5.0,16.0,8.0,13.0,2.0,(28.0),19.0,24.0,13.0,11.0,4.0,-,-,143.0,115.0
8,"LUCAS RUAL, EMILE AMOROS",2911,FRA,2.0,1.0,6.0,3.0,3.0,5.0,(30.0),20.0,26.0,14.0,9.0,12.0,8.0,139.0,109.0
8,NICK THOMPSON,3653,GBR,3.0,2.0,4.0,13.0,12.0,19.0,(45.0),1.0,8.0,28.0,12.0,-,-,147.0,102.0
9,JEAN BAPTISTE BERNAZ,2154,FRA,3.0,12.0,7.0,10.0,5.0,8.0,(22.0),14.0,15.0,22.0,10.0,-,-,128.0,106.0
9,MAUD JAYET,3347,SUI,11.0,6.0,29.0,25.0,4.0,(30.0),8.0,4.0,4.0,7.0,20.0,-,-,148.0,118.0
9,"RAGNA AGERUP, MAIA AGERUP",4093,NOR,11.0,9.0,14.0,14.0,4.0,1.0,21.0,8.0,3.0,9.0,(22.0),15.0,16.0,147.0,125.0
9,"JORGE LIMA, JOSE COSTA",2320,POR,1.0,2.0,16.0,5.0,15.0,4.0,6.0,29.0,(30.0),13.0,8.0,4.0,14.0,147.0,117.0
10,NAZLI DONERTAS,3625,,7.0,17.0,19.0,5.0,8.0,21.0,6.0,5.0,21.0,(44.0),18.0,-,-,171.0,127.0
10,"SEBASTIEN SCHNEITER, LUCIEN CUJEAN",4420,SUI,3.0,8.0,2.0,2.0,16.0,11.0,16.0,18.0,5.0,3.0,(24.0),18.0,16.0,142.0,118.0
10,"CHARLOTTE DOBSON, SASKIA TIDEY",824,,8.0,16.0,2.0,2.0,1.0,19.0,(29.0),29.0,13.0,16.0,8.0,4.0,18.0,165.0,136.0
10,MICHAEL BECKETT,3441,GBR,29.0,1.0,5.0,18.0,6.0,4.0,21.0,(31.0),7.0,3.0,14.0,-,-,139.0,108.0
11,"NATASHA BRYANT, ANNIE WILMOT",3613,,7.0,13.0,14.0,1.0,9.0,2.0,2.0,13.0,5.0,(28.0),28.0,26.0,-,148.0,120.0
11,"MADS EMIL STEPHENSEN LUBECK, NIKOLAJ HOFFMANN BUHL",2990,,5.0,14.0,19.0,2.0,19.0,5.0,1.0,16.0,2.0,15.0,7.0,(21.0),-,126.0,105.0
11,ERIKA REINEKE,1342,USA,14.0,9.0,15.0,24.0,7.0,3.0,(27.0),13.0,9.0,21.0,-,-,-,142.0,115.0
11,CHARLIE BUCKINGHAM,816,USA,9.0,3.0,4.0,17.0,24.0,(34.0),4.0,8.0,5.0,29.0,-,-,-,137.0,103.0
12,"JUSTUS SCHMIDT, MAX BOEHME",2439,GER,19.0,11.0,22.0,4.0,8.0,4.0,5.0,(25.0),8.0,8.0,11.0,8.0,-,133.0,108.0
12,"VICTORIA TRAVASCIO, MARIA BRANZ",5033,,(25.0),9.0,15.0,7.0,21.0,6.0,23.0,14.0,15.0,2.0,11.0,1.0,-,149.0,124.0
12,MAGDALENA KWASNA,2999,POL,18.0,20.0,1.0,4.0,3.0,14.0,(47.0),33.0,12.0,12.0,-,-,-,164.0,117.0
12,KAARLE TAPPER,2443,FIN,2.0,2.0,1.0,8.0,13.0,26.0,29.0,(34.0),23.0,2.0,-,-,-,140.0,106.0
13,"LILI SEBESI, ALBANE DUBOIS",2799,FRA,4.0,12.0,11.0,3.0,7.0,18.0,3.0,18.0,8.0,23.0,(24.0),20.0,-,151.0,127.0
13,DAPHNE VAN DER VAART,1044,NED,(29.0),21.0,3.0,1.0,14.0,7.0,17.0,22.0,24.0,17.0,-,-,-,155.0,126.0
13,FINNIAN ALEXANDER,1477,AUS,6.0,7.0,5.0,41.0,16.0,14.0,10.0,(56.0),18.0,1.0,-,-,-,174.0,118.0
13,"FRITIOF HEDSTROM, OTTO HAMEL",1575,,7.0,2.0,6.0,13.0,11.0,2.0,(30.0),17.0,14.0,23.0,2.0,13.0,-,140.0,110.0
14,THOMAS SAUNDERS,4775,NZL,6.0,11.0,21.0,10.0,21.0,2.0,(32.0),2.0,17.0,30.0,-,-,-,152.0,120.0
14,"JULIA GROSS, HANNA KLINGA",2389,,(31.0),18.0,5.0,1.0,12.0,11.0,4.0,10.0,9.0,18.0,16.0,29.0,-,164.0,133.0
14,TUULA TENKANEN,4922,FIN,4.0,5.0,9.0,15.0,11.0,1.0,26.0,35.0,20.0,(42.0),-,-,-,168.0,126.0
14,"WILLIAM PHILLIPS, IAIN JENSEN",5145,,3.0,19.0,6.0,1.0,6.0,12.0,9.0,19.0,(24.0),19.0,5.0,11.0,-,134.0,110.0
15,MAXIME JONKER,3375,NED,1.0,8.0,4.0,23.0,5.0,6.0,18.0,(43.0),40.0,25.0,-,-,-,173.0,130.0
15,LUKE ELLIOTT,2961,AUS,13.0,1.0,2.0,6.0,3.0,1.0,(48.0),21.0,29.0,45.0,-,-,-,169.0,121.0
15,"UBERTO CRIVELLI VISCONTI, GIANMARCO TOGNI",4929,ITA,8.0,4.0,7.0,15.0,17.0,7.0,14.0,4.0,11.0,11.0,13.0,(30.0),-,141.0,111.0
15,"PATRICIA SUAREZ, NICOLE VAN DER VELDEN",3894,,22.0,7.0,7.0,10.0,13.0,21.0,5.0,22.0,6.0,5.0,17.0,(27.0),-,162.0,135.0
16,"ANNE-JULIE SCHUTT, IBEN NIELSBY CHRISTENSEN",317,,6.0,21.0,(31.0),2.0,11.0,7.0,7.0,17.0,25.0,6.0,27.0,8.0,-,168.0,137.0
16,"DAVID GILMOUR, JOEL TURNER",1053,,5.0,1.0,15.0,14.0,2.0,23.0,13.0,7.0,10.0,(29.0),22.0,3.0,-,144.0,115.0
16,MITCHELL KENNEDY,3519,AUS,8.0,10.0,22.0,3.0,4.0,5.0,(42.0),35.0,27.0,11.0,-,-,-,167.0,125.0
16,VASILEIA KARACHALIOU,4996,POR,2.0,1.0,25.0,30.0,6.0,17.5,10.0,(49.0),7.0,38.0,-,-,-,185.5,136.5
17,"VICTORIA JURCZOK, ANIKA LORENZ",5029,GER,12.0,19.0,19.0,(24.0),2.0,10.0,10.0,23.0,18.0,11.0,7.0,6.0,-,161.0,137.0
17,"ISAAC , MCHARDIE, WILLIAM , MCKENZIE",2003,,7.0,18.0,14.0,6.0,7.0,1.0,15.0,8.0,1.0,22.0,(27.0),20.0,-,146.0,119.0
17,KARL-MARTIN RAMMO,2485,EST,22.0,7.0,3.0,28.0,7.0,7.0,31.0,6.0,(35.0),18.0,-,-,-,164.0,129.0
17,CAROLINA ALBANO,760,ITA,26.0,7.0,40.0,16.0,16.0,10.0,(54.0),3.0,18.0,6.0,-,-,-,196.0,142.0
18,LORENZO BRANDO CHIAVARINI,2872,ITA,14.0,2.0,19.0,7.0,26.0,27.0,7.0,15.0,13.0,(56.0),-,-,-,186.0,130.0
18,"JOSH POREBSKI, TRENT RIPPEY",2345,,4.0,3.0,(25.0),3.0,4.0,19.0,18.0,9.0,6.0,20.0,16.0,17.0,-,144.0,119.0
18,"CHIKA HATAE, HIROKA ITAKURA",853,,3.0,15.0,16.0,11.0,8.0,(25.0),17.0,2.0,24.0,10.0,20.0,14.0,-,165.0,140.0
18,JOSEFIN OLSSON,2331,SWE,21.0,3.0,14.0,29.0,1.0,5.0,32.0,21.0,(48.0),16.0,-,-,-,190.0,142.0
19,"HELENE NAESS, MARIE RONNINGEN",1860,NOR,13.0,1.0,18.0,5.0,18.0,16.0,13.0,11.0,7.0,(26.0),21.0,18.0,-,167.0,141.0
19,JOAO PEDRO HERRLEIN SOUTO DE OLIVEI,2244,,9.0,21.0,8.0,21.0,9.0,7.0,(50.0),12.0,38.0,6.0,-,-,-,181.0,131.0
19,MATHILDE DE KERANGAT,3293,FRA,12.0,19.0,7.0,19.0,10.0,21.0,(37.0),19.0,36.0,1.0,-,-,-,181.0,144.0
19,"JONAS WARRER, JAKOB PRECHT JENSEN",2296,,10.0,7.0,21.0,(23.0),3.0,6.0,10.0,10.0,3.0,21.0,18.0,14.0,-,146.0,123.0
20,"ALEKSANDRA MELZACKA, KINGA LOBODA",96,,6.0,10.0,22.0,22.0,7.0,1.0,22.0,4.0,27.0,13.0,9.0,(28.0),-,171.0,143.0
20,AGATA BARWINSKA,29,POL,20.0,12.0,3.0,21.0,14.0,20.0,22.0,(30.0),15.0,23.0,-,-,-,180.0,150.0
20,TONCI STIPANOVIC,4903,CRO,2.0,6.0,35.0,24.0,9.0,4.0,24.0,11.0,19.0,(36.0),-,-,-,170.0,134.0
20,"KEVIN FISCHER, YANN JAUVIN",2550,FRA,23.0,5.0,10.0,1.0,5.0,9.0,11.0,22.0,7.0,(26.0),19.0,16.0,-,154.0,128.0
21,"DIEGO BOTIN LE CHEVER, IAGO LOPEZ MARRA",1122,,(30.0),9.0,1.0,4.0,19.0,5.0,30.0,2.0,18.0,10.0,1.0,30.0,-,159.0,129.0
21,"AMELIA STABBACK, ELLA CLARK",184,,5.0,5.0,13.0,12.0,17.0,9.0,19.0,(28.0),21.0,19.0,12.0,11.0,-,171.0,143.0
21,STEFANO PESCHIERA,4591,PER,3.0,14.0,30.0,2.0,15.0,10.0,15.0,(43.0),4.0,43.0,-,-,-,179.0,136.0
21,HANNAH SNELLGROVE,1794,GBR,8.0,10.0,14.0,1.0,13.0,4.0,51.0,(58.0),28.0,24.0,-,-,-,211.0,153.0
22,"LUKASZ PRZYBYTEK, PAWEL KOLODZINSKI",2957,,14.0,4.0,2.0,20.0,4.0,2.0,(30.0),11.0,23.0,9.0,23.0,22.0,-,164.0,134.0
22,JEEMIN HA,2160,KOR,20.0,5.0,7.0,27.0,20.0,3.0,17.0,27.0,11.0,(46.0),-,-,-,183.0,137.0
22,"TAMARA ECHEGOYEN DOMINGUEZ, PAULA BARCELO MARTIN",4676,,15.0,23.0,2.0,4.0,10.0,(31.0),16.0,24.0,16.0,12.0,19.0,9.0,-,181.0,150.0
22,MANAMI DOI,3044,JPN,7.0,8.0,17.0,31.0,17.0,19.0,(61.0),27.0,19.0,9.0,-,-,-,215.0,154.0
23,LINE FLEM HOST,2827,NOR,3.0,2.0,5.0,27.0,1.0,9.0,29.0,(56.0),27.0,52.0,-,-,-,211.0,155.0
23,"DOMINIK BUKSAK, SZYMON WIERZBICKI",1157,POL,18.0,3.0,14.0,5.0,3.0,23.0,(30.0),14.0,19.0,17.0,6.0,19.0,-,171.0,141.0
23,"VILMA BOBECK, MALIN TENGSTROM",5049,,2.0,4.0,24.0,6.0,22.0,7.0,11.0,21.0,28.0,(29.0),15.0,10.0,-,179.0,150.0
23,JOAQUIN BLANCO,2248,ESP,20.0,4.0,13.0,6.0,13.0,14.0,30.0,25.0,(49.0),12.0,-,-,-,186.0,137.0
24,GEORGINA POVALL,1643,GBR,11.0,22.0,17.0,9.0,27.0,6.0,21.0,(38.0),33.0,15.0,-,-,-,199.0,161.0
24,"HANNES WESTBERG, ALBIN BOMAN",1801,SWE,17.0,6.0,8.0,7.0,6.0,15.0,19.0,15.0,21.0,12.0,17.0,(24.0),-,167.0,143.0
24,"ANGELIKA KOHLENDORFER, LISA FARTHOFER",279,,10.0,8.0,17.0,11.0,5.0,(31.0),28.0,9.0,10.0,15.0,10.0,30.0,-,184.0,153.0
24,JULIO ALSOGARAY,2417,ARG,14.0,19.0,5.0,19.0,1.0,10.0,19.0,30.0,21.0,(40.0),-,-,-,178.0,138.0
25,"STEPHANIE ROBLE, MARGARET SHEA",4605,,20.0,2.0,(23.0),5.0,13.0,19.0,14.0,7.0,20.0,14.0,23.0,21.0,-,181.0,158.0
25,DONGSHUANG ZHANG,1170,CHN,6.0,16.0,13.0,11.0,29.5,17.0,20.0,31.0,(35.0),22.0,-,-,-,200.5,165.5
25,SERGEY KOMISSAROV,4437,RUS,10.0,6.0,21.0,6.0,2.0,1.0,33.0,33.0,30.0,(35.0),-,-,-,177.0,142.0
25,"CARLOS ROBLES LORENTE, MARCO SOFFIATTI GRAEL",748,,16.0,3.0,3.0,19.0,7.0,8.0,17.0,24.0,(30.0),18.0,25.0,15.0,-,185.0,155.0
26,"LEO TAKAHASHI, IBUKI KOIZUMI",2752,,2.0,7.0,18.0,16.0,11.0,12.0,7.0,21.0,12.0,24.0,26.0,(30.0),-,186.0,156.0
26,SVENJA WEGER,4650,GER,9.0,11.0,10.0,(35.0),29.0,15.0,30.0,26.0,23.0,13.0,-,-,-,201.0,166.0
26,"TINA LUTZ, SUSANN BEUCKE",4826,GER,16.0,17.0,8.0,15.0,5.0,9.0,(25.0),16.0,12.0,24.0,13.0,23.0,-,183.0,158.0
26,CHRISTOPHER BARNARD,892,USA,2.0,17.0,(42.0),3.0,17.0,16.0,5.0,36.0,25.0,25.0,-,-,-,188.0,146.0
27,JOYCE FLORIDIA,2351,ITA,19.0,28.0,20.0,30.0,31.0,8.0,16.0,8.0,8.0,(48.0),-,-,-,216.0,168.0
27,"ENIA NINCEVIC, MIHAELA DE MICHELI VITTURI",1311,,14.0,11.0,13.0,16.0,2.0,5.0,20.0,27.0,(30.0),20.0,14.0,17.0,-,189.0,159.0
27,FILIP JURISIC,1461,CRO,12.0,27.0,(43.0),36.0,6.0,6.0,39.0,3.0,10.0,10.0,-,-,-,192.0,149.0
27,"CHARLIE WYATT, SIMON HOFFMAN",820,,9.0,9.0,16.0,9.0,5.0,13.0,(30.0),23.0,25.0,27.0,20.0,10.0,-,196.0,166.0
28,MARTINA REINO CACHO,3242,ESP,6.0,18.0,7.0,19.0,(44.0),39.0,9.0,39.0,6.0,27.0,-,-,-,214.0,170.0
28,"ANDREW , MCKENZIE",256,,6.0,4.0,31.0,17.0,5.0,12.0,37.0,(42.0),20.0,21.0,-,-,-,195.0,153.0
28,"NOORA RUSKOLA, MIKAELA WULFF",3756,,20.0,8.0,9.0,14.0,12.0,13.0,(27.0),12.0,23.0,21.0,25.0,13.0,-,197.0,170.0
28,"FREDERIK RASK, MARCUS BAY",1560,,16.0,12.0,17.0,8.0,2.0,7.0,21.0,26.0,15.0,28.0,(30.0),30.0,-,212.0,182.0
29,WANNES VAN LAER,5088,BEL,12.0,16.0,9.0,8.0,27.0,10.0,18.0,24.0,31.0,(32.0),-,-,-,187.0,155.0
29,SILVIA ZENNARO,4489,ITA,24.0,33.0,2.0,12.0,10.0,5.0,40.0,2.0,46.0,(51.0),-,-,-,225.0,174.0
29,"WILLEMIJN OFFERMAN, CECILE JANMAAT",5136,,12.0,15.0,17.0,25.0,15.0,3.0,26.0,1.0,19.0,25.0,(30.0),25.0,-,213.0,183.0
29,"IAN CHEKH, IVAN ZOTOV",1959,,6.0,18.0,10.0,24.0,11.0,3.0,(30.0),28.0,22.0,25.0,30.0,30.0,-,237.0,207.0
30,VERONIKA KOZELSKA FENCLOVA,5011,CZE,13.0,23.0,20.0,22.0,18.0,25.0,15.0,(51.0),14.0,29.0,-,-,-,230.0,179.0
30,"JACOPO PLAZZI MARZOTTO, ANDREA TESEI",2065,,11.0,(25.0),11.0,12.0,6.0,11.0,17.0,6.0,20.0,8.0,1.0,3.0,-,131.0,106.0
30,"ALEXANDRA TEN HOVE, MARIAH MILLEN",133,CAN,19.0,3.0,7.0,15.0,27.0,14.0,24.0,(30.0),29.0,27.0,26.0,22.0,-,243.0,213.0
30,BRUNO FONTES,674,BRA,8.0,8.0,6.0,12.0,39.0,11.0,13.0,20.0,40.0,(56.0),-,-,-,213.0,157.0
31,ATHANASIA FAKIDI,406,GRE,8.0,23.0,26.0,2.0,33.0,10.0,5.0,(54.0),42.0,31.0,-,-,-,234.0,180.0
31,"CARLOTTA OMARI, MATILDA DISTEFANO",752,,(23.0),23.0,10.0,21.0,15.0,3.0,9.0,2.0,10.0,3.0,4.0,2.0,-,125.0,102.0
31,"YAGO LANGE, KLAUS LANGE",5194,,1.0,11.0,24.0,(27.0),9.0,24.0,16.0,5.0,4.0,1.0,8.0,4.0,-,134.0,107.0
31,FINN LYNCH,1474,IRL,7.0,16.0,46.0,4.0,18.0,13.0,1.0,(56.0),45.0,9.0,-,-,-,215.0,159.0
32,MARIE BOLOU,3141,FRA,12.0,31.0,27.0,21.0,15.0,16.0,25.0,(36.0),17.0,20.0,-,-,-,220.0,184.0
32,GEORGE GAUTREY,1634,NZL,18.0,14.0,8.0,17.0,21.0,8.0,26.0,32.0,(33.0),15.0,-,-,-,192.0,159.0
32,"FEDERICO ALONSO TELLECHEA, ARTURO ALONSO TELLECHEA",1421,,(30.0),23.0,5.0,11.0,1.0,20.0,16.0,16.0,5.0,10.0,2.0,1.0,-,140.0,110.0
32,"TESS LLOYD, JAIME RYAN",4723,,(21.0),20.0,18.0,17.0,8.0,15.0,13.0,5.0,1.0,6.0,1.0,7.0,-,132.0,111.0
33,THEODOR BAUER,4742,GER,21.0,13.0,12.0,16.0,22.0,36.0,20.0,(48.0),3.0,17.0,-,-,-,208.0,160.0
33,HADDON HUGHES,1769,USA,27.0,9.0,8.0,17.0,3.0,26.0,46.0,15.0,38.0,(56.0),-,-,-,245.0,189.0
33,"KLARA WESTER, REBECCA NETZLER",2590,SWE,17.0,5.0,(23.0),17.0,15.0,12.0,4.0,1.0,16.0,8.0,13.0,5.0,-,136.0,113.0
33,"BENJAMIN BILDSTEIN, DAVID HUSSL",507,AUT,1.0,5.0,5.0,(22.0),18.0,21.0,19.0,1.0,2.0,18.0,14.0,7.0,-,133.0,111.0
34,JUAN IGNACIO MAEGLI AGUERO,2361,,17.0,18.0,17.0,26.0,7.0,33.0,8.0,(39.0),36.0,5.0,-,-,-,206.0,167.0
34,"KIMBERLY LIM, CECILIA LOW",2573,SGP,(28.0),10.0,24.0,9.0,19.0,8.0,2.0,12.0,2.0,17.0,14.0,3.0,-,148.0,120.0
34,MARIE BARRUE,3140,FRA,16.0,40.0,12.0,2.0,20.0,22.0,41.0,10.0,31.0,(45.0),-,-,-,239.0,194.0
34,"CHRISTOPHER RAST, TREVOR BURD",894,,7.0,5.0,13.0,17.0,(20.0),8.0,12.0,10.0,3.0,7.0,20.0,10.0,-,132.0,112.0
35,"LACHY GILMOUR, RYAN DONALDSON",2663,,20.0,13.0,7.0,(26.0),14.0,7.0,2.0,2.0,11.0,22.0,9.0,11.0,-,144.0,118.0
35,"CARLA MUNTE CARRASCO, MARTA MUNTE CARRASCO",736,,9.0,11.0,12.0,23.0,(26.0),14.0,1.0,7.0,7.0,7.0,10.0,20.0,-,147.0,121.0
35,MIRTHE AKKERMAN,3514,NED,10.0,15.0,39.0,38.0,8.0,11.0,7.0,(53.0),45.0,28.0,-,-,-,254.0,201.0
35,NIK AARON NIK AARON WILLIM,3697,,16.0,8.0,(50.0),23.0,32.0,9.0,14.0,18.0,42.0,7.0,-,-,-,219.0,169.0
36,PERNELLE MICHON,3962,FRA,30.0,13.0,24.0,22.0,11.0,9.0,38.0,47.0,(50.0),10.0,-,-,-,254.0,204.0
36,"RYAN SEATON, SEAFRA GUILFOYLE",4265,,25.0,21.0,7.0,7.0,10.0,6.0,1.0,25.0,21.0,(30.0),6.0,2.0,-,161.0,131.0
36,"MARIA OTTAVIA RAGGIO, JANA GERMANI",3128,,8.0,12.0,(26.0),19.0,10.0,15.0,11.0,14.0,3.0,5.0,8.0,26.0,-,157.0,131.0
36,GIOVANNI COCCOLUTO,1678,ITA,1.0,18.0,42.0,9.0,27.0,13.0,9.0,10.0,(56.0),41.0,-,-,-,226.0,170.0
37,"LAURA SCHOFEGGER, ANNA BOUSTANI",2708,,4.0,26.0,(31.0),21.0,22.0,12.0,5.0,9.0,5.0,10.0,12.0,6.0,-,163.0,132.0
37,JESPER STALHEIM,2195,SWE,4.0,6.0,9.0,1.0,20.0,11.0,28.0,(56.0),43.0,56.0,-,-,-,234.0,178.0
37,ISABELLA-ANNA BERTOLD,2018,,19.0,32.0,(41.0),7.0,32.0,12.0,13.0,32.0,26.0,36.0,-,-,-,250.0,209.0
37,"YANNICK LEFEBVRE, TOM PELSMAEKERS",5213,BEL,18.0,10.0,(23.0),12.0,16.0,19.0,22.0,3.0,1.0,15.0,12.0,6.0,-,157.0,134.0
38,"JAKOB MEGGENDORFER, ANDREAS SPRANGER",2080,GER,18.0,15.0,9.0,5.0,7.0,14.0,14.0,19.0,10.0,23.0,3.0,(29.0),-,166.0,137.0
38,TADEUSZ KUBIAK,4662,POL,31.0,19.0,4.0,14.0,10.0,19.0,36.0,(45.0),39.0,8.0,-,-,-,225.0,180.0
38,VALENTINA BALBI,4967,ITA,40.0,12.0,28.0,26.0,21.0,18.0,1.0,34.0,32.0,(41.0),-,-,-,253.0,212.0
38,"SAYOKO HARADA, SERA NAGAMATSU",4372,,15.0,14.0,3.0,(26.0),25.0,25.0,3.0,20.0,4.0,16.0,6.0,4.0,-,161.0,135.0
39,"PETER JANEZIC, SEBASTIAN PRINCIC",3970,,22.0,(25.0),4.0,9.0,19.0,22.0,7.0,9.0,22.0,3.0,11.0,12.0,-,165.0,140.0
39,"FRANCESCA BERGAMO, ALICE SINNO",1517,,14.0,14.0,6.0,(22.0),9.0,22.0,12.0,21.0,9.0,19.0,9.0,12.0,-,169.0,147.0
39,BENJAMIN VADNAI,520,HUN,5.0,22.0,14.0,21.0,1.0,9.0,25.0,49.0,37.0,(51.0),-,-,-,234.0,183.0
39,LUCIA FALASCA,2914,ARG,14.0,6.0,15.0,44.0,28.0,13.0,31.0,(46.0),22.0,40.0,-,-,-,259.0,213.0
40,"NEVIN SNOW, MAXIMILIANO AGNESE",3640,,3.0,13.0,22.0,19.0,18.0,3.0,4.0,(27.0),16.0,24.0,5.0,13.0,-,167.0,140.0
40,JACK WETHERELL,2051,GBR,23.0,20.0,2.0,12.0,14.0,45.0,(56.0),26.0,16.0,26.0,-,-,-,240.0,184.0
40,"RONJA GRONBLOM, SARA EHRNROOTH",4215,,17.0,4.0,11.0,13.0,24.0,(29.0),16.0,18.0,8.0,23.0,18.0,1.0,-,182.0,153.0
40,SUSANNAH PYATT,4643,NZL,31.0,18.0,41.0,10.0,12.0,29.0,42.0,25.0,(53.0),8.0,-,-,-,269.0,216.0
41,TATIANA DROZDOVSKAYA,4698,BLR,24.0,25.0,6.0,37.0,9.0,14.0,(57.0),42.0,37.0,32.0,-,-,-,283.0,226.0
41,ROBERT DAVIS,4167,CAN,9.0,17.0,27.0,11.0,8.0,21.0,(44.0),28.0,41.0,24.0,-,-,-,230.0,186.0
41,"BART LAMBRIEX, FLORIS VAN DE WERKEN",460,NED,15.0,20.0,13.0,3.0,13.0,14.0,(23.0),13.0,15.0,12.0,7.0,18.0,-,166.0,143.0
41,"KATLIN TAMMISTE, ANNA MARIA SEPP",2509,EST,16.0,(28.0),19.0,12.0,19.0,22.0,19.0,24.0,11.0,1.0,3.0,9.0,-,183.0,155.0
42,"MADELEINE ZIELINSKA, NADIA ZIELINSKA",2987,POL,18.0,(27.0),26.0,24.0,3.0,21.0,8.0,15.0,15.0,14.0,5.0,11.0,-,187.0,160.0
42,BRENDA BOWSKILL,649,CAN,17.0,22.0,40.0,12.0,26.0,2.0,(52.0),50.0,25.0,34.0,-,-,-,280.0,228.0
42,ELIOT MERCERON,1252,SUI,11.0,15.0,24.0,9.0,16.0,26.0,38.0,(41.0),32.0,16.0,-,-,-,228.0,187.0
42,"ERWAN FISCHER, CLEMENT PEQUIN",1351,FRA,24.0,12.0,2.0,14.0,15.0,20.0,(25.0),4.0,13.0,4.0,13.0,25.0,-,171.0,146.0
43,"AURA MIQUEL MOLONS, NURIA MIRO",418,,27.0,25.0,25.0,(30.0),21.0,6.0,6.0,8.0,6.0,4.0,21.0,17.0,-,196.0,166.0
43,ZOE THOMSON,5286,AUS,28.0,15.0,4.0,24.0,5.0,30.0,35.0,(59.0),52.0,35.0,-,-,-,287.0,228.0
43,FRANCISCO GUARAGNA RIGONAT,1529,ARG,11.0,15.0,31.0,11.0,17.0,15.0,27.0,29.0,(56.0),33.0,-,-,-,245.0,189.0
43,"CHRIS TAYLOR, SAMUEL BATTEN",868,,20.0,22.0,5.0,6.0,13.0,11.0,13.0,(23.0),7.0,6.0,22.0,21.0,-,169.0,146.0
44,"SCIPIO HOUTMAN, PIM VAN VUGT",4392,,12.0,(27.0),17.0,16.0,5.0,17.0,20.0,21.0,8.0,13.0,4.0,14.0,-,174.0,147.0
44,ELYSE AINSWORTH,1272,AUS,21.0,27.0,28.0,23.0,22.0,38.0,34.0,20.0,(54.0),18.0,-,-,-,285.0,231.0
44,MAXIME MAZARD,3376,FRA,19.0,8.0,35.0,14.0,11.0,23.0,(47.0),37.0,6.0,37.0,-,-,-,237.0,190.0
44,"JULIE BOSSARD, AUDE COMPAN",2406,,10.0,20.0,5.0,18.0,24.0,24.0,(31.0),13.0,13.0,11.0,17.0,14.0,-,200.0,169.0
45,GIANMARCO PLANCHESTAINER,1662,ITA,12.0,20.0,25.0,15.0,12.0,31.0,(43.0),23.0,28.0,27.0,-,-,-,236.0,193.0
45,"DEWI COUVERT, SHANNEN MARCK",1109,,26.0,25.0,4.0,8.0,14.0,(28.0),14.0,17.0,14.0,26.0,15.0,8.0,-,199.0,171.0
45,LOUISE CERVERA,2886,FRA,16.0,20.0,(56.0),3.0,24.0,13.0,49.0,52.0,16.0,39.0,-,-,-,288.0,232.0
45,"JUDGE RYAN, HANS HENKEN",2371,USA,16.0,20.0,8.0,10.0,24.0,16.0,3.0,24.0,6.0,5.0,(28.0),20.0,-,180.0,152.0
46,YURI HUMMEL,5246,NED,13.0,10.0,10.0,26.0,14.0,9.0,23.0,(46.0),46.0,42.0,-,-,-,239.0,193.0
46,"LIVIA NAEF, NELIA PUHZE",2849,,22.0,24.0,22.0,20.0,(31.0),13.0,7.0,23.0,22.0,2.0,7.0,15.0,-,208.0,177.0
46,VIKTORIJA ANDRULYTE,5044,LTU,36.0,14.0,23.0,13.0,17.0,32.0,(53.0),40.0,30.0,30.0,-,-,-,288.0,235.0
46,"JIM COLLEY, SHAUN CONNOR",2217,AUS,4.0,19.0,15.0,10.0,23.0,4.0,10.0,11.0,23.0,14.0,19.0,(27.0),-,179.0,152.0
47,MILIVOJ DUKIC,3492,MNE,41.0,9.0,17.0,5.0,8.0,13.0,(49.0),22.0,48.0,34.0,-,-,-,246.0,197.0
47,PIA KUHLMANN,4013,GER,17.0,28.0,13.0,44.0,26.0,23.0,23.0,23.0,41.0,(50.0),-,-,-,288.0,238.0
47,"JOHANNE SCHMIDT, ANDREA SCHMIDT",2268,DEN,25.0,17.0,(28.0),19.0,16.0,17.0,22.0,3.0,19.0,15.0,2.0,23.0,-,206.0,178.0
47,"KONSTANTIN NOSOV, ALEKSANDR GAIDAENKO",2611,RUS,(27.0),9.0,11.0,11.0,12.0,9.0,11.0,26.0,18.0,17.0,27.0,9.0,-,187.0,160.0
48,"HUGO FEDRIGUCCI, MARTIN GUEZ",1936,,(25.0),7.0,15.0,15.0,9.0,10.0,21.0,22.0,17.0,25.0,15.0,5.0,-,186.0,161.0
48,ANNA MUNCH,298,DEN,22.0,25.0,24.0,14.0,19.0,42.0,33.0,(55.0),43.0,19.0,-,-,-,296.0,241.0
48,WILLIAM DE SMET,5141,BEL,43.0,23.0,2.0,15.0,3.0,5.0,46.0,(50.0),24.0,38.0,-,-,-,249.0,199.0
48,"SIRRE KRONLOF, SELMA VALJUS",4512,,9.0,24.0,20.0,29.0,(31.0),24.0,15.0,6.0,17.0,12.0,27.0,18.0,-,232.0,201.0
49,"DOMINIKA VADUROVA, SARA TKADLECOVA",1162,,(30.0),3.0,12.0,10.0,16.0,26.0,20.0,23.0,24.0,24.0,25.0,21.0,-,234.0,204.0
49,"SIMONE FERRARESE, VALERIO GALATI",4502,,22.0,(24.0),12.0,23.0,12.0,6.0,6.0,14.0,24.0,11.0,16.0,15.0,-,185.0,161.0
49,MARCO GALLO,3086,ITA,27.0,9.0,15.0,20.0,7.0,7.0,(56.0),56.0,26.0,39.0,-,-,-,262.0,206.0
49,LUCIANA CARDOZO,2917,ARG,47.0,5.0,9.0,26.0,29.5,45.0,39.0,12.0,(59.0),37.0,-,-,-,308.5,249.5
50,"MICHAEL HANSEN, MATHIAS LEHM SLETTEN",3445,,(25.0),16.0,13.0,10.0,10.0,21.0,5.0,18.0,20.0,21.0,10.0,22.0,-,191.0,166.0
50,AOIFE HOPKINS,350,IRL,33.0,35.0,18.0,7.0,33.0,35.0,44.0,1.0,44.0,(55.0),-,-,-,305.0,250.0
50,"MEGAN BRICKWOOD, ELEANOR ALDRIDGE",3405,,27.0,19.0,(29.0),20.0,23.0,20.0,23.0,4.0,13.0,27.0,20.0,10.0,-,235.0,206.0
50,MAXIM NIKOLAEV,3372,RUS,25.0,5.0,12.0,33.0,17.0,12.0,(52.0),38.0,50.0,20.0,-,-,-,264.0,212.0
51,"GRISELDA KHNG, OLIVIA CHEN",1726,,19.0,6.0,16.0,27.0,23.0,18.0,26.0,26.0,22.0,13.0,11.0,(31.0),-,238.0,207.0
51,JUAN PABLO BISIO,2367,ARG,20.0,11.0,15.0,(56.0),16.0,15.0,40.0,19.0,51.0,47.0,-,-,-,290.0,234.0
51,MAITE CARLIER,3017,BEL,25.0,10.0,45.0,14.0,28.0,24.0,(56.0),14.0,47.0,46.0,-,-,-,309.0,253.0
51,"JACK HAWKINS, CHRISTOPHER THOMAS",2046,GBR,12.0,24.0,21.0,8.0,14.0,23.0,(26.0),15.0,9.0,9.0,18.0,16.0,-,195.0,169.0
52,ZAN LUKA ZELKO,5260,SLO,28.0,26.0,33.0,13.0,10.0,12.0,41.0,40.0,34.0,(48.0),-,-,-,285.0,237.0
52,YUMIKO TOMBE,5243,JPN,26.0,44.0,21.0,34.0,15.0,22.0,(59.0),29.0,29.0,53.0,-,-,-,332.0,273.0
52,"NATSUMI ANDO, FENJA VALENTIEN",3618,,21.0,21.0,15.0,(31.0),31.0,20.0,18.0,16.0,23.0,9.0,22.0,16.0,-,243.0,212.0
52,"JAMES GRUMMETT, DANIEL BUDDEN",2093,,11.0,6.0,24.0,17.0,(27.0),13.0,8.0,7.0,27.0,16.0,26.0,17.0,-,199.0,172.0
53,JOEL RODRIGUEZ,2251,ESP,19.0,45.0,16.0,16.0,5.0,24.0,(56.0),44.0,44.0,31.0,-,-,-,300.0,244.0
53,"ROBERT DICKSON, SEAN WADDILOVE",4168,IRL,8.0,13.0,18.0,15.0,21.0,21.0,(24.0),20.0,12.0,2.0,21.0,23.0,-,198.0,174.0
53,ECEM GUZEL,1198,TUR,13.0,30.0,6.0,(61.0),24.0,26.0,24.0,45.0,49.0,57.0,-,-,-,335.0,274.0
53,"KATE SHANER, CHARLOTTE MACK",2499,,23.0,(28.0),20.0,16.0,17.0,28.0,17.0,20.0,20.0,21.0,19.0,24.0,-,253.0,225.0
54,"IAN BARROWS, JOSEPH KISS",1957,,14.0,10.0,27.0,(30.0),8.0,15.0,9.0,28.0,14.0,26.0,23.0,8.0,-,212.0,182.0
54,ADONIS BOUGIOURIS,22,GRE,15.0,19.0,19.0,5.0,10.0,29.0,51.0,51.0,(52.0),49.0,-,-,-,300.0,248.0
54,CHRISTINA SAKELLARIS,883,USA,20.0,30.0,12.0,39.0,20.0,20.0,48.0,28.0,57.0,(59.0),-,-,-,333.0,274.0
54,"ZOYA NOVIKOVA, DIANA SABIROVA",5296,,24.0,22.0,21.0,(31.0),25.0,23.0,10.0,10.0,25.0,18.0,23.0,25.0,-,257.0,226.0
55,MATIAS DYCK,3304,ECU,16.0,28.0,44.0,8.0,18.0,20.0,35.0,(47.0),47.0,44.0,-,-,-,307.0,260.0
55,"ANNA YAMAZAKI, SENA TAKANO",306,,24.0,29.0,27.0,23.0,(31.0),23.0,24.0,11.0,18.0,25.0,16.0,13.0,-,264.0,233.0
55,NUR SHAZRIN MOHAMAD LATIF,3770,MAS,34.0,26.0,19.0,8.0,40.0,34.0,36.0,41.0,39.0,(43.0),-,-,-,320.0,277.0
55,"MORGAN PEACH, RHOS HAWES",3552,,12.0,10.0,16.0,23.0,18.0,17.0,18.0,13.0,26.0,(27.0),17.0,24.0,-,221.0,194.0
56,"LARS VAN STEKELENBORG, THIJS VISSER",2689,,19.0,17.0,12.0,9.0,22.0,27.0,(28.0),8.0,25.0,20.0,24.0,19.0,-,230.0,202.0
56,"JASMIN GALBRAITH, CHLOE FISHER",2147,,18.0,27.0,10.0,(31.0),31.0,18.0,21.0,25.0,27.0,22.0,26.0,19.0,-,275.0,244.0
56,OLIVIA CHRISTIE,3810,NZL,28.0,48.0,51.0,3.0,12.0,8.0,43.0,(57.0),34.0,54.0,-,-,-,338.0,281.0
56,ENRIQUE JOSE ARATHOON PACAS,1319,ESA,5.0,39.0,28.0,12.0,37.0,(56.0),5.0,1.0,8.0,4.0,-,-,-,195.0,139.0
57,LAURA BO VOSS,2695,GER,49.0,26.0,36.0,9.0,23.0,37.0,45.0,6.0,55.0,(60.0),-,-,-,346.0,286.0
57,JONATAN VADNAI,2298,HUN,40.0,(44.0),27.0,14.0,11.0,8.0,2.0,17.0,32.0,1.0,-,-,-,196.0,152.0
57,"ANASTASIIA MOGILNAIA, IANA STOKOLESOVA",207,,28.0,22.0,(30.0),25.0,20.0,26.0,29.0,27.0,26.0,20.0,24.0,22.0,-,299.0,269.0
57,"CARL P SYLVAN, MARCUS ANJEMARK",732,SWE,4.0,16.0,4.0,17.0,10.0,18.0,(30.0),30.0,30.0,30.0,30.0,30.0,-,249.0,219.0
58,"JUUSO ROIHU, HENRI ROIHU",2441,,9.0,15.0,20.0,13.0,26.0,25.0,27.0,17.0,(28.0),19.0,25.0,26.0,-,250.0,222.0
58,"LUCIA TAMANI, BIANCA TAMANI",2915,,29.0,30.0,21.0,(31.0),31.0,29.0,28.0,28.0,28.0,28.0,28.0,27.0,-,338.0,307.0
58,TOMAS PELLEJERO,4880,ARG,21.0,17.0,24.0,7.0,22.0,(56.0),22.0,10.0,29.0,5.0,-,-,-,213.0,157.0
58,MILDA EIDUKEVICIUTE,3491,LTU,23.0,37.0,10.0,38.0,42.0,16.0,(58.0),16.0,58.0,58.0,-,-,-,356.0,298.0
59,"LUIS BUGALLO ARRIOLA, JORGE LORENZO ROMAN",2932,,(30.0),14.0,28.0,19.0,20.0,10.0,3.0,4.0,3.0,2.0,5.0,3.0,-,141.0,111.0
59,"VERONIKA ZIVNA, KATERINA ZIVNA",5012,,29.0,29.0,27.0,28.0,(31.0),28.0,27.0,30.0,29.0,29.0,29.0,28.0,-,344.0,313.0
59,MARCO BENINI,3083,,21.0,25.0,21.0,23.0,(41.0),32.0,24.0,3.0,5.0,9.0,-,-,-,204.0,163.0
59,FATIMA REYES,1415,ESP,15.0,13.0,21.0,20.0,(61.0),27.0,55.0,61.0,56.0,47.0,-,-,-,376.0,315.0
60,VIKTOR TEPLY,5043,CZE,23.0,22.0,(40.0),18.0,33.0,15.0,4.0,33.0,9.0,12.0,-,-,-,209.0,169.0
60,"ANASTASIA SHCHEGLOVA, LIUDMILA DMITRIEVA",205,,26.0,30.0,(31.0),31.0,31.0,27.0,25.0,29.0,31.0,31.0,31.0,31.0,-,354.0,323.0
60,EKATERINA ZYUZINA,1222,RUS,9.0,32.0,39.0,42.0,27.0,25.0,50.0,48.0,(51.0),49.0,-,-,-,372.0,321.0
60,"BENJAMIN JOSE GREZ, EXEQUIEL GREZ AHRENS",516,,10.0,26.0,25.0,20.0,15.0,(28.0),2.0,10.0,1.0,3.0,8.0,1.0,-,149.0,121.0
61,KHAIRULNIZAM MOHD AFENDY,2555,MAS,15.0,26.0,20.0,26.0,31.0,5.0,12.0,34.0,3.0,(56.0),-,-,-,228.0,172.0
61,MARIIA KISLUKHINA,3150,,36.0,17.0,25.0,(40.0),23.0,36.0,17.0,30.0,6.0,10.0,-,-,-,240.0,200.0
61,"MARIO TINOCO, GABRIEL BORGES",3171,,6.0,(28.0),28.0,16.0,22.0,17.0,19.0,4.0,6.0,6.0,10.0,4.0,-,166.0,138.0
62,MARA STRANSKY,3070,AUS,27.0,34.0,(43.0),41.0,41.0,12.0,11.0,5.0,12.0,18.0,-,-,-,244.0,201.0
62,ETIENNE LE PEN,1365,FRA,30.0,25.0,25.0,25.0,25.0,(37.0),30.0,8.0,6.0,3.0,-,-,-,214.0,177.0
62,"ANDREW MOLLERUS, IAN MACDIARMID",260,USA,14.0,15.0,9.0,(30.0),14.0,30.0,11.0,2.0,7.0,7.0,2.0,29.0,-,170.0,140.0
63,NIELS BROEKHUIZEN,3694,NED,31.0,23.0,13.0,20.0,30.0,20.0,26.0,5.0,12.0,(56.0),-,-,-,236.0,180.0
63,LENA HAVERLAND,2739,GER,39.0,43.0,22.0,(50.0),19.0,24.0,7.0,14.0,17.0,20.0,-,-,-,255.0,205.0
63,"DON WHITCRAFT, DYLAN WHITCRAFT",1165,THA,11.0,20.0,23.0,21.0,(26.0),10.0,8.0,5.0,2.0,19.0,9.0,14.0,-,168.0,142.0
64,PALOMA SCHMIDT GUTIERREZ,3866,PER,35.0,41.0,23.0,(47.0),18.0,43.0,29.0,3.0,14.0,2.0,-,-,-,255.0,208.0
64,"SHINGEN FURUYA, SHINJI HACHIYAMA",4461,,22.0,24.0,19.0,(28.0),17.0,16.0,1.0,1.0,13.0,9.0,12.0,10.0,-,172.0,144.0
64,ALP RONA RODOPMAN,172,TUR,25.0,16.0,36.0,20.0,29.0,23.0,6.0,11.0,17.0,(45.0),-,-,-,228.0,183.0
65,CARLOS ROSELLO,751,ESP,(38.0),25.0,11.0,28.0,36.0,22.0,8.0,15.0,13.0,36.0,-,-,-,232.0,194.0
65,RUBEI YUAN,4233,CHN,33.0,21.0,29.0,36.0,(47.0),29.0,1.0,25.0,30.0,8.0,-,-,-,259.0,212.0
65,"TOMAS MATHISEN, MADS MATHISEN",4879,,24.0,12.0,20.0,8.0,21.0,(29.0),16.0,24.0,12.0,8.0,1.0,2.0,-,177.0,148.0
66,"DANIEL NYBORG, SEBASTIAN EMIL WRIGHT OLSEN",1028,,13.0,17.0,23.0,18.0,(30.0),13.0,4.0,18.0,10.0,15.0,6.0,13.0,-,180.0,150.0
66,FILIP CISZKIEWICZ,1459,POL,50.0,47.0,20.0,11.0,4.0,17.0,(56.0),2.0,15.0,30.0,-,-,-,252.0,196.0
66,MOMOKO TADA,3541,JPN,42.0,42.0,(44.0),10.0,37.0,39.0,9.0,20.0,1.0,14.0,-,-,-,258.0,214.0
67,PAULINE LIEBIG,3925,GER,34.0,(38.0),22.0,31.0,37.0,32.0,8.0,7.0,7.0,38.0,-,-,-,254.0,216.0
67,JACK COOKSON,2039,GBR,28.0,24.0,(36.0),30.0,11.0,16.0,18.0,18.0,27.0,24.0,-,-,-,232.0,196.0
67,"HARRY MELGES IV, WILLIAM ROWE",1815,,19.0,21.0,22.0,20.0,(30.0),2.0,13.0,9.0,14.0,10.0,18.0,9.0,-,187.0,157.0
68,"KLAES MEIE, R-ANDERSEN, CARL EMIL NIELSEN",2587,,21.0,26.0,9.0,22.0,8.0,27.0,5.0,19.0,5.0,4.0,17.0,(29.0),-,192.0,163.0
68,GABRIELLA KIDD,1597,BRA,26.0,24.0,33.0,40.0,34.0,45.0,14.0,1.0,5.0,(60.0),-,-,-,282.0,222.0
68,EDUARDO MARQUES,1204,POR,29.0,10.0,34.0,49.0,19.0,18.0,(56.0),14.0,4.0,22.0,-,-,-,255.0,199.0
69,DANIIL KRUTSKIKH,1039,RUS,22.0,44.0,14.0,27.0,(45.0),34.0,11.0,21.0,7.0,19.0,-,-,-,244.0,199.0
69,MAURA DEWEY,3348,CAN,35.0,36.0,27.0,33.0,(51.0),48.0,10.0,6.0,5.0,32.0,-,-,-,283.0,232.0
69,"VICTOR SILEN, CHRISTOFFER SILEN",5026,FIN,27.0,22.0,26.0,8.0,(28.0),1.0,22.0,6.0,9.0,11.0,20.0,12.0,-,192.0,164.0
70,CLARA GRAVELY,908,CAN,38.0,52.0,38.0,6.0,31.0,(53.0),38.0,12.0,16.0,16.0,-,-,-,300.0,247.0
70,"PANAGIOTIS KAMPOURIDIS, STELIOS NOUTSOS",3871,,23.0,19.0,(29.0),13.0,22.0,20.0,7.0,11.0,4.0,21.0,21.0,6.0,-,196.0,167.0
70,EMIL BENGTSON,1277,SWE,16.0,44.0,39.0,22.0,39.0,25.0,(56.0),9.0,1.0,7.0,-,-,-,258.0,202.0
71,"SEAN DONNELLY, TADGH DONNELLY",4401,,(30.0),14.0,14.0,30.0,16.0,25.0,13.0,16.0,8.0,1.0,3.0,29.0,-,199.0,169.0
71,SOFIE SLOTSGAARD,4533,,10.0,(50.0),30.0,46.0,38.0,43.0,21.0,41.0,20.0,1.0,-,-,-,300.0,250.0
71,HUGH MACRAE,1932,CAN,11.0,18.0,28.0,32.0,24.0,(38.0),27.0,16.0,30.0,18.0,-,-,-,242.0,204.0
72,HENRY MARSHALL,1883,USA,10.0,20.0,30.0,18.0,32.0,14.0,25.0,37.0,20.0,(56.0),-,-,-,262.0,206.0
72,CAROLINA JOAO,763,POR,39.0,46.0,32.0,6.0,25.0,34.0,(52.0),16.0,32.0,26.0,-,-,-,308.0,256.0
72,"JOAKIM SALSKO, V-IVERSEN, ANDERS JOHANSEN",2230,,13.0,18.0,21.0,12.0,25.0,(26.0),15.0,20.0,20.0,13.0,4.0,15.0,-,202.0,176.0
73,KAZUMASA SEGAWA,2520,JPN,32.0,36.0,18.0,36.0,9.0,35.0,15.0,19.0,(49.0),17.0,-,-,-,266.0,217.0
73,JACINTA AINSWORTH,2037,,45.0,(49.0),34.0,25.0,43.0,23.0,20.0,31.0,37.0,3.0,-,-,-,310.0,261.0
73,"KURT HANSEN, HARRY MORTON",2650,,15.0,27.0,18.0,18.0,17.0,18.0,6.0,25.0,18.0,16.0,7.0,(29.0),-,214.0,185.0
74,KENJI NANRI,2538,JPN,17.0,23.0,(56.0),23.0,20.0,17.0,44.0,22.0,16.0,35.0,-,-,-,273.0,217.0
74,DOLORES MOREIRA FRASCHINI,1156,URU,38.0,40.0,58.0,28.0,30.0,31.0,4.0,9.0,24.0,(60.0),-,-,-,322.0,262.0
74,"BRADLEY FUNK, SAMUEL HODGES",643,,18.0,23.0,25.0,26.0,12.0,19.0,17.0,9.0,15.0,(29.0),13.0,8.0,-,214.0,185.0
75,"MARK HASSETT, OISIN O'DRISCOLL",3183,,23.0,17.0,10.0,21.0,(26.0),18.0,25.0,21.0,19.0,5.0,22.0,7.0,-,214.0,188.0
75,FILLAH KARIM,1466,CAN,51.0,15.0,10.0,38.0,36.0,18.0,1.0,(53.0),47.0,2.0,-,-,-,271.0,218.0
75,HANNE WEAVER,1798,USA,(55.0),44.0,32.0,34.0,52.0,33.0,12.0,35.0,19.0,6.0,-,-,-,322.0,267.0
76,"STYLIANOS SOTIRIOU, DIMITRIOS BENAKIS",4633,,(29.0),25.0,29.0,24.0,23.0,16.0,9.0,7.0,16.0,12.0,16.0,16.0,-,222.0,193.0
76,DAWID KANIA,1066,,18.0,21.0,27.0,33.0,(48.0),24.0,14.0,25.0,26.0,32.0,-,-,-,268.0,220.0
76,ANDELA DE MICHELI VITTURI,212,CRO,43.0,47.0,16.0,(51.0),22.0,38.0,44.0,26.0,28.0,7.0,-,-,-,322.0,271.0
77,CHRISTIAN GULDBERG ROST,874,DEN,26.0,7.0,45.0,27.0,26.0,21.0,(56.0),30.0,31.0,10.0,-,-,-,279.0,223.0
77,"WILLIAM JONES, EVAN DEPAUL",5142,,26.0,6.0,25.0,21.0,25.0,22.0,18.0,17.0,11.0,(29.0),19.0,11.0,-,230.0,201.0
77,CLEMENTINE THOMPSON,923,GBR,29.0,35.0,50.0,29.0,21.0,19.0,28.0,40.0,27.0,(60.0),-,-,-,338.0,278.0
78,NETHRA KUMANAN,3635,IND,37.0,(48.0),31.0,40.0,48.0,28.0,30.0,11.0,44.0,11.0,-,-,-,328.0,280.0
78,"AKIRA SAKAI, RUSSELL AYLSWORTH",61,,21.0,21.0,27.0,(29.0),24.0,27.0,10.0,12.0,23.0,17.0,15.0,5.0,-,231.0,202.0
78,AGUSTIN VIDAL INCATASCIATO,41,ARG,29.0,29.0,24.0,(43.0),15.0,24.0,43.0,20.0,24.0,15.0,-,-,-,266.0,223.0
79,ANA MONCADA SANCHEZ,193,ESP,32.0,4.0,55.0,45.0,36.0,33.0,(60.0),10.0,58.0,9.0,-,-,-,342.0,282.0
79,RYAN LO,4257,SGP,24.0,29.0,18.0,24.0,35.0,20.0,9.0,40.0,25.0,(56.0),-,-,-,280.0,224.0
79,"GILLIES MUNRO, DANIEL HARRIS",1667,,20.0,28.0,11.0,14.0,24.0,14.0,20.0,15.0,25.0,(29.0),23.0,29.0,-,252.0,223.0
80,"DANIEL BJORNHOLT, NICKLAS HEIDE-JORGENSEN",1019,,17.0,27.0,20.0,25.0,23.0,24.0,21.0,23.0,17.0,20.0,14.0,(29.0),-,260.0,231.0
80,DIMITRIS PAPADIMITRIOU,1134,GRE,33.0,28.0,16.0,9.0,28.0,21.0,38.0,(52.0),46.0,7.0,-,-,-,278.0,226.0
80,ISABELLA MAEGLI AGUERO,2016,GUA,44.0,29.0,30.0,(58.0),46.0,54.0,33.0,27.0,11.0,13.0,-,-,-,345.0,287.0
81,JAKUB RODZIEWICZ,2085,POL,23.0,35.0,17.0,19.0,39.0,32.0,16.0,4.0,(43.0),42.0,-,-,-,270.0,227.0
81,SANDRA LULIC,4318,CRO,41.0,49.0,46.0,17.0,40.0,35.0,36.0,(60.0),21.0,4.0,-,-,-,349.0,289.0
81,"LOUIS CHAMBET, ENZO LOBRY",2877,,21.0,22.0,26.0,25.0,21.0,26.0,26.0,22.0,22.0,14.0,11.0,(29.0),-,265.0,236.0
82,"EDOARDO CAMPOLI, LORENZO CIANCHI",1201,,24.0,(28.0),28.0,25.0,27.0,26.0,14.0,13.0,24.0,22.0,24.0,18.0,-,273.0,245.0
82,DANIEL WHITELEY,1034,GBR,4.0,33.0,37.0,36.0,29.0,25.0,33.0,7.0,(39.0),23.0,-,-,-,266.0,227.0
82,KIM PLETIKOS,2567,SLO,48.0,27.0,37.0,49.0,36.0,31.0,(51.0),39.0,10.0,12.0,-,-,-,340.0,289.0
83,"MARTIN MIKKOLA, MARKUS IHAMUOTILA",3233,,26.0,(29.0),27.0,24.0,20.0,28.0,24.0,14.0,21.0,18.0,26.0,19.0,-,276.0,247.0
83,ALBIN GIPPERTH,79,,39.0,24.0,26.0,25.0,14.0,29.0,39.0,6.0,(40.0),28.0,-,-,-,270.0,230.0
83,DAISY COLLINGRIDGE,1009,GBR,51.0,39.0,(61.0),32.0,45.0,15.0,32.0,33.0,18.0,24.0,-,-,-,350.0,289.0
84,BERKAY ABAY,534,TUR,18.0,35.0,35.0,(43.0),19.0,31.0,7.0,43.0,10.0,33.0,-,-,-,274.0,231.0
84,"PHILLIP LYNGBEK, LAURITS JENSEN",4005,,26.0,(29.0),19.0,22.0,27.0,24.0,23.0,26.0,26.0,23.0,25.0,17.0,-,287.0,258.0
84,CAROLINE SOFIA ROSMO,765,NOR,43.0,(47.0),45.0,8.0,38.0,46.0,46.0,13.0,9.0,43.0,-,-,-,338.0,291.0
85,IGNACIO RODRIGUEZ,1974,URU,10.0,12.0,28.0,(56.0),32.0,41.0,33.0,49.0,18.0,13.0,-,-,-,292.0,236.0
85,"DENIS SHCHEGLOV, PAVEL KARACHOV",1090,,28.0,8.0,29.0,18.0,(30.0),25.0,29.0,29.0,29.0,29.0,29.0,29.0,-,312.0,282.0
85,JULIA BUESSELBERG,2382,GER,22.0,39.0,38.0,(54.0),51.0,50.0,27.0,4.0,35.0,28.0,-,-,-,348.0,294.0
86,"NILS CARSTENSEN, JAN FRIGGE",3720,GER,13.0,26.0,17.0,(30.0),30.0,30.0,29.0,29.0,29.0,29.0,29.0,29.0,-,320.0,290.0
86,AISLING KELLER,57,IRL,49.0,41.0,53.0,46.0,46.0,(61.0),2.0,17.0,25.0,16.0,-,-,-,356.0,295.0
86,MAREK ZALESKI,3100,USA,34.0,32.0,22.0,28.0,(38.0),36.0,19.0,23.0,21.0,21.0,-,-,-,274.0,236.0
87,MALCOLM LAMPHERE,3029,USA,(49.0),49.0,13.0,7.0,4.0,29.0,37.0,35.0,22.0,40.0,-,-,-,285.0,236.0
87,JIA KIM,2204,KOR,54.0,45.0,18.0,53.0,(57.0),48.0,3.0,15.0,55.0,5.0,-,-,-,353.0,296.0
88,CORALIE VITTECOQ,952,CAN,30.0,36.0,46.0,43.0,(49.0),49.0,5.0,46.0,13.0,30.0,-,-,-,347.0,298.0
88,ALEXANDRE BOITE,134,FRA,28.0,13.0,34.0,31.0,33.0,(42.0),17.0,31.0,36.0,14.0,-,-,-,279.0,237.0
89,ANNA BRZOZOWSKA,291,,(54.0),38.0,47.0,34.0,39.0,44.0,6.0,34.0,39.0,19.0,-,-,-,354.0,300.0
89,ZENO GREGORIN,5267,ITA,24.0,33.0,16.0,29.0,(56.0),3.0,13.0,50.0,56.0,16.0,-,-,-,296.0,240.0
90,JILLIAN LEE,2216,,33.0,29.0,57.0,27.0,48.0,58.0,19.0,2.0,35.0,(60.0),-,-,-,368.0,308.0
90,SAGIE GLANTZ,4275,ISR,17.0,30.0,47.0,5.0,18.0,35.0,(56.0),24.0,56.0,11.0,-,-,-,299.0,243.0
91,KARLA SAVAR,2486,,31.0,46.0,(55.0),47.0,53.0,53.0,22.0,28.0,2.0,36.0,-,-,-,373.0,318.0
91,ABDULLA JANAHI,5,BRN,22.0,39.0,10.0,44.0,(45.0),33.0,10.0,41.0,19.0,26.0,-,-,-,289.0,244.0
92,AINA BAUZA ROIG,54,ESP,42.0,34.0,43.0,43.0,34.0,41.0,39.0,21.0,(48.0),21.0,-,-,-,366.0,318.0
92,JIANAN WU,2208,CHN,15.0,35.0,12.0,29.0,31.0,38.0,(56.0),13.0,37.0,37.0,-,-,-,303.0,247.0
93,LOIC QUEYROUX,2863,FRA,37.0,37.0,36.0,34.0,21.0,28.0,(46.0),26.0,23.0,8.0,-,-,-,296.0,250.0
93,FRANCESCA FRAZZA,1521,ITA,41.0,(61.0),49.0,55.0,41.0,44.0,26.0,19.0,23.0,22.0,-,-,-,381.0,320.0
94,ANDREA NORDQUIST,233,SUI,37.0,24.0,47.0,35.0,44.0,40.0,31.0,8.0,56.0,(60.0),-,-,-,382.0,322.0
94,LIAM GLYNN,2787,IRL,(52.0),22.0,8.0,40.0,12.0,17.0,47.0,27.0,48.0,39.0,-,-,-,312.0,260.0
95,ANDREW LEWIS,257,TTO,34.0,27.0,18.0,44.0,34.0,40.0,21.0,32.0,11.0,(47.0),-,-,-,308.0,261.0
95,LIN PLETIKOS,2812,SLO,23.0,31.0,(52.0),48.0,45.0,51.0,37.0,51.0,8.0,31.0,-,-,-,377.0,325.0
96,KIRILL EVFIMYEVSKIY,2580,,31.0,42.0,11.0,24.0,31.0,40.0,42.0,44.0,2.0,(56.0),-,-,-,323.0,267.0
96,ANNA POHLAK,300,EST,(56.0),42.0,44.0,18.0,35.0,41.0,16.0,53.0,43.0,34.0,-,-,-,382.0,326.0
97,GABRIEL SANZ AGERO,1588,GUA,45.0,(48.0),26.0,10.0,37.0,30.0,31.0,29.0,15.0,45.0,-,-,-,316.0,268.0
97,KELLY-ANN ARRINDELL,2535,TTO,40.0,43.0,(58.0),49.0,52.0,57.0,13.0,18.0,38.0,17.0,-,-,-,385.0,327.0
98,ERICA PARTANEN,1330,FIN,44.0,19.0,37.0,52.0,(55.0),51.0,18.0,22.0,50.0,41.0,-,-,-,389.0,334.0
98,FREDRIK WESTMAN,1566,FIN,14.0,33.0,29.0,35.0,29.0,(45.0),23.0,38.0,28.0,42.0,-,-,-,316.0,271.0
99,GEORGII PACHES,1642,UKR,38.0,32.0,9.0,30.0,41.0,18.0,35.0,(45.0),33.0,38.0,-,-,-,319.0,274.0
99,AGIJA ELERTE,30,LAT,(59.0),33.0,26.0,49.0,50.0,36.0,41.0,42.0,41.0,23.0,-,-,-,400.0,341.0
100,"FORD , MCCANN",1509,,24.0,30.0,38.0,25.0,38.0,41.0,20.0,(42.0),34.0,29.0,-,-,-,321.0,279.0
100,ELENA OETLING,1236,,52.0,(55.0),35.0,16.0,39.0,27.0,45.0,45.0,46.0,45.0,-,-,-,405.0,350.0
101,WILHELM KARK,5126,SWE,42.0,26.0,29.0,50.0,15.0,11.0,48.0,28.0,(52.0),31.0,-,-,-,332.0,280.0
101,ISABELLA FILIPPO,2014,,53.0,37.0,59.0,53.0,35.0,42.0,15.0,29.0,28.0,(60.0),-,-,-,411.0,351.0
102,PAVEL BABYCH,3928,,36.0,38.0,14.0,13.0,23.0,(56.0),34.0,56.0,51.0,20.0,-,-,-,341.0,285.0
102,MICHALA NORSELL,3460,,46.0,(57.0),49.0,42.0,49.0,52.0,23.0,23.0,42.0,25.0,-,-,-,408.0,351.0
103,PAUL DIDHAM,3905,USA,19.0,21.0,23.0,40.0,25.0,43.0,40.0,(51.0),50.0,27.0,-,-,-,339.0,288.0
103,JULIE ERHARDSEN,2408,,55.0,(56.0),34.0,36.0,32.0,37.0,24.0,43.0,47.0,44.0,-,-,-,408.0,352.0
104,SANTIAGO SAMPAIO,4332,POR,48.0,13.0,40.0,22.0,52.0,32.0,36.0,12.0,41.0,(56.0),-,-,-,352.0,296.0
104,MARTINA BEZDEKOVA,3240,CZE,46.0,53.0,51.0,11.0,58.0,57.0,25.0,32.0,22.0,(60.0),-,-,-,415.0,355.0
105,MATTHEW KEMPKERS,3332,,40.0,12.0,45.0,45.0,22.0,33.0,28.0,36.0,35.0,(48.0),-,-,-,344.0,296.0
105,KELLY COLE,2532,,(56.0),56.0,42.0,50.0,50.0,46.0,34.0,24.0,33.0,29.0,-,-,-,420.0,364.0
106,ANNABELLE RENNIE-YOUNGER,311,NZL,(58.0),57.0,54.0,20.0,42.0,50.0,47.0,52.0,15.0,40.0,-,-,-,435.0,377.0
106,PATRICK SHANAHAN,3899,,39.0,31.0,33.0,15.0,(50.0),36.0,3.0,48.0,44.0,48.0,-,-,-,347.0,297.0
107,STEFANI MUZAKOVA,4584,BUL,48.0,51.0,52.0,55.0,(57.0),56.0,43.0,44.0,3.0,37.0,-,-,-,446.0,389.0
107,ANDREY QUINTERO,265,COL,32.0,36.0,26.0,(46.0),35.0,27.0,29.0,46.0,45.0,25.0,-,-,-,347.0,301.0
108,MARILENA MAKRI,3154,CYP,52.0,45.0,33.0,(54.0),53.0,49.0,49.0,38.0,53.0,33.0,-,-,-,459.0,405.0
108,LUKE RUITENBERG,2963,CAN,13.0,37.0,32.0,31.0,41.0,35.0,(45.0),39.0,42.0,34.0,-,-,-,349.0,304.0
109,CLEMENTE SEGUEL,921,CHI,26.0,(47.0),33.0,39.0,26.0,31.0,41.0,47.0,38.0,43.0,-,-,-,371.0,324.0
109,EKATERINA MORGUN,1221,RUS,51.0,(52.0),50.0,41.0,47.0,47.0,40.0,49.0,49.0,39.0,-,-,-,465.0,413.0
110,SOFIIA LARYCHEVA,4535,UKR,58.0,53.0,53.0,45.0,25.0,40.0,56.0,47.0,46.0,(60.0),-,-,-,483.0,423.0
110,OMER GOLANI,3820,ISR,30.0,24.0,44.0,29.0,28.0,44.0,(56.0),56.0,56.0,56.0,-,-,-,423.0,367.0
111,YULONG QIU,5242,CHN,34.0,30.0,(51.0),4.0,47.0,45.0,17.0,4.0,16.0,1.0,-,-,-,249.0,198.0
111,KIRANA WARDOJO,2578,,57.0,55.0,35.0,57.0,56.0,55.0,35.0,(58.0),52.0,27.0,-,-,-,487.0,429.0
112,FRANCISCO RENNA,1533,ARG,36.0,31.0,39.0,(56.0),44.0,22.0,16.0,1.0,12.0,4.0,-,-,-,261.0,205.0
112,PAIGE CALDECOAT,3858,AUS,45.0,58.0,56.0,52.0,43.0,52.0,55.0,36.0,(59.0),35.0,-,-,-,491.0,432.0
113,MOLLY HIGHFIELD,3536,,47.0,52.0,42.0,(56.0),55.0,54.0,50.0,50.0,36.0,47.0,-,-,-,489.0,433.0
113,NOAH COLLINSON,3742,,35.0,42.0,(46.0),37.0,30.0,19.0,6.0,7.0,34.0,10.0,-,-,-,266.0,220.0
114,MARIELA NIKOLOVA,3148,BUL,50.0,(59.0),31.0,59.0,54.0,55.0,42.0,55.0,55.0,43.0,-,-,-,503.0,444.0
114,MUSTAFA CAKIR,3581,TUR,39.0,27.0,(56.0),42.0,46.0,25.0,28.0,6.0,11.0,5.0,-,-,-,285.0,229.0
115,DEISY NHAQUILE,1080,MOZ,(60.0),55.0,54.0,58.0,59.0,58.0,54.0,37.0,29.0,50.0,-,-,-,514.0,454.0
115,YANIC GENTRY,5208,MEX,48.0,29.0,30.0,51.0,35.0,22.0,7.0,(56.0),5.0,6.0,-,-,-,289.0,233.0
116,EBRU BOLAT,1197,ROU,50.0,(59.0),48.0,57.0,59.0,47.0,58.0,54.0,31.0,51.0,-,-,-,514.0,455.0
116,KAROLIS JANULIONIS,2492,LTU,(45.0),42.0,37.0,39.0,43.0,16.0,3.0,3.0,39.0,13.0,-,-,-,280.0,235.0
117,SANLAY CASTRO,4323,,57.0,50.0,57.0,56.0,56.0,(59.0),53.0,48.0,40.0,46.0,-,-,-,522.0,463.0
117,DAN SELF,1012,AUS,44.0,43.0,31.0,(49.0),23.0,28.0,40.0,2.0,19.0,9.0,-,-,-,288.0,239.0
118,DMITRY TRETYAKOV,1149,,38.0,32.0,23.0,41.0,(48.0),41.0,11.0,26.0,6.0,21.0,-,-,-,287.0,239.0
118,CHENG LING FENG,843,,53.0,54.0,48.0,51.0,54.0,56.0,48.0,(57.0),57.0,48.0,-,-,-,526.0,469.0
119,HULDA LILJA HANNESDOTTIR,1945,ISL,59.0,58.0,(60.0),60.0,58.0,59.0,57.0,56.0,51.0,51.0,-,-,-,569.0,509.0
119,JAKUB HALOUZKA,2083,CZE,33.0,34.0,29.0,34.0,(51.0),39.0,22.0,14.0,29.0,15.0,-,-,-,300.0,249.0
120,MON CANELLAS SALAS,3542,,27.0,40.0,32.0,22.0,(49.0),44.0,30.0,18.0,36.0,2.0,-,-,-,300.0,251.0
121,RICHARD MAHER,4148,AUS,32.0,46.0,3.0,49.0,43.0,38.0,27.0,12.0,9.0,(56.0),-,-,-,315.0,259.0
122,SIERK JAN TER HAAR,4471,,49.0,28.0,6.0,37.0,49.0,(50.0),32.0,22.0,14.0,22.0,-,-,-,309.0,259.0
123,MAOR BEN HROSH,3068,,41.0,45.0,(54.0),47.0,51.0,52.0,1.0,9.0,4.0,10.0,-,-,-,314.0,260.0
124,STEPAN NOVOTNY,4597,CZE,35.0,40.0,40.0,30.0,36.0,49.0,12.0,(56.0),10.0,11.0,-,-,-,319.0,263.0
125,NIK PLETIKOS,3699,SLO,30.0,45.0,32.0,(46.0),42.0,39.0,46.0,19.0,2.0,14.0,-,-,-,315.0,269.0
126,LYUBEN TENEKEDZHIEV,2974,BUL,44.0,43.0,(49.0),41.0,40.0,48.0,13.0,20.0,23.0,3.0,-,-,-,324.0,275.0
127,JOSE GUTIERREZ,2323,VEN,47.0,14.0,48.0,19.0,40.0,47.0,26.0,(56.0),17.0,17.0,-,-,-,331.0,275.0
128,GERALD WILLIAMS,1646,TPE,45.0,38.0,45.0,35.0,34.0,26.0,5.0,17.0,37.0,(56.0),-,-,-,338.0,282.0
129,ERIC MALACH,1326,,46.0,39.0,15.0,43.0,45.0,(51.0),18.0,28.0,22.0,26.0,-,-,-,333.0,282.0
130,JEREMY MOUTOUT,2181,MON,40.0,43.0,38.0,32.0,38.0,40.0,9.0,(56.0),13.0,31.0,-,-,-,340.0,284.0
131,"MARSHALL , MCCANN",3212,,42.0,34.0,37.0,34.0,47.0,23.0,31.0,(56.0),22.0,18.0,-,-,-,344.0,288.0
132,MALIK HOOD,3032,,51.0,47.0,47.0,(56.0),37.0,30.0,8.0,56.0,8.0,7.0,-,-,-,347.0,291.0
133,TOMAS PIRES DE LIMA,4881,POR,35.0,34.0,48.0,37.0,33.0,42.0,10.0,11.0,42.0,(56.0),-,-,-,348.0,292.0
134,ALEKSI TAPPER,100,FIN,26.0,31.0,41.0,42.0,40.0,43.0,21.0,(56.0),25.0,24.0,-,-,-,349.0,293.0
135,VALERIY KUDRYASHOV,4974,UKR,27.0,(48.0),34.0,44.0,44.0,37.0,37.0,27.0,30.0,16.0,-,-,-,344.0,296.0
136,NICOLAS ROLAZ,3681,SUI,47.0,40.0,22.0,31.0,42.0,42.0,35.0,(56.0),20.0,19.0,-,-,-,354.0,298.0
137,LUC CHEVRIER,2895,LCA,37.0,(49.0),39.0,38.0,44.0,48.0,19.0,5.0,40.0,29.0,-,-,-,348.0,299.0
138,NOOA HENRIK LAUKKANEN,3752,,49.0,48.0,23.0,39.0,19.0,31.0,34.0,(56.0),32.0,24.0,-,-,-,355.0,299.0
139,MARTIS PAJARSKAS,3255,LTU,41.0,52.0,43.0,53.0,28.0,28.0,4.0,25.0,26.0,(56.0),-,-,-,356.0,300.0
140,MEHMET DURAN DINC,3414,TUR,46.0,46.0,20.0,38.0,25.0,(56.0),24.0,23.0,33.0,56.0,-,-,-,367.0,311.0
141,AO HIGUCHI,349,JPN,44.0,51.0,49.0,40.0,46.0,6.0,15.0,8.0,53.0,(56.0),-,-,-,368.0,312.0
142,SCOTT RASMUSSEN,4395,,53.0,(56.0),53.0,51.0,24.0,46.0,36.0,15.0,7.0,28.0,-,-,-,369.0,313.0
143,GIOVANNI SACCOMANI,1681,,51.0,41.0,44.0,(53.0),27.0,49.0,44.0,13.0,24.0,20.0,-,-,-,366.0,313.0
144,CHUSITT PUNJAMALA,898,THA,37.0,41.0,47.0,(56.0),49.0,47.0,2.0,56.0,28.0,13.0,-,-,-,376.0,320.0
145,MALCOLM BENN SMITH,3028,BER,48.0,(52.0),42.0,47.0,43.0,49.0,25.0,16.0,15.0,37.0,-,-,-,374.0,322.0
146,RODNEY GOVINDEN,4183,SEY,26.0,37.0,53.0,35.0,42.0,47.0,20.0,21.0,50.0,(56.0),-,-,-,387.0,331.0
147,JUAN IGNACIO PEREZ SOLTERO,2363,MEX,33.0,50.0,50.0,33.0,30.0,46.0,43.0,(56.0),31.0,39.0,-,-,-,411.0,355.0
148,NORMAN STRUTHERS,3763,CAN,54.0,36.0,41.0,42.0,52.0,46.0,41.0,(56.0),18.0,26.0,-,-,-,412.0,356.0
149,TARKAN BOLAT,4693,,(54.0),53.0,52.0,50.0,52.0,50.0,33.0,33.0,1.0,34.0,-,-,-,412.0,358.0
150,SIGURD TVEIT,4472,,44.0,47.0,25.0,46.0,(56.0),38.0,42.0,10.0,51.0,56.0,-,-,-,415.0,359.0
151,ALEC CVINAR,85,CRO,47.0,50.0,48.0,45.0,34.0,39.0,47.0,32.0,27.0,(56.0),-,-,-,425.0,369.0
152,IVO TODOROV,2033,,50.0,(53.0),46.0,32.0,48.0,50.0,39.0,37.0,44.0,27.0,-,-,-,426.0,373.0
153,TIJN VAN DER GULIK,4797,,53.0,41.0,49.0,21.0,50.0,44.0,(56.0),36.0,47.0,35.0,-,-,-,432.0,376.0
154,LUCAS BUENO,2903,,53.0,49.0,52.0,47.0,(55.0),51.0,29.0,31.0,35.0,32.0,-,-,-,434.0,379.0
155,ARTHUR BAUDET,384,SUI,43.0,51.0,38.0,51.0,53.0,48.0,23.0,(56.0),48.0,30.0,-,-,-,441.0,385.0
156,RICARDS TOMS ZVILNA,4143,,46.0,(54.0),51.0,48.0,47.0,53.0,49.0,24.0,41.0,33.0,-,-,-,446.0,392.0
157,WALEED AL SHARSHANI,5080,QAT,51.0,54.0,52.0,45.0,53.0,34.0,14.0,(56.0),43.0,56.0,-,-,-,458.0,402.0
158,BENJAMIN PRIKRYL,517,,42.0,54.0,43.0,50.0,51.0,52.0,38.0,29.0,45.0,(56.0),-,-,-,460.0,404.0
159,GIACOMO MUSONE,1657,ITA,36.0,38.0,51.0,48.0,23.0,43.0,(56.0),56.0,56.0,56.0,-,-,-,463.0,407.0
160,ILIJA MARKOVIC,1983,MNE,52.0,50.0,55.0,48.0,46.0,51.0,50.0,(56.0),3.0,56.0,-,-,-,467.0,411.0
161,SCOTT GITTENS,4394,,(53.0),51.0,53.0,52.0,53.0,53.0,45.0,30.0,49.0,37.0,-,-,-,476.0,423.0
162,MICHAL ANDEL,3456,SVK,(56.0),55.0,41.0,54.0,50.0,54.0,52.0,34.0,52.0,41.0,-,-,-,489.0,433.0
163,KAZUSHI MIYATA,2521,JPN,(55.0),52.0,54.0,54.0,54.0,54.0,51.0,35.0,46.0,40.0,-,-,-,495.0,440.0
164,PATRIK MELIS,3900,SVK,55.0,53.0,50.0,52.0,54.0,52.0,48.0,(56.0),38.0,38.0,-,-,-,496.0,440.0
165,ALEXIS GAYET,141,,55.0,(56.0),55.0,56.0,56.0,56.0,53.0,38.0,54.0,56.0,-,-,-,535.0,479.0
