Posição,Nome Competidor,ID Competidor,Nacionalidade,1,2,3,4,5,6,7,8,9,10,11,12,13,14,15,16,17,1Q,2Q,3Q,4Q,5Q,6Q,7Q,8Q,9Q,10Q,11Q,12Q,Total,Nett
1,"BART LAMBRIEX, FLORIS VAN DE WERKEN",460,NED,12.0,2.0,1.0,1.0,2.0,11.0,10.0,3.0,2.0,2.0,7.0,1.0,5.0,8.0,(15.0),-,9.0,-,-,-,-,-,-,-,-,-,-,-,-,100.0,85.0
1,ANNE-MARIE RINDOM,319,DEN,(10.0),2.0,(20.0),2.0,-,-,-,-,-,-,-,-,-,-,-,-,-,-,-,-,-,10.0,10.0,3.0,7.0,1.0,1.0,2.0,9.0,77.0,47.0
1,"RUGGERO TITA, CATERINA BANTI",4241,,1.0,1.0,1.0,1.0,1.0,1.0,(20.0),1.0,1.0,1.0,1.0,1.0,1.0,1.0,2.0,1.0,5.0,-,-,-,-,-,-,-,-,-,-,-,-,46.0,26.0
1,"ODILE VAN AANHOLT, ANNETTE DUETZ",3777,NED,2.0,1.0,1.0,3.0,2.0,5.0,9.0,(29.0),24.0,4.0,2.0,3.0,2.0,1.0,3.0,16.0,3.0,-,-,-,-,-,-,-,-,-,-,-,-,113.0,84.0
1,JEAN-BAPTISTE BERNAZ,2157,FRA,(19.0),3.0,2.0,3.0,2.0,2.0,-,-,-,-,-,-,-,-,-,-,-,1.0,4.0,13.0,14.0,(64.0),7.0,-,-,-,-,-,-,134,51.0
2,"VILMA BOBECK, REBECCA NETZLER",5050,SWE,5.0,3.0,2.0,7.0,1.0,3.0,5.0,(31.0),18.0,1.0,13.0,2.0,3.0,8.0,2.0,10.0,10.0,-,-,-,-,-,-,-,-,-,-,-,-,134.0,103.0
2,"GIANLUIGI UGOLINI, MARIA GIUBILEI",1661,,3.0,3.0,9.0,4.0,2.0,2.0,10.0,5.0,18.0,2.0,5.0,3.0,3.0,9.0,4.0,(29.0),2.0,-,-,-,-,-,-,-,-,-,-,-,-,115.0,86.0
2,"DIEGO BOTIN, FLORIAN TRITTEL PAUL",1123,,6.0,1.0,7.0,3.0,(25.0),9.0,7.0,2.0,3.0,18.0,4.0,6.0,9.0,15.0,1.0,-,8.0,-,-,-,-,-,-,-,-,-,-,-,-,132.0,107.0
2,MAUD JAYET,3347,SUI,6.0,7.0,1.0,(44.0),-,-,-,-,-,-,-,-,-,-,-,-,-,-,-,-,-,7.0,16.0,10.0,2.0,(19.0),7.0,8.0,3.0,130.0,67.0
2,PAVLOS KONTIDES,3933,CYP,(11.0),8.0,6.0,2.0,3.0,1.0,-,-,-,-,-,-,-,-,-,-,-,25.0,(27.0),1.0,5.0,5.0,12.0,-,-,-,-,-,-,106,68.0
3,FILIP JURISIC,1461,CRO,3.0,6.0,(14.0),13.0,9.0,3.0,-,-,-,-,-,-,-,-,-,-,-,3.0,(51.0),33.0,1.0,2.0,2.0,-,-,-,-,-,-,140,75.0
3,"SINEM KURTBAY, AKSELI KESKINEN",4506,,5.0,2.0,3.0,(14.0),7.0,6.0,4.0,10.0,9.0,7.0,2.0,6.0,9.0,3.0,6.0,8.0,7.0,-,-,-,-,-,-,-,-,-,-,-,-,115.0,101.0
3,"SIME FANTELA, MIHOVIL FANTELA",4491,,3.0,2.0,1.0,5.0,17.0,7.0,(25.0),12.0,1.0,1.0,5.0,21.0,3.0,1.0,20.0,-,5.0,-,-,-,-,-,-,-,-,-,-,-,-,134.0,109.0
3,EMMA PLASSCHAERT,1301,BEL,1.0,8.0,(11.0),2.0,-,-,-,-,-,-,-,-,-,-,-,-,-,-,-,-,-,6.0,(22.0),6.0,6.0,12.0,14.0,7.0,7.0,102.0,69.0
3,"TAMARA ECHEGOYEN, PAULA BARCELO",4678,ESP,4.0,2.0,3.0,(24.0),4.0,4.0,13.0,16.0,6.0,19.0,16.0,5.0,5.0,7.0,1.0,6.0,8.0,-,-,-,-,-,-,-,-,-,-,-,-,151.0,127.0
4,"ISAAC , MCHARDIE, WILLIAM , MCKENZIE",2003,,(22.0),5.0,4.0,22.0,9.0,8.0,3.0,1.0,11.0,6.0,3.0,11.0,7.0,2.0,4.0,-,10.0,-,-,-,-,-,-,-,-,-,-,-,-,138.0,116.0
4,"JOHN GIMSON, ANNA BURNET",2277,,4.0,11.0,14.0,6.0,5.0,3.0,(18.0),4.0,8.0,3.0,8.0,2.0,4.0,2.0,3.0,11.0,8.0,-,-,-,-,-,-,-,-,-,-,-,-,122.0,104.0
4,JOSEFIN OLSSON,2331,SWE,11.0,(16.0),5.0,5.0,-,-,-,-,-,-,-,-,-,-,-,-,-,-,-,-,-,11.0,(19.0),4.0,10.0,15.0,17.0,1.0,8.0,122.0,87.0
4,THOMAS SAUNDERS,4775,NZL,4.0,10.0,(19.0),12.0,13.0,4.0,-,-,-,-,-,-,-,-,-,-,-,4.0,1.0,12.0,3.0,14.0,(17.0),-,-,-,-,-,-,113,77.0
4,"ALEKSANDRA MELZACKA, SANDRA JANKOWIAK",97,POL,17.0,15.0,16.0,26.0,9.0,1.0,2.0,1.0,13.0,6.0,12.0,1.0,(32.0),9.0,4.0,7.0,6.0,-,-,-,-,-,-,-,-,-,-,-,-,183.0,151.0
5,"STEPHANIE ROBLE, MAGGIE SHEA",4604,USA,14.0,25.0,24.0,2.0,8.0,(32.0),8.0,9.0,1.0,2.0,11.0,16.0,8.0,2.0,12.0,11.0,1.0,-,-,-,-,-,-,-,-,-,-,-,-,187.0,155.0
5,MARIA ERDI,3118,HUN,4.0,1.0,(22.0),5.0,-,-,-,-,-,-,-,-,-,-,-,-,-,-,-,-,-,20.0,14.0,1.0,5.0,17.0,9.0,14.0,(34.0),146.0,90.0
5,"LUKASZ PRZYBYTEK, JACEK PIASECKI",2956,POL,3.0,11.0,15.0,20.0,8.0,(21.0),8.0,7.0,5.0,20.0,2.0,5.0,2.0,4.0,3.0,-,2.0,-,-,-,-,-,-,-,-,-,-,-,-,138.0,117.0
5,"JASON WATERHOUSE, LISA DARMANIN",2150,,9.0,5.0,5.0,3.0,14.0,5.0,5.0,(21.0),5.0,6.0,3.0,14.0,7.0,10.0,17.0,10.0,9.0,-,-,-,-,-,-,-,-,-,-,-,-,157.0,136.0
5,TONCI STIPANOVIC,4903,CRO,5.0,3.0,3.0,8.0,8.0,(29.0),-,-,-,-,-,-,-,-,-,-,-,13.0,9.0,(34.0),2.0,17.0,13.0,-,-,-,-,-,-,144,81.0
6,MAXIME JONKER,3375,NED,9.0,2.0,(44.0),4.0,-,-,-,-,-,-,-,-,-,-,-,-,-,-,-,-,-,21.0,3.0,19.0,1.0,8.0,(25.0),22.0,2.0,160.0,91.0
6,"VITTORIO BISSARO, MAELLE FRASCARI",5061,,8.0,7.0,7.0,16.0,3.0,4.0,(26.0),11.0,7.0,8.0,17.0,5.0,2.0,4.0,1.0,22.0,10.0,-,-,-,-,-,-,-,-,-,-,-,-,168.0,142.0
6,"PATRICIA SUAREZ, MARIA CANTERO IZQUIERDO",3892,,3.0,5.0,6.0,5.0,11.0,8.0,23.0,18.0,16.0,11.0,9.0,(32.0),7.0,14.0,6.0,9.0,5.0,-,-,-,-,-,-,-,-,-,-,-,-,193.0,161.0
6,"JAKOB MEGGENDORFER, ANDREAS SPRANGER",2080,GER,6.0,3.0,3.0,10.0,6.0,10.0,15.0,15.0,15.0,14.0,14.0,(18.0),4.0,3.0,2.0,-,3.0,-,-,-,-,-,-,-,-,-,-,-,-,144.0,126.0
6,FINN LYNCH,1474,IRL,10.0,2.0,4.0,13.0,10.0,(64.0),-,-,-,-,-,-,-,-,-,-,-,7.0,2.0,(24.0),8.0,21.0,8.0,-,-,-,-,-,-,173,85.0
7,ELLIOT HANSON,1263,GBR,6.0,(26.0),4.0,1.0,1.0,3.0,-,-,-,-,-,-,-,-,-,-,-,18.0,18.0,15.0,13.0,9.0,(64.0),-,-,-,-,-,-,178,88.0
7,AGATA BARWINSKA,29,POL,10.0,9.0,(16.0),11.0,-,-,-,-,-,-,-,-,-,-,-,-,-,-,-,-,-,5.0,1.0,13.0,(35.0),5.0,6.0,25.0,10.0,146.0,95.0
7,"MARTINE GRAEL, KAHENA KUNZE",3243,BRA,6.0,17.0,4.0,9.0,13.0,14.0,7.0,14.0,14.0,17.0,3.0,(20.0),11.0,15.0,7.0,5.0,4.0,-,-,-,-,-,-,-,-,-,-,-,-,184.0,164.0
7,"LOGAN DUNNING BECK, OSCAR GUNN",2860,,9.0,7.0,9.0,6.0,6.0,1.0,16.0,1.0,6.0,12.0,8.0,14.0,(22.0),10.0,9.0,-,6.0,-,-,-,-,-,-,-,-,-,-,-,-,148.0,126.0
7,"EMIL JARUDD, HANNA JONSSON",1280,,2.0,4.0,6.0,17.0,13.0,8.0,15.0,8.0,10.0,4.0,4.0,7.0,14.0,8.0,(19.0),18.0,4.0,-,-,-,-,-,-,-,-,-,-,-,-,165.0,146.0
8,WIKTORIA GOLEBIOWSKA,5124,POL,4.0,9.0,(26.0),1.0,-,-,-,-,-,-,-,-,-,-,-,-,-,-,-,-,-,8.0,2.0,14.0,3.0,(43.0),27.0,16.0,12.0,165.0,96.0
8,"LAILA VAN DER MEER, BJARNE BOUWER",2665,,10.0,10.0,4.0,13.0,11.0,10.0,(28.0),14.0,6.0,10.0,6.0,13.0,10.0,5.0,13.0,6.0,3.0,-,-,-,-,-,-,-,-,-,-,-,-,175.0,147.0
8,"BENJAMIN BILDSTEIN, DAVID HUSSL",507,AUT,14.0,9.0,2.0,2.0,11.0,12.0,2.0,13.0,(21.0),16.0,1.0,10.0,12.0,13.0,6.0,-,4.0,-,-,-,-,-,-,-,-,-,-,-,-,152.0,131.0
8,"ALEXANDRA MALONEY, OLIVIA HOBBS",131,,10.0,(26.0),13.0,4.0,7.0,9.0,6.0,8.0,7.0,9.0,17.0,17.0,9.0,16.0,14.0,25.0,2.0,-,-,-,-,-,-,-,-,-,-,-,-,201.0,175.0
8,PHILIPP BUHL,3995,GER,6.0,(19.0),14.0,1.0,5.0,5.0,-,-,-,-,-,-,-,-,-,-,-,(46.0),17.0,19.0,18.0,8.0,6.0,-,-,-,-,-,-,164,99.0
9,"FREYA BLACK, SASKIA TIDEY",1569,GBR,20.0,13.0,11.0,1.0,20.0,6.0,10.0,3.0,5.0,10.0,1.0,9.0,23.0,(32.0),9.0,21.0,7.0,-,-,-,-,-,-,-,-,-,-,-,-,208.0,176.0
9,MARIT BOUWMEESTER,3179,NED,2.0,4.0,(7.0),7.0,-,-,-,-,-,-,-,-,-,-,-,-,-,-,-,-,-,(33.0),18.0,2.0,17.0,11.0,5.0,20.0,11.0,137.0,97.0
9,"ZAIDING WEN, TIAN LIU",5258,,7.0,8.0,(21.0),6.0,10.0,5.0,8.0,7.0,16.0,13.0,20.0,2.0,10.0,12.0,16.0,-,1.0,-,-,-,-,-,-,-,-,-,-,-,-,163.0,142.0
9,JONATAN VADNAI,2298,HUN,2.0,2.0,(11.0),7.0,1.0,6.0,-,-,-,-,-,-,-,-,-,-,-,14.0,24.0,(35.0),11.0,24.0,10.0,-,-,-,-,-,-,147,101.0
9,"MICAH WILKINSON, ERICA DAWSON",3440,,7.0,8.0,2.0,9.0,8.0,11.0,2.0,3.0,17.0,5.0,16.0,8.0,18.0,12.0,22.0,(24.0),1.0,-,-,-,-,-,-,-,-,-,-,-,-,174.0,150.0
10,ERIKA REINEKE,1342,USA,3.0,6.0,(10.0),4.0,-,-,-,-,-,-,-,-,-,-,-,-,-,-,-,-,-,4.0,21.0,16.0,9.0,4.0,26.0,4.0,(44.0),151.0,97.0
10,"ISAURA MAENHAUT, ANOUK GEURTS",2021,BEL,7.0,19.0,5.0,12.0,16.0,16.0,15.0,(25.0),8.0,16.0,15.0,13.0,4.0,11.0,18.0,3.0,9.0,-,-,-,-,-,-,-,-,-,-,-,-,221.0,196.0
10,"MATEO MAJDALANI, EUGENIA BOSCO",3269,,20.0,9.0,11.0,7.0,4.0,(25.0),3.0,6.0,25.0,15.0,11.0,11.0,6.0,6.0,12.0,5.0,6.0,-,-,-,-,-,-,-,-,-,-,-,-,188.0,163.0
10,"DOMINIK BUKSAK, SZYMON WIERZBICKI",1157,POL,9.0,7.0,(25.0),7.0,5.0,3.0,13.0,14.0,9.0,7.0,6.0,22.0,15.0,22.0,5.0,-,7.0,-,-,-,-,-,-,-,-,-,-,-,-,183.0,158.0
10,STEFANO PESCHIERA,4591,PER,16.0,4.0,(19.0),4.0,15.0,13.0,-,-,-,-,-,-,-,-,-,-,-,5.0,(49.0),2.0,17.0,20.0,9.0,-,-,-,-,-,-,173,105.0
11,MONIKA MIKKOLA,3546,FIN,14.0,15.0,7.0,(44.0),-,-,-,-,-,-,-,-,-,-,-,-,-,-,-,-,-,1.0,5.0,9.0,15.0,(20.0),19.0,9.0,6.0,164.0,100.0
11,"IAN BARROWS, HANS HENKEN",1956,USA,5.0,14.0,5.0,(18.0),14.0,9.0,7.0,9.0,8.0,8.0,18.0,16.0,17.0,5.0,10.0,-,-,-,-,-,-,-,-,-,-,-,-,-,-,163.0,145.0
11,"BILLY BESSON, NOA ANCIAN",575,,16.0,13.0,12.0,19.0,18.0,13.0,7.0,17.0,14.0,(21.0),7.0,12.0,12.0,17.0,5.0,7.0,-,-,-,-,-,-,-,-,-,-,-,-,-,210.0,189.0
11,SAM WHALEY,4294,GBR,7.0,17.0,(24.0),10.0,2.0,2.0,-,-,-,-,-,-,-,-,-,-,-,10.0,13.0,(32.0),12.0,23.0,19.0,-,-,-,-,-,-,171,115.0
11,"JO ALEH, MOLLY MEECH",2227,NZL,9.0,20.0,8.0,8.0,3.0,10.0,26.0,(32.0),4.0,5.0,18.0,10.0,22.0,4.0,16.0,20.0,-,-,-,-,-,-,-,-,-,-,-,-,-,215.0,183.0
12,UBERTO CRIVELLI VISCONTIN/A,4932,,13.0,23.0,4.0,1.0,(28.0),2.0,12.0,6.0,19.0,3.0,13.0,8.0,19.0,16.0,12.0,-,-,-,-,-,-,-,-,-,-,-,-,-,-,179.0,151.0
12,LOUISE CERVERA,2886,FRA,(13.0),3.0,4.0,3.0,-,-,-,-,-,-,-,-,-,-,-,-,-,-,-,-,-,3.0,25.0,31.0,14.0,(39.0),10.0,5.0,15.0,165.0,113.0
12,"TIM MOURNIAC, LOU BERTHOMIEU",4811,,12.0,16.0,8.0,5.0,(35.0),7.0,8.0,16.0,30.0,16.0,12.0,18.0,8.0,15.0,18.0,9.0,-,-,-,-,-,-,-,-,-,-,-,-,-,233.0,198.0
12,"JANA GERMANI, GIORGIA BERTUZZI",2125,ITA,22.0,11.0,9.0,17.0,14.0,11.0,3.0,21.0,12.0,13.0,4.0,6.0,(28.0),10.0,24.0,15.0,-,-,-,-,-,-,-,-,-,-,-,-,-,220.0,192.0
12,DANIEL WHITELEY,1034,GBR,8.0,(27.0),1.0,2.0,4.0,4.0,-,-,-,-,-,-,-,-,-,-,-,20.0,15.0,38.0,(42.0),27.0,5.0,-,-,-,-,-,-,193,124.0
13,"MAX STINGELE, LINOV SCHEEL",3368,GER,7.0,5.0,13.0,4.0,(21.0),5.0,21.0,8.0,14.0,17.0,19.0,3.0,18.0,7.0,11.0,-,-,-,-,-,-,-,-,-,-,-,-,-,-,173.0,152.0
13,"IDA SVENSSON, MARCUS DACKHAMMAR",1966,,14.0,31.0,(35.0),2.0,6.0,15.0,17.0,18.0,2.0,13.0,10.0,27.0,35.0,7.0,7.0,2.0,-,-,-,-,-,-,-,-,-,-,-,-,-,241.0,206.0
13,"HELENE NAESS, MARIE RONNINGEN",1860,NOR,16.0,8.0,20.0,23.0,(26.0),24.0,11.0,11.0,2.0,15.0,8.0,26.0,15.0,21.0,13.0,1.0,-,-,-,-,-,-,-,-,-,-,-,-,-,240.0,214.0
13,FINN ALEXANDER,1469,AUS,(30.0),23.0,20.0,6.0,9.0,7.0,-,-,-,-,-,-,-,-,-,-,-,15.0,3.0,(45.0),7.0,31.0,4.0,-,-,-,-,-,-,200,125.0
13,MARA STRANSKY,3070,AUS,8.0,10.0,(20.0),12.0,-,-,-,-,-,-,-,-,-,-,-,-,-,-,-,-,-,9.0,7.0,23.0,21.0,28.0,2.0,3.0,(32.0),175.0,123.0
14,ALESSIO SPADONI,106,ITA,12.0,9.0,(29.0),6.0,7.0,21.0,-,-,-,-,-,-,-,-,-,-,-,(51.0),23.0,14.0,19.0,1.0,15.0,-,-,-,-,-,-,207,127.0
14,"ERWAN FISCHER, CLEMENT PEQUIN",1351,FRA,1.0,18.0,7.0,8.0,4.0,8.0,10.0,19.0,12.0,5.0,16.0,20.0,14.0,(23.0),15.0,-,-,-,-,-,-,-,-,-,-,-,-,-,-,180.0,157.0
14,"GEORGIA LEWI, N-LAFRANCE, ANTONIA LEWIN-LAFRANCE",1639,,26.0,6.0,21.0,(28.0),15.1,23.0,21.0,6.0,10.0,14.0,26.0,7.0,6.0,13.0,5.0,22.0,-,-,-,-,-,-,-,-,-,-,-,-,-,249.1,221.1
14,CHARLOTTE ROSE,828,USA,(19.0),1.0,6.0,12.0,-,-,-,-,-,-,-,-,-,-,-,-,-,-,-,-,-,19.0,(42.0),8.0,13.0,3.0,4.0,32.0,27.0,186.0,125.0
14,"NATACHA VIOLET SAOUM, A-PEDERSEN, MATHIAS BRUUN BORRESKOV",3609,,13.0,12.0,16.0,(24.0),9.0,20.0,22.0,9.0,3.0,14.0,19.0,10.0,11.0,14.0,21.0,17.0,-,-,-,-,-,-,-,-,-,-,-,-,-,234.0,210.0
15,"FREDERIK RASK, JAKOB PRECHT JENSEN",1559,DEN,10.0,17.0,12.0,9.0,13.0,15.0,3.0,15.0,7.0,9.0,9.0,7.0,11.0,20.0,(23.0),-,-,-,-,-,-,-,-,-,-,-,-,-,-,180.0,157.0
15,CLEMENTE SEGUEL LACAMARA,922,CHI,19.0,(32.0),8.0,16.0,16.0,7.0,-,-,-,-,-,-,-,-,-,-,-,16.0,11.0,10.0,21.0,3.0,(24.0),-,-,-,-,-,-,183,127.0
15,"INGA-MARIE HOFMANN, CATHERINE BARTELHEIMER",1991,GER,12.0,4.0,(30.0),21.0,17.0,2.0,22.0,12.0,3.0,27.0,19.0,18.0,16.0,12.0,10.0,30.0,-,-,-,-,-,-,-,-,-,-,-,-,-,255.0,225.0
15,"LAURA FARESE, MATTHAUS ZOCHLING",2699,,11.0,6.0,21.0,21.0,16.0,19.0,19.0,23.0,(27.0),12.0,13.0,4.0,15.0,21.0,10.0,3.0,-,-,-,-,-,-,-,-,-,-,-,-,-,241.0,214.0
15,SARAH DOUGLAS,4346,CAN,2.0,4.0,8.0,(17.0),-,-,-,-,-,-,-,-,-,-,-,-,-,-,-,-,-,16.0,4.0,(30.0),26.0,9.0,21.0,12.0,26.0,175.0,128.0
16,"SARAH NEWBERRY, DAVID LIEBENBERG",4352,,(35.0),20.0,15.0,12.0,15.0,16.0,1.0,2.0,19.0,20.0,14.0,9.0,17.0,16.0,15.0,25.0,-,-,-,-,-,-,-,-,-,-,-,-,-,251.0,216.0
16,"LUCAS RUAL, EMILE AMOROS",2911,FRA,15.0,3.0,11.0,7.0,1.0,2.0,(26.0),20.0,13.0,4.0,12.0,15.0,23.0,11.0,21.0,-,-,-,-,-,-,-,-,-,-,-,-,-,-,184.0,158.0
16,"LAURA HARDING, ANNIE WILMOT",2700,AUS,21.0,10.0,10.0,11.0,6.0,25.0,(31.0),17.0,21.0,28.0,10.0,29.0,12.0,6.0,23.0,2.0,-,-,-,-,-,-,-,-,-,-,-,-,-,262.0,231.0
16,MARIE BARRUE,3140,FRA,(18.0),16.0,4.0,18.0,-,-,-,-,-,-,-,-,-,-,-,-,-,-,-,-,-,2.0,8.0,18.0,27.0,(33.0),29.0,10.0,4.0,187.0,136.0
16,EDUARDO MARQUES,1204,POR,14.0,7.0,7.0,(30.0),11.0,1.0,-,-,-,-,-,-,-,-,-,-,-,17.0,10.0,17.0,(40.0),18.0,28.0,-,-,-,-,-,-,200,130.0
17,MIRTHE AKKERMAN,3514,NED,6.0,5.0,8.0,(9.0),-,-,-,-,-,-,-,-,-,-,-,-,-,-,-,-,-,12.0,20.0,24.0,8.0,21.0,24.0,(33.0),13.0,183.0,141.0
17,"XIAOYU HU, XUEBIN YU",5186,,8.0,22.0,(35.0),6.0,23.0,21.0,1.0,2.0,27.0,3.0,22.0,4.0,24.0,20.0,20.0,29.0,-,-,-,-,-,-,-,-,-,-,-,-,-,267.0,232.0
17,JOAQUIN BLANCO ALBALAT,2249,ESP,(40.0),1.0,5.0,5.0,11.0,21.0,-,-,-,-,-,-,-,-,-,-,-,35.0,(42.0),21.0,9.0,4.0,21.0,-,-,-,-,-,-,215,133.0
17,"SAMUEL ALBRECHT, GABRIELA NICOLINO DE SA",4301,,15.0,17.0,18.0,20.0,12.0,23.0,11.0,7.0,4.0,26.0,22.0,20.0,5.0,(35.0),11.0,12.0,-,-,-,-,-,-,-,-,-,-,-,-,-,258.0,223.0
17,"CHRIS TAYLOR, RHOS HAWES",866,,1.0,11.0,10.0,11.0,22.0,(26.0),9.0,10.0,4.0,15.0,17.0,17.0,8.0,9.0,22.0,-,-,-,-,-,-,-,-,-,-,-,-,-,-,192.0,166.0
18,"SIMONE FERRARESE, LEONARDO CHISTE",4500,ITA,4.0,4.0,6.0,(23.0),15.0,10.0,12.0,21.0,17.0,10.0,10.0,19.0,21.0,14.0,7.0,-,-,-,-,-,-,-,-,-,-,-,-,-,-,193.0,170.0
18,"RILEY GIBBS, LARA DALLMAN-WEISS",4156,,22.0,(29.0),20.0,8.0,19.0,9.0,23.0,13.0,20.0,9.0,15.0,17.0,26.0,11.0,9.0,4.0,-,-,-,-,-,-,-,-,-,-,-,-,-,254.0,225.0
18,MICHAEL BECKETT,3441,GBR,4.0,11.0,17.0,7.0,(29.0),11.0,-,-,-,-,-,-,-,-,-,-,-,(64.0),16.0,9.0,20.0,41.0,1.0,-,-,-,-,-,-,230,137.0
18,ZOE THOMSON,5286,AUS,12.0,11.0,(17.0),9.0,-,-,-,-,-,-,-,-,-,-,-,-,-,-,-,-,-,28.0,6.0,(44.0),18.0,14.0,11.0,18.0,21.0,209.0,148.0
18,"MEGAN BRICKWOOD, STEPHANIE ORTON",3406,,15.0,23.0,12.0,22.0,5.0,19.0,14.0,(33.0),23.0,23.0,7.0,8.0,1.0,31.0,11.0,27.0,-,-,-,-,-,-,-,-,-,-,-,-,-,274.0,241.0
19,"JAMES PETERS, FYNN STERRITT",2107,GBR,20.0,9.0,9.0,4.0,2.0,(28.0),2.0,18.0,22.0,22.0,11.0,12.0,13.0,18.0,8.0,-,-,-,-,-,-,-,-,-,-,-,-,-,-,198.0,170.0
19,LINE FLEM HOEST,2826,NOR,5.0,(7.0),3.0,1.0,-,-,-,-,-,-,-,-,-,-,-,-,-,-,-,-,-,14.0,15.0,20.0,22.0,27.0,13.0,29.0,(44.0),200.0,149.0
19,"BRIN LIDDELL, RHIANNAN BROWN",658,,21.0,21.0,17.0,15.0,21.0,22.0,6.0,15.0,22.0,17.0,18.0,22.0,19.0,(24.0),8.0,14.0,-,-,-,-,-,-,-,-,-,-,-,-,-,282.0,258.0
19,"ALEXANDRA TEN HOVE, MARIAH MILLEN",133,CAN,27.0,12.0,14.0,13.0,12.0,27.0,12.0,10.0,17.0,31.0,20.0,14.0,17.0,17.0,(34.0),23.0,-,-,-,-,-,-,-,-,-,-,-,-,-,300.0,266.0
19,JOEL RODRIGUEZ PEREZ,2252,ESP,13.0,9.0,8.0,10.0,17.0,(64.0),-,-,-,-,-,-,-,-,-,-,-,11.0,8.0,27.0,35.0,(64.0),3.0,-,-,-,-,-,-,269,141.0
20,"JAKUB SZTORCH, MIKOLAJ STANIUL",2086,,2.0,19.0,18.0,8.0,11.0,4.0,1.0,16.0,23.0,(25.0),22.0,4.0,20.0,19.0,19.0,-,-,-,-,-,-,-,-,-,-,-,-,-,-,211.0,186.0
20,"JOAO SIEMSEN, MARINA ARNDT",2246,,24.0,19.0,13.0,23.0,17.0,12.0,14.0,19.0,13.0,19.0,(28.0),15.0,20.0,25.0,16.0,16.0,-,-,-,-,-,-,-,-,-,-,-,-,-,293.0,265.0
20,"LARA GRANIER, AMELIE RIOU",2679,FRA,11.0,16.0,7.0,29.0,(37.0),15.0,37.0,4.0,22.0,26.0,6.0,19.0,18.0,3.0,28.0,31.0,-,-,-,-,-,-,-,-,-,-,-,-,-,309.0,272.0
20,DAISY COLLINGRIDGE,1009,GBR,(21.0),5.0,18.0,3.0,-,-,-,-,-,-,-,-,-,-,-,-,-,-,-,-,-,15.0,27.0,7.0,25.0,13.0,20.0,(43.0),19.0,216.0,152.0
20,GIOVANNI COCCOLUTO GIORGETTI,1679,,38.0,18.0,10.0,(45.0),5.0,5.0,-,-,-,-,-,-,-,-,-,-,-,30.0,(48.0),3.0,24.0,7.0,16.0,-,-,-,-,-,-,249,156.0
21,"JAKE LIDDELL, LUCY COPELAND",2073,,6.0,14.0,10.0,22.0,10.0,14.0,27.0,(31.0),23.0,23.0,21.0,25.0,21.0,13.0,24.0,15.0,-,-,-,-,-,-,-,-,-,-,-,-,-,299.0,268.0
21,CASEY IMENEO,774,AUS,11.0,8.0,11.0,(13.0),-,-,-,-,-,-,-,-,-,-,-,-,-,-,-,-,-,(41.0),34.0,15.0,4.0,2.0,22.0,24.0,24.0,209.0,155.0
21,"MARLA BERGMANN, HANNA WILLE",3199,GER,24.0,9.0,27.0,16.0,22.0,13.0,(32.0),30.0,19.0,20.0,24.0,11.0,19.0,26.0,8.0,4.0,-,-,-,-,-,-,-,-,-,-,-,-,-,304.0,272.0
21,NIK AARON WILLIM,3698,GER,2.0,7.0,13.0,(37.0),16.0,8.0,-,-,-,-,-,-,-,-,-,-,-,9.0,34.0,4.0,26.0,40.0,(58.0),-,-,-,-,-,-,254,159.0
21,"TOM BURTON, SIMON HOFFMAN",4857,,(34.0),20.0,5.0,9.0,7.0,12.0,17.0,4.0,20.0,19.0,24.0,13.0,6.0,6.0,25.0,-,-,-,-,-,-,-,-,-,-,-,-,-,-,221.0,187.0
22,ANNA MUNCH,298,DEN,18.0,(19.0),9.0,7.0,-,-,-,-,-,-,-,-,-,-,-,-,-,-,-,-,-,31.0,17.0,17.0,20.0,7.0,8.0,23.0,(33.0),209.0,157.0
22,"ANDREW MOLLERUS, IAN MACDIARMID",260,USA,2.0,(30.0),10.0,24.0,16.0,1.0,5.0,19.0,18.0,11.0,23.0,25.0,16.0,21.0,13.0,-,-,-,-,-,-,-,-,-,-,-,-,-,-,234.0,204.0
22,LORENZO BRANDO CHIAVARINI,2872,ITA,20.0,5.0,12.0,21.0,(22.0),9.0,-,-,-,-,-,-,-,-,-,-,-,(64.0),12.0,6.0,25.0,30.0,20.0,-,-,-,-,-,-,246,160.0
22,"SHASHA CHEN, MENGTING WANG",4450,,29.0,18.0,17.0,18.0,18.0,(37.0),20.0,23.0,37.0,7.0,14.0,12.0,10.0,5.0,17.0,33.0,-,-,-,-,-,-,-,-,-,-,-,-,-,315.0,278.0
22,"XUEZHE YANG, XIAOXIAO HU",5190,,23.0,18.0,19.0,11.0,24.0,18.0,13.0,20.0,24.0,18.0,(26.0),19.0,16.0,19.0,14.0,13.0,-,-,-,-,-,-,-,-,-,-,-,-,-,295.0,269.0
23,"MARU SCHEEL, FREYA FEILCKE",3257,GER,19.0,24.0,22.0,15.0,28.0,(33.0),4.0,20.0,20.0,22.0,21.0,23.0,33.0,19.0,27.0,17.0,-,-,-,-,-,-,-,-,-,-,-,-,-,347.0,314.0
23,LUCIA FALASCA,2914,ARG,1.0,(23.0),12.0,10.0,-,-,-,-,-,-,-,-,-,-,-,-,-,-,-,-,-,17.0,37.0,(41.0),30.0,25.0,15.0,6.0,14.0,231.0,167.0
23,"JACK FERGUSON, MAX PAUL",2042,,18.0,1.0,18.0,12.0,(29.0),7.0,1.0,21.0,24.0,21.0,15.0,9.0,24.0,17.0,17.0,-,-,-,-,-,-,-,-,-,-,-,-,-,-,234.0,205.0
23,"LUKAS HABERL, TANJA FRANK",2945,,17.0,15.0,(35.0),18.0,20.0,24.0,12.0,29.0,28.0,11.0,9.0,29.0,13.0,27.0,31.0,21.0,-,-,-,-,-,-,-,-,-,-,-,-,-,339.0,304.0
23,YIGIT YALCIN CITAK,5223,TUR,12.0,19.0,10.0,12.0,(28.0),12.0,-,-,-,-,-,-,-,-,-,-,-,27.0,14.0,16.0,(36.0),25.0,14.0,-,-,-,-,-,-,225,161.0
24,MATILDA NICHOLLS,3307,GBR,7.0,13.0,(14.0),6.0,-,-,-,-,-,-,-,-,-,-,-,-,-,-,-,-,-,(36.0),26.0,32.0,16.0,31.0,3.0,15.0,25.0,224.0,174.0
24,"SARAH STEYAERT, CHARLINE PICON",4356,FRA,32.0,30.0,23.0,32.0,15.0,7.0,(37.0),7.0,37.0,8.0,5.0,34.0,14.0,37.0,21.0,24.0,-,-,-,-,-,-,-,-,-,-,-,-,-,363.0,326.0
24,"YANNICK LEFEBVRE, TOM PELSMAEKERS",5213,BEL,8.0,16.0,19.0,11.0,8.0,3.0,13.0,22.0,10.0,24.0,(25.0),24.0,1.0,25.0,24.0,-,-,-,-,-,-,-,-,-,-,-,-,-,-,233.0,208.0
24,"MARGAUX BILLY, THILBAULT JULIEN",3105,,19.0,22.0,(35.0),10.0,23.0,17.0,9.0,12.0,31.0,22.0,25.0,28.0,22.0,18.0,20.0,32.0,-,-,-,-,-,-,-,-,-,-,-,-,-,345.0,310.0
24,WILLIAM DE SMET,5141,BEL,8.0,5.0,15.0,15.0,8.0,(64.0),-,-,-,-,-,-,-,-,-,-,-,2.0,(37.0),30.0,34.0,26.0,22.0,-,-,-,-,-,-,266,165.0
25,DUKO BOS,1182,NED,25.0,14.0,(59.0),5.0,4.0,26.0,-,-,-,-,-,-,-,-,-,-,-,21.0,5.0,22.0,(31.0),29.0,30.0,-,-,-,-,-,-,271,181.0
25,SILVIA ZENNARO,4489,ITA,5.0,3.0,5.0,(20.0),-,-,-,-,-,-,-,-,-,-,-,-,-,-,-,-,-,(39.0),29.0,26.0,11.0,22.0,28.0,19.0,35.0,242.0,183.0
25,"TESS LLOYD, DERVLA DUGGAN",4722,,28.0,(29.0),15.0,19.0,21.0,18.0,29.0,22.0,26.0,24.0,25.0,15.0,26.0,27.0,26.0,8.0,-,-,-,-,-,-,-,-,-,-,-,-,-,358.0,329.0
25,"HERNAN UMPIERRE, FERNANDO DIZ",1888,URU,23.0,15.0,16.0,14.0,1.0,16.0,6.0,17.0,(25.0),23.0,21.0,23.0,25.0,24.0,14.0,-,-,-,-,-,-,-,-,-,-,-,-,-,-,263.0,238.0
25,"HUICONG MAI, LINLIN CHEN",1939,,26.0,23.0,23.0,(31.0),22.0,21.0,21.0,24.0,11.0,30.0,27.0,21.0,24.0,28.0,26.0,20.0,-,-,-,-,-,-,-,-,-,-,-,-,-,378.0,347.0
26,ELYSE AINSWORTH,1272,AUS,16.0,12.0,(17.0),11.0,-,-,-,-,-,-,-,-,-,-,-,-,-,-,-,-,-,(34.0),30.0,27.0,24.0,6.0,12.0,31.0,17.0,237.0,186.0
26,"OLIVIA PRICE, EVIE HASELDINE",3813,AUS,23.0,7.0,(29.0),25.0,19.0,20.0,19.0,26.0,28.0,12.0,28.0,25.0,27.0,24.0,22.0,26.0,-,-,-,-,-,-,-,-,-,-,-,-,-,360.0,331.0
26,"MARCO GRAEL, GABRIEL BORGES",3087,BRA,20.0,18.0,(27.0),16.0,4.0,23.0,4.0,11.0,9.0,4.0,12.0,20.0,16.0,4.0,16.0,12.0,-,-,-,-,-,-,-,-,-,-,-,-,-,216.0,189.0
26,"SHIBUKI IITSUKA, CAPIGLIA OURA NISHIDA",4456,,28.0,25.0,22.0,(32.0),28.0,26.0,25.0,27.0,21.0,24.0,20.0,16.0,25.0,23.0,28.0,19.0,-,-,-,-,-,-,-,-,-,-,-,-,-,389.0,357.0
26,BENJAMIN VADNAI,520,HUN,28.0,15.0,(36.0),20.0,3.0,12.0,-,-,-,-,-,-,-,-,-,-,-,24.0,6.0,26.0,16.0,(55.0),32.0,-,-,-,-,-,-,273,182.0
27,"HUANCHENG ZHAO, SAIBO WANG",1925,,18.0,(35.0),35.0,25.0,25.0,35.0,16.0,25.0,16.0,25.0,24.0,24.0,23.0,20.0,30.0,30.0,-,-,-,-,-,-,-,-,-,-,-,-,-,406.0,371.0
27,"LEO TAKAHASHI, TIM MORISHIMA",2753,,19.0,19.0,17.0,21.0,9.0,27.0,6.0,(30.0),15.0,8.0,6.0,3.0,1.0,1.0,13.0,27.0,-,-,-,-,-,-,-,-,-,-,-,-,-,222.0,192.0
27,SHAY KAKON,4452,ISR,3.0,(23.0),21.0,22.0,-,-,-,-,-,-,-,-,-,-,-,-,-,-,-,-,-,23.0,31.0,22.0,(40.0),23.0,16.0,11.0,18.0,253.0,190.0
27,JUAN MAEGLI,2365,GUA,(24.0),11.0,18.0,9.0,21.0,16.0,-,-,-,-,-,-,-,-,-,-,-,48.0,21.0,(52.0),6.0,6.0,27.0,-,-,-,-,-,-,259,183.0
27,"CARLOTTA OMARI, SVEVA CARRARO",753,,30.0,(32.0),18.0,20.0,25.0,22.0,27.0,13.0,9.0,30.0,27.0,21.0,25.0,23.0,25.0,18.0,-,-,-,-,-,-,-,-,-,-,-,-,-,365.0,333.0
28,"BEN ROSENBERG, KALEIGH MORGAN",495,,25.0,24.0,26.0,28.0,30.0,28.0,29.0,26.0,15.0,(32.0),23.0,23.0,27.0,26.0,25.0,28.0,-,-,-,-,-,-,-,-,-,-,-,-,-,415.0,383.0
28,"THOMAS NEEDHAM, JOEL TURNER",4773,,12.0,14.0,6.0,24.0,20.0,29.0,11.0,4.0,8.0,5.0,10.0,17.0,15.0,14.0,(41.0),8.0,-,-,-,-,-,-,-,-,-,-,-,-,-,238.0,197.0
28,CHRISTINA SAKELLARIS,883,USA,(17.0),6.0,3.0,8.0,-,-,-,-,-,-,-,-,-,-,-,-,-,-,-,-,-,29.0,9.0,37.0,(41.0),34.0,18.0,17.0,36.0,255.0,197.0
28,RYAN LO,4257,SGP,15.0,21.0,6.0,22.0,26.0,(30.0),-,-,-,-,-,-,-,-,-,-,-,(64.0),20.0,8.0,32.0,16.0,26.0,-,-,-,-,-,-,286,192.0
28,"ARIANNA PASSAMONTI, GIULIA FAVA",359,,(37.0),28.0,19.0,33.0,10.0,31.0,17.0,15.0,31.0,21.0,31.0,28.0,21.0,30.0,19.0,14.0,-,-,-,-,-,-,-,-,-,-,-,-,-,385.0,348.0
29,"NICK ROBINS, DANIEL BUDDEN",3651,,21.0,10.0,(34.0),21.0,22.0,22.0,18.0,10.0,23.0,3.0,17.0,4.0,6.0,5.0,9.0,7.0,-,-,-,-,-,-,-,-,-,-,-,-,-,232.0,198.0
29,PERNELLE MICHON,3962,FRA,15.0,20.0,(30.0),18.0,-,-,-,-,-,-,-,-,-,-,-,-,-,-,-,-,-,(43.0),13.0,5.0,19.0,30.0,23.0,28.0,30.0,274.0,201.0
29,LUKE ELLIOTT,2961,AUS,1.0,(32.0),32.0,3.0,14.0,25.0,-,-,-,-,-,-,-,-,-,-,-,45.0,30.0,(56.0),23.0,11.0,11.0,-,-,-,-,-,-,283,195.0
29,"MISAKI TANAKA, SERA NAGAMATSU",3516,JPN,18.0,27.0,26.0,31.0,(37.0),26.0,28.0,19.0,25.0,33.0,29.0,30.0,13.0,22.0,15.0,13.0,-,-,-,-,-,-,-,-,-,-,-,-,-,392.0,355.0
29,"CHANGHANG FAN, HUAMEI XU",812,,27.0,26.0,28.0,26.0,27.0,29.0,24.0,22.0,29.0,(31.0),31.0,31.0,29.0,22.0,27.0,26.0,-,-,-,-,-,-,-,-,-,-,-,-,-,435.0,404.0
30,"NADINE BOHM, LENA MARIE WE, ISSKICHEL",3591,,33.0,33.0,(34.0),10.0,30.0,12.0,18.0,27.0,15.0,29.0,30.0,24.0,30.0,25.0,31.0,12.0,-,-,-,-,-,-,-,-,-,-,-,-,-,393.0,359.0
30,MILIVOJ DUKIC,3492,MNE,21.0,10.0,12.0,19.0,14.0,(41.0),-,-,-,-,-,-,-,-,-,-,-,19.0,31.0,(47.0),4.0,36.0,35.0,-,-,-,-,-,-,289,201.0
30,"PIM VAN VUGT, SCIPIO HOUTMAN",4033,,4.0,8.0,(24.0),22.0,13.0,13.0,24.0,16.0,4.0,18.0,9.0,11.0,17.0,7.0,12.0,20.0,-,-,-,-,-,-,-,-,-,-,-,-,-,222.0,198.0
30,ECEM GUZEL,1198,TUR,(22.0),15.0,2.0,6.0,-,-,-,-,-,-,-,-,-,-,-,-,-,-,-,-,-,24.0,(40.0),25.0,23.0,16.0,34.0,36.0,28.0,271.0,209.0
30,"CARSON CRAIN, RACHEL GLENN",767,,30.0,28.0,24.0,30.0,29.0,31.0,30.0,30.0,12.0,28.0,29.0,30.0,(32.0),30.0,29.0,27.0,-,-,-,-,-,-,-,-,-,-,-,-,-,449.0,417.0
31,"LUCY WILMOT, ERIKA REINEKE",2929,,31.0,31.0,33.0,14.0,24.0,17.0,24.0,28.0,32.0,18.0,(37.0),22.0,20.0,29.0,29.0,19.0,-,-,-,-,-,-,-,-,-,-,-,-,-,408.0,371.0
31,"JIM COLLEY, SHAUN CONNOR",2217,AUS,22.0,25.0,8.0,32.0,15.0,6.0,19.0,5.0,2.0,7.0,(41.0),6.0,24.0,11.0,18.0,10.0,-,-,-,-,-,-,-,-,-,-,-,-,-,251.0,210.0
31,"GALEN RICHARDSON, MADELINE GILLIS",1603,,29.0,27.0,25.0,27.0,26.0,(35.0),31.0,28.0,32.0,27.0,30.0,26.0,28.0,32.0,23.0,31.0,-,-,-,-,-,-,-,-,-,-,-,-,-,457.0,422.0
31,MARILENA MAKRI,3154,CYP,16.0,19.0,6.0,(20.0),-,-,-,-,-,-,-,-,-,-,-,-,-,-,-,-,-,13.0,32.0,28.0,28.0,18.0,30.0,(37.0),22.0,269.0,212.0
31,NICHOLAS BEZY,3645,HKG,13.0,(29.0),11.0,26.0,24.0,10.0,-,-,-,-,-,-,-,-,-,-,-,34.0,32.0,5.0,37.0,12.0,(40.0),-,-,-,-,-,-,273,204.0
32,ENRIQUE ARATHOON,1316,ESA,18.0,12.0,7.0,18.0,(21.0),20.0,-,-,-,-,-,-,-,-,-,-,-,6.0,(45.0),7.0,43.0,45.0,31.0,-,-,-,-,-,-,273,207.0
32,"ROBERT DICKSON, SEAN WADDILOVE",4168,IRL,17.0,13.0,8.0,16.0,25.0,19.0,20.0,2.0,10.0,13.0,16.0,12.0,11.0,3.0,25.0,(35.0),-,-,-,-,-,-,-,-,-,-,-,-,-,245.0,210.0
32,ELENA VOROBEVA,1240,CRO,24.0,(31.0),1.0,22.0,-,-,-,-,-,-,-,-,-,-,-,-,-,-,-,-,-,35.0,(39.0),29.0,34.0,10.0,32.0,21.0,16.0,294.0,224.0
32,ANNA YAMAZAKIN/A,307,,25.0,14.0,32.0,27.0,27.0,28.0,25.0,5.0,11.0,32.0,34.0,27.0,31.0,28.0,(37.0),32.0,-,-,-,-,-,-,-,-,-,-,-,-,-,415.0,378.0
32,"CAM FARRAH, HENRY LEE",704,,31.0,(35.0),35.0,29.0,32.0,27.0,32.0,32.0,26.0,29.0,34.0,32.0,31.0,29.0,33.0,23.0,-,-,-,-,-,-,-,-,-,-,-,-,-,490.0,455.0
33,"MARIJA ANDELA DE MICHEL, I-VITTURI, MIHAELA DE MICHELI VITTURI",3151,,13.0,34.0,31.0,30.0,29.0,30.0,30.0,24.0,30.0,25.0,23.0,33.0,29.0,18.0,32.0,(35.0),-,-,-,-,-,-,-,-,-,-,-,-,-,446.0,411.0
33,"ARIE MOFFAT, SAMUEL BONIN",362,,23.0,22.0,23.0,3.0,14.0,13.0,27.0,6.0,(31.0),12.0,3.0,19.0,23.0,16.0,7.0,1.0,-,-,-,-,-,-,-,-,-,-,-,-,-,243.0,212.0
33,JULIA BUESSELBERG,2382,GER,(25.0),10.0,13.0,19.0,-,-,-,-,-,-,-,-,-,-,-,-,-,-,-,-,-,18.0,41.0,33.0,(42.0),26.0,38.0,27.0,1.0,293.0,226.0
33,"ZOE ROOSEN, NICOLAS TOSI",5285,,32.0,30.0,27.0,33.0,31.0,30.0,33.0,34.0,34.0,33.0,33.0,33.0,30.0,31.0,32.0,(35.0),-,-,-,-,-,-,-,-,-,-,-,-,-,511.0,476.0
33,VISHNU SARAVANAN,5056,IND,9.0,16.0,41.0,27.0,12.0,(42.0),-,-,-,-,-,-,-,-,-,-,-,12.0,26.0,11.0,(44.0),39.0,29.0,-,-,-,-,-,-,308,222.0
34,CHIARA BENINI FLORIANI,849,ITA,7.0,18.0,(19.0),15.0,-,-,-,-,-,-,-,-,-,-,-,-,-,-,-,-,-,30.0,12.0,12.0,36.0,(41.0),33.0,38.0,31.0,292.0,232.0
34,"MAYA HEIDENREICH, NOAH ADLER",3390,,33.0,(35.0),35.0,34.0,33.0,32.0,34.0,33.0,33.0,34.0,32.0,34.0,33.0,35.0,34.0,33.0,-,-,-,-,-,-,-,-,-,-,-,-,-,537.0,502.0
34,"TIM FISCHER, FABIAN GRAF",4809,GER,10.0,16.0,3.0,18.0,24.0,(29.0),15.0,9.0,5.0,16.0,20.0,15.0,13.0,13.0,11.0,24.0,-,-,-,-,-,-,-,-,-,-,-,-,-,241.0,212.0
34,JEEMIN HA,2160,KOR,28.0,15.0,9.0,14.0,(31.0),20.0,-,-,-,-,-,-,-,-,-,-,-,26.0,40.0,20.0,(47.0),38.0,23.0,-,-,-,-,-,-,311,233.0
34,"HANNAH STEADMAN, GABRIELLE RIZIKA",1795,,(37.0),35.0,28.0,34.0,32.0,29.0,16.0,35.0,33.0,35.0,32.0,31.0,35.0,33.0,33.0,34.0,-,-,-,-,-,-,-,-,-,-,-,-,-,512.0,475.0
35,"ERIK HEIL, THOMAS PLOESSEL",1338,GER,25.0,12.0,16.0,2.0,26.0,14.0,29.0,27.0,3.0,2.0,13.0,1.0,2.0,6.0,(41.0),41.0,-,-,-,-,-,-,-,-,-,-,-,-,-,260.0,219.0
35,ANA MONCADA SANCHEZ,193,ESP,22.0,13.0,(26.0),10.0,-,-,-,-,-,-,-,-,-,-,-,-,-,-,-,-,-,(37.0),11.0,21.0,37.0,36.0,37.0,26.0,23.0,299.0,236.0
35,"RONJA GRONBLOM, VEERA HOKKA",4216,FIN,1.0,21.0,25.0,(37.0),37.0,37.0,37.0,37.0,37.0,37.0,37.0,37.0,37.0,37.0,37.0,37.0,-,-,-,-,-,-,-,-,-,-,-,-,-,528.0,491.0
35,NIELS BROEKHUIZEN,3694,NED,5.0,8.0,2.0,8.0,(25.0),6.0,-,-,-,-,-,-,-,-,-,-,-,44.0,38.0,37.0,(64.0),44.0,49.0,-,-,-,-,-,-,330,241.0
36,ELINE VERSTRAELEN,1251,,17.0,29.0,2.0,(33.0),-,-,-,-,-,-,-,-,-,-,-,-,-,-,-,-,-,22.0,35.0,36.0,39.0,40.0,(42.0),13.0,5.0,313.0,238.0
36,"KEVIN FISCHER, YANN JAUVIN",2550,FRA,11.0,6.0,23.0,23.0,12.0,18.0,9.0,8.0,26.0,11.0,(41.0),8.0,18.0,9.0,26.0,15.0,-,-,-,-,-,-,-,-,-,-,-,-,-,264.0,223.0
36,"TATE HOWELL, ADRIANNA BAIRD",4696,,(37.0),37.0,37.0,35.0,31.0,34.0,33.0,34.0,29.0,34.0,33.0,35.0,34.0,34.0,30.0,28.0,-,-,-,-,-,-,-,-,-,-,-,-,-,535.0,498.0
36,BRUNO FONTES,674,BRA,9.0,(64.0),25.0,31.0,24.0,16.0,-,-,-,-,-,-,-,-,-,-,-,39.0,7.0,36.0,27.0,35.0,(57.0),-,-,-,-,-,-,370,249.0
37,CAROLINA ALBANO,760,ITA,13.0,(21.0),19.0,16.0,-,-,-,-,-,-,-,-,-,-,-,-,-,-,-,-,-,26.0,33.0,(38.0),12.0,32.0,36.0,30.0,29.0,305.0,246.0
37,"NEVIN SNOW, MAXIMILIANO AGNESE",3640,,21.0,6.0,2.0,14.0,3.0,31.0,26.0,23.0,6.0,30.0,4.0,13.0,20.0,2.0,23.0,(33.0),-,-,-,-,-,-,-,-,-,-,-,-,-,257.0,224.0
37,DIMITRI PERONI,1131,ITA,29.0,22.0,5.0,(30.0),23.0,18.0,-,-,-,-,-,-,-,-,-,-,-,(64.0),33.0,23.0,51.0,10.0,36.0,-,-,-,-,-,-,344,250.0
38,VIKTOR TEPLY,5043,CZE,7.0,12.0,30.0,25.0,30.0,(31.0),-,-,-,-,-,-,-,-,-,-,-,28.0,36.0,(58.0),15.0,34.0,33.0,-,-,-,-,-,-,339,250.0
38,VIKTORIJA ANDRULYTE,5044,LTU,(27.0),12.0,23.0,13.0,-,-,-,-,-,-,-,-,-,-,-,-,-,-,-,-,-,25.0,24.0,11.0,29.0,(42.0),41.0,34.0,39.0,320.0,251.0
38,"KEANU PRETTNER, JAKOB FLACHBERGER",2523,AUT,5.0,13.0,12.0,25.0,23.0,32.0,11.0,11.0,17.0,1.0,1.0,2.0,14.0,(41.0),29.0,32.0,-,-,-,-,-,-,-,-,-,-,-,-,-,269.0,228.0
39,LUCIANA CARDOZO,2917,ARG,8.0,14.0,(22.0),19.0,-,-,-,-,-,-,-,-,-,-,-,-,-,-,-,-,-,27.0,38.0,(42.0),38.0,38.0,31.0,41.0,20.0,338.0,274.0
39,"WILLIAM JONES, EVAN DEPAUL",5142,,15.0,10.0,20.0,17.0,27.0,30.0,22.0,5.0,16.0,9.0,2.0,21.0,5.0,21.0,8.0,(34.0),-,-,-,-,-,-,-,-,-,-,-,-,-,262.0,228.0
39,KHAIRULNIZAM MOHD AFENDY,2555,MAS,10.0,20.0,22.0,(43.0),27.0,14.0,-,-,-,-,-,-,-,-,-,-,-,8.0,29.0,49.0,(50.0),33.0,44.0,-,-,-,-,-,-,349,256.0
40,ANJA VON ALLMEN,286,SUI,14.0,17.0,(24.0),14.0,-,-,-,-,-,-,-,-,-,-,-,-,-,-,-,-,-,(40.0),28.0,39.0,31.0,24.0,39.0,35.0,37.0,342.0,278.0
40,"CARL EMIL SLOTH, NIKOLAJ HOFFMANN BUHL",729,,33.0,15.0,11.0,5.0,31.0,17.0,14.0,18.0,12.0,23.0,7.0,(35.0),7.0,22.0,5.0,9.0,-,-,-,-,-,-,-,-,-,-,-,-,-,264.0,229.0
40,JUST VAN AANHOLT,2430,ARU,1.0,21.0,1.0,29.0,(37.0),24.0,-,-,-,-,-,-,-,-,-,-,-,40.0,46.0,18.0,29.0,(53.0),48.0,-,-,-,-,-,-,347,257.0
41,"ANDRES BARRIO, ANTONIO TORRADO MARTINEZ",249,,8.0,4.0,17.0,20.0,23.0,14.0,34.0,20.0,13.0,10.0,5.0,(36.0),10.0,12.0,20.0,19.0,-,-,-,-,-,-,-,-,-,-,-,-,-,265.0,229.0
41,ETHAN MCAULLAY,1362,AUS,(33.0),16.0,26.0,4.0,22.0,17.0,-,-,-,-,-,-,-,-,-,-,-,41.0,35.0,42.0,(64.0),13.0,50.0,-,-,-,-,-,-,363,266.0
41,EVIE SAUNDERS,1383,AUS,9.0,(25.0),10.0,14.0,-,-,-,-,-,-,-,-,-,-,-,-,-,-,-,-,-,32.0,(43.0),34.0,32.0,37.0,35.0,40.0,41.0,352.0,284.0
42,CLARA GRAVELY,908,CAN,23.0,(33.0),13.0,15.0,-,-,-,-,-,-,-,-,-,-,-,-,-,-,-,-,-,(42.0),23.0,40.0,33.0,29.0,40.0,39.0,40.0,370.0,295.0
42,ALEXANDRE BOITE,134,FRA,29.0,(42.0),15.0,27.0,10.0,15.0,-,-,-,-,-,-,-,-,-,-,-,42.0,41.0,40.0,30.0,19.0,(45.0),-,-,-,-,-,-,355,268.0
42,"AKIRA SAKAI, RUSSELL AYLSWORTH",61,,16.0,12.0,21.0,19.0,30.0,21.0,(33.0),3.0,28.0,6.0,19.0,23.0,12.0,24.0,17.0,2.0,-,-,-,-,-,-,-,-,-,-,-,-,-,286.0,253.0
43,FILLAH KARIM,1466,CAN,(35.0),1.0,18.0,9.0,6.0,14.0,-,-,-,-,-,-,-,-,-,-,-,53.0,(60.0),29.0,55.0,43.0,41.0,-,-,-,-,-,-,364,269.0
43,EBRU BOLAT,1197,ROU,15.0,14.0,(25.0),23.0,-,-,-,-,-,-,-,-,-,-,-,-,-,-,-,-,-,38.0,36.0,35.0,(43.0),35.0,43.0,42.0,38.0,387.0,319.0
43,"SEAFRA GUILFOYLE, JOHNNY DURCAN",4399,IRL,16.0,23.0,14.0,15.0,17.0,18.0,14.0,12.0,(32.0),28.0,32.0,7.0,3.0,26.0,1.0,30.0,-,-,-,-,-,-,-,-,-,-,-,-,-,288.0,256.0
44,"MARCO ANESSI PE, EDOARDO GAMBA",3081,,18.0,(27.0),15.0,17.0,12.0,17.0,18.0,18.0,14.0,15.0,27.0,22.0,25.0,17.0,10.0,11.0,-,-,-,-,-,-,-,-,-,-,-,-,-,283.0,256.0
44,VALTTERI UUSITALO,4976,FIN,21.0,28.0,13.0,23.0,23.0,(47.0),-,-,-,-,-,-,-,-,-,-,-,(64.0),64.0,25.0,22.0,32.0,25.0,-,-,-,-,-,-,387,276.0
44,EVE MCMAHON,1376,IRL,(24.0),(24.0),9.0,24.0,-,-,-,-,-,-,-,-,-,-,-,-,-,-,-,-,-,1.0,1.0,2.0,1.0,6.0,13.0,5.0,21.0,131.0,83.0
45,MATILDA TALLURI,3308,ITA,19.0,(31.0),14.0,28.0,-,-,-,-,-,-,-,-,-,-,-,-,-,-,-,-,-,9.0,2.0,6.0,(43.0),16.0,6.0,10.0,2.0,186.0,112.0
45,OMER GOLANI,3820,ISR,26.0,36.0,(44.0),16.0,19.0,28.0,-,-,-,-,-,-,-,-,-,-,-,33.0,39.0,(43.0),41.0,22.0,18.0,-,-,-,-,-,-,365,278.0
45,"SAMUEL BACON, HENRY GAUTREY",4303,,13.0,20.0,30.0,26.0,24.0,24.0,34.0,27.0,11.0,(41.0),8.0,9.0,8.0,19.0,3.0,6.0,-,-,-,-,-,-,-,-,-,-,-,-,-,303.0,262.0
46,MARTINA REINO CACHO,3242,ESP,(25.0),(27.0),12.0,25.0,-,-,-,-,-,-,-,-,-,-,-,-,-,-,-,-,-,17.0,3.0,17.0,10.0,7.0,19.0,2.0,5.0,169.0,117.0
46,SAMUEL KING,4308,AUS,24.0,13.0,28.0,(47.0),38.0,27.0,-,-,-,-,-,-,-,-,-,-,-,32.0,19.0,31.0,33.0,37.0,(53.0),-,-,-,-,-,-,382,282.0
46,"XIN WANG, TIANYU QI",5188,,34.0,34.0,14.0,10.0,18.0,27.0,17.0,31.0,7.0,24.0,21.0,16.0,(36.0),8.0,6.0,5.0,-,-,-,-,-,-,-,-,-,-,-,-,-,308.0,272.0
47,"THEO REVIL, TIMOTHEE DEPERY",4738,,19.0,24.0,(34.0),12.0,29.0,6.0,23.0,26.0,20.0,17.0,22.0,26.0,19.0,18.0,4.0,14.0,-,-,-,-,-,-,-,-,-,-,-,-,-,313.0,279.0
47,ADONIS BOUGIOURIS,22,GRE,18.0,17.0,21.0,(34.0),17.0,31.0,-,-,-,-,-,-,-,-,-,-,-,29.0,44.0,54.0,10.0,(64.0),42.0,-,-,-,-,-,-,381,283.0
47,OLIVIA CHRISTIE,3810,NZL,(28.0),18.0,(32.0),21.0,-,-,-,-,-,-,-,-,-,-,-,-,-,-,-,-,-,8.0,19.0,1.0,4.0,10.0,20.0,16.0,1.0,178.0,118.0
48,"DANTE BIANCHI, THOMAS LOW-BEER",1042,,27.0,25.0,24.0,25.0,32.0,32.0,(34.0),25.0,24.0,19.0,14.0,10.0,4.0,10.0,14.0,3.0,-,-,-,-,-,-,-,-,-,-,-,-,-,322.0,288.0
48,NANCY HIGHFIELD,3603,HKG,(31.0),(32.0),28.0,26.0,-,-,-,-,-,-,-,-,-,-,-,-,-,-,-,-,-,5.0,17.0,5.0,13.0,3.0,9.0,4.0,9.0,182.0,119.0
48,PEDRO FERNANDEZ,3943,PUR,22.0,14.0,9.0,28.0,(52.0),28.0,-,-,-,-,-,-,-,-,-,-,-,37.0,52.0,44.0,45.0,15.0,(55.0),-,-,-,-,-,-,401,294.0
49,"CHRISTOPHER WILLIFORD, DUNCAN WILLIFORD",896,,(33.0),21.0,31.0,19.0,16.0,24.0,4.0,17.0,18.0,25.0,23.0,29.0,22.0,31.0,15.0,18.0,-,-,-,-,-,-,-,-,-,-,-,-,-,346.0,313.0
49,WANNES VAN LAER,5088,BEL,40.0,(41.0),41.0,19.0,7.0,15.0,-,-,-,-,-,-,-,-,-,-,-,23.0,22.0,53.0,(54.0),42.0,38.0,-,-,-,-,-,-,395,300.0
49,SYLVIE STANNAGE,4657,AUS,(29.0),21.0,25.0,(29.0),-,-,-,-,-,-,-,-,-,-,-,-,-,-,-,-,-,13.0,8.0,13.0,3.0,19.0,14.0,1.0,11.0,186.0,128.0
50,"JOAKIM SALSKO, V-IVERSEN, MARKUS OLIVER NIELSEN",2232,,14.0,24.0,13.0,29.0,30.0,25.0,16.0,26.0,1.0,14.0,18.0,5.0,26.0,(41.0),36.0,38.0,-,-,-,-,-,-,-,-,-,-,-,-,-,356.0,315.0
50,RENZO SANGUINETI,4135,,26.0,23.0,39.0,(41.0),12.0,27.0,-,-,-,-,-,-,-,-,-,-,-,31.0,47.0,28.0,(52.0),46.0,39.0,-,-,-,-,-,-,411,318.0
50,LILLIAN MYERS,2804,USA,12.0,20.0,31.0,(44.0),-,-,-,-,-,-,-,-,-,-,-,-,-,-,-,-,-,3.0,(43.0),10.0,43.0,1.0,2.0,8.0,8.0,225.0,138.0
51,"SHINGEN FURUYA, TAKAYANAGI AKIRA",4462,,24.0,(33.0),22.0,13.0,18.0,20.0,21.0,24.0,22.0,22.0,15.0,28.0,28.0,29.0,27.0,4.0,-,-,-,-,-,-,-,-,-,-,-,-,-,350.0,317.0
51,EMIL BENGTSON,1277,SWE,(38.0),27.0,27.0,24.0,18.0,8.0,-,-,-,-,-,-,-,-,-,-,-,(64.0),25.0,57.0,49.0,50.0,34.0,-,-,-,-,-,-,421,319.0
51,NETHRA KUMANAN,3635,IND,(26.0),17.0,(32.0),26.0,-,-,-,-,-,-,-,-,-,-,-,-,-,-,-,-,-,19.0,15.0,12.0,12.0,13.0,7.0,13.0,12.0,204.0,146.0
52,ELENA OETLING RAMIREZ,1237,MEX,(32.0),(35.0),28.0,8.0,-,-,-,-,-,-,-,-,-,-,-,-,-,-,-,-,-,15.0,23.0,21.0,11.0,2.0,12.0,9.0,20.0,216.0,149.0
52,"RYAN LITTLECHILD, JACK HILDEBRAND",4256,,(34.0),26.0,28.0,27.0,3.0,11.0,24.0,14.0,27.0,26.0,25.0,31.0,30.0,33.0,2.0,16.0,-,-,-,-,-,-,-,-,-,-,-,-,-,357.0,323.0
52,TOM RAMSHAW,4866,CAN,(36.0),13.0,29.0,17.0,18.0,19.0,-,-,-,-,-,-,-,-,-,-,-,49.0,55.0,(64.0),38.0,49.0,52.0,-,-,-,-,-,-,439,339.0
53,"PHILIPP ROYLA, TOM HEINRICH",3998,,17.0,28.0,22.0,31.0,26.0,22.0,29.0,28.0,21.0,21.0,11.0,18.0,9.0,(34.0),32.0,28.0,-,-,-,-,-,-,-,-,-,-,-,-,-,377.0,343.0
53,HANNAH ANDERSSOHN,1788,GER,(44.0),24.0,24.0,(44.0),-,-,-,-,-,-,-,-,-,-,-,-,-,-,-,-,-,2.0,9.0,3.0,43.0,4.0,18.0,7.0,19.0,241.0,153.0
53,BERKAY ABAY,534,TUR,20.0,33.0,30.0,28.0,(48.0),22.0,-,-,-,-,-,-,-,-,-,-,-,43.0,43.0,39.0,28.0,(54.0),54.0,-,-,-,-,-,-,442,340.0
54,"BENJAMIN GREZ, EXEQUIEL GREZ AHRENS",513,,(34.0),22.0,19.0,13.0,5.0,16.0,30.0,25.0,29.0,33.0,26.0,32.0,27.0,32.0,24.0,26.0,-,-,-,-,-,-,-,-,-,-,-,-,-,393.0,359.0
54,BRUNO GASPIC,676,CRO,15.0,(37.0),36.0,11.0,30.0,24.0,-,-,-,-,-,-,-,-,-,-,-,50.0,54.0,55.0,(56.0),28.0,47.0,-,-,-,-,-,-,443,350.0
54,CORALIE VITTECOQ,952,CAN,(26.0),25.0,21.0,21.0,-,-,-,-,-,-,-,-,-,-,-,-,-,-,-,-,-,18.0,7.0,18.0,2.0,25.0,15.0,(33.0),4.0,215.0,156.0
55,"ANDER BELAUSTEGUIGOITIA, DANEL BELAUSTEGUIGOITIA",214,MEX,11.0,33.0,28.0,27.0,19.0,4.0,25.0,30.0,33.0,20.0,(41.0),30.0,21.0,15.0,30.0,36.0,-,-,-,-,-,-,-,-,-,-,-,-,-,403.0,362.0
55,HALLIE SCHIFFMAN,1774,USA,(35.0),27.0,(34.0),24.0,-,-,-,-,-,-,-,-,-,-,-,-,-,-,-,-,-,30.0,25.0,4.0,6.0,8.0,10.0,12.0,10.0,225.0,156.0
55,SANTIAGO SAMPAIO,4332,POR,17.0,36.0,20.0,17.0,31.0,(44.0),-,-,-,-,-,-,-,-,-,-,-,(64.0),28.0,50.0,64.0,51.0,46.0,-,-,-,-,-,-,468,360.0
56,ROSINE BAUDET,4225,SUI,30.0,(33.0),15.0,(44.0),-,-,-,-,-,-,-,-,-,-,-,-,-,-,-,-,-,10.0,14.0,9.0,5.0,28.0,11.0,20.0,17.0,236.0,159.0
56,"RYAN WOOD, ANDREW WOOD",4266,,34.0,17.0,26.0,30.0,19.0,26.0,5.0,29.0,(35.0),27.0,27.0,14.0,33.0,30.0,21.0,29.0,-,-,-,-,-,-,-,-,-,-,-,-,-,402.0,367.0
56,ZAN LUKA ZELKO,5260,SLO,16.0,4.0,(51.0),25.0,29.0,10.0,-,-,-,-,-,-,-,-,-,-,-,22.0,(64.0),64.0,64.0,64.0,64.0,-,-,-,-,-,-,477,362.0
57,SOPHIA MONTGOMERY,4542,THA,(33.0),(32.0),18.0,23.0,-,-,-,-,-,-,-,-,-,-,-,-,-,-,-,-,-,16.0,12.0,8.0,14.0,17.0,16.0,28.0,7.0,224.0,159.0
57,"ALEXANDER HEINZEMANN, EDWARD COLEMAN",120,,34.0,21.0,25.0,15.0,28.0,19.0,20.0,32.0,25.0,31.0,24.0,34.0,32.0,(35.0),19.0,23.0,-,-,-,-,-,-,-,-,-,-,-,-,-,417.0,382.0
57,WILLEM WIERSEMA,5135,NED,(50.0),24.0,32.0,42.0,6.0,13.0,-,-,-,-,-,-,-,-,-,-,-,38.0,59.0,46.0,(64.0),47.0,56.0,-,-,-,-,-,-,477,363.0
58,"CHARLIE HIBBEN, SCOTT RASMUSSEN",818,,26.0,27.0,27.0,32.0,21.0,25.0,28.0,13.0,(41.0),41.0,41.0,24.0,29.0,20.0,22.0,13.0,-,-,-,-,-,-,-,-,-,-,-,-,-,430.0,389.0
58,LEOPOLDO BARRETO HASCHKE,2766,ESP,(45.0),20.0,27.0,32.0,15.0,26.0,-,-,-,-,-,-,-,-,-,-,-,(64.0),58.0,48.0,39.0,64.0,37.0,-,-,-,-,-,-,475,366.0
58,GABRIELLA KIDD,1597,BRA,27.0,28.0,15.0,(34.0),-,-,-,-,-,-,-,-,-,-,-,-,-,-,-,-,-,(43.0),21.0,7.0,7.0,26.0,1.0,14.0,18.0,241.0,164.0
59,"THOMAS STAPLES, WILLIAM STAPLES",4779,CAN,34.0,29.0,29.0,29.0,20.0,31.0,19.0,31.0,19.0,27.0,29.0,25.0,(39.0),23.0,33.0,17.0,-,-,-,-,-,-,-,-,-,-,-,-,-,434.0,395.0
59,JAMES PERCIVAL-COOKE,2105,,46.0,35.0,3.0,11.0,(51.0),18.0,-,-,-,-,-,-,-,-,-,-,-,47.0,50.0,51.0,(64.0),48.0,59.0,-,-,-,-,-,-,483,368.0
59,STEPHANIE NORTON,4602,HKG,20.0,(38.0),(30.0),30.0,-,-,-,-,-,-,-,-,-,-,-,-,-,-,-,-,-,12.0,4.0,23.0,9.0,12.0,22.0,3.0,29.0,232.0,164.0
60,SANDRA LULI,4317,,23.0,26.0,27.0,(44.0),-,-,-,-,-,-,-,-,-,-,-,-,-,-,-,-,-,7.0,(43.0),11.0,18.0,22.0,3.0,19.0,16.0,259.0,172.0
60,"JORDAN JANOV, GRANT JANOV",2314,,33.0,26.0,26.0,31.0,31.0,15.0,28.0,24.0,30.0,29.0,30.0,33.0,(35.0),27.0,31.0,21.0,-,-,-,-,-,-,-,-,-,-,-,-,-,450.0,415.0
60,ILIJA MARKOVIC,1983,MNE,34.0,(43.0),37.0,20.0,13.0,22.0,-,-,-,-,-,-,-,-,-,-,-,(55.0),53.0,41.0,46.0,52.0,51.0,-,-,-,-,-,-,467,369.0
61,"DYLAN JONES, JONATHAN KELLY",1194,,33.0,29.0,29.0,28.0,10.0,20.0,23.0,29.0,(39.0),34.0,28.0,27.0,31.0,28.0,34.0,37.0,-,-,-,-,-,-,-,-,-,-,-,-,-,459.0,420.0
61,PAUL HAMEETEMAN,3906,,14.0,43.0,(46.0),22.0,20.0,17.0,-,-,-,-,-,-,-,-,-,-,-,52.0,57.0,(64.0),48.0,64.0,64.0,-,-,-,-,-,-,511,401.0
61,DANIELA RIVERA,1037,VEN,(31.0),22.0,27.0,27.0,-,-,-,-,-,-,-,-,-,-,-,-,-,-,-,-,-,(43.0),10.0,19.0,15.0,5.0,8.0,17.0,22.0,246.0,172.0
62,ADRIANA PENRUDDOCKE,25,BER,28.0,(36.0),(31.0),16.0,-,-,-,-,-,-,-,-,-,-,-,-,-,-,-,-,-,24.0,11.0,20.0,17.0,14.0,4.0,27.0,13.0,241.0,174.0
62,ALEKSI TAPPER,100,FIN,17.0,29.0,28.0,14.0,(50.0),43.0,-,-,-,-,-,-,-,-,-,-,-,(64.0),56.0,59.0,53.0,64.0,43.0,-,-,-,-,-,-,520,406.0
62,"JOHN JACK GOGAN, HUNTER HOY",2280,,34.0,30.0,20.0,26.0,7.0,30.0,27.0,32.0,36.0,32.0,33.0,(38.0),34.0,25.0,37.0,25.0,-,-,-,-,-,-,-,-,-,-,-,-,-,466.0,428.0
63,YUMIKO TOMBE,5243,JPN,21.0,(28.0),16.0,(29.0),-,-,-,-,-,-,-,-,-,-,-,-,-,-,-,-,-,4.0,13.0,22.0,16.0,18.0,25.0,24.0,24.0,240.0,183.0
63,"REED LORIMER, CASEY CABOT",4118,,33.0,28.0,32.0,30.0,27.0,28.0,34.0,22.0,34.0,35.0,31.0,37.0,(38.0),36.0,35.0,22.0,-,-,-,-,-,-,-,-,-,-,-,-,-,502.0,464.0
63,GEORGE GAUTREY,1634,NZL,3.0,6.0,23.0,15.0,(64.0),(64.0),-,-,-,-,-,-,-,-,-,-,-,64.0,64.0,64.0,64.0,64.0,64.0,-,-,-,-,-,-,559,431.0
64,FRANCISCO GUARAGNA RIGONAT,1529,ARG,(48.0),18.0,16.0,(64.0),20.0,40.0,-,-,-,-,-,-,-,-,-,-,-,4.0,3.0,3.0,3.0,4.0,-,-,-,-,-,-,-,223,111.0
64,"LIAM WALZ, ABIE GRIGGS",2790,,34.0,31.0,30.0,28.0,32.0,23.0,31.0,23.0,37.0,36.0,34.0,(40.0),37.0,37.0,28.0,31.0,-,-,-,-,-,-,-,-,-,-,-,-,-,512.0,472.0
64,ALESSIA PALANTI,103,,(39.0),26.0,33.0,25.0,-,-,-,-,-,-,-,-,-,-,-,-,-,-,-,-,-,11.0,20.0,15.0,8.0,23.0,17.0,(35.0),6.0,258.0,184.0
65,KARL-MARTIN RAMMO,2485,EST,30.0,(51.0),(38.0),24.0,26.0,23.0,-,-,-,-,-,-,-,-,-,-,-,1.0,1.0,26.0,1.0,1.0,-,-,-,-,-,-,-,222,133.0
65,CRISTINA PUJOL BAJO,982,ESP,(30.0),22.0,29.0,17.0,-,-,-,-,-,-,-,-,-,-,-,-,-,-,-,-,-,(43.0),6.0,43.0,43.0,9.0,5.0,25.0,3.0,275.0,202.0
65,"BEN CRIPTON, RAFAEL PEDRO",491,,34.0,32.0,31.0,33.0,33.0,33.0,22.0,34.0,38.0,37.0,35.0,39.0,(40.0),38.0,38.0,39.0,-,-,-,-,-,-,-,-,-,-,-,-,-,556.0,516.0
66,LIN PLETIKOS,2812,SLO,(37.0),30.0,36.0,(44.0),-,-,-,-,-,-,-,-,-,-,-,-,-,-,-,-,-,6.0,26.0,14.0,20.0,15.0,23.0,21.0,27.0,299.0,218.0
66,KAZUMASA SEGAWA,2520,JPN,(36.0),31.0,31.0,21.0,32.0,(36.0),-,-,-,-,-,-,-,-,-,-,-,5.0,4.0,34.0,6.0,9.0,-,-,-,-,-,-,-,245,173.0
67,ARTHIT ROMANYK,383,THA,25.0,24.0,25.0,34.0,(40.0),34.0,-,-,-,-,-,-,-,-,-,-,-,27.0,24.0,(43.0),2.0,2.0,-,-,-,-,-,-,-,280,197.0
67,AGUSTINA JORDAN,43,CHI,36.0,(41.0),35.0,(38.0),-,-,-,-,-,-,-,-,-,-,-,-,-,-,-,-,-,21.0,5.0,27.0,21.0,11.0,29.0,22.0,14.0,300.0,221.0
68,ERIK VOETS,1341,,32.0,33.0,35.0,36.0,(39.0),9.0,-,-,-,-,-,-,-,-,-,-,-,18.0,9.0,(39.0),16.0,11.0,-,-,-,-,-,-,-,277,199.0
68,AMAYA ESCUDERO,181,,29.0,29.0,29.0,(31.0),-,-,-,-,-,-,-,-,-,-,-,-,-,-,-,-,-,20.0,34.0,24.0,(43.0),20.0,27.0,6.0,25.0,317.0,243.0
69,AVA ANDERSON,421,,36.0,36.0,(38.0),(39.0),-,-,-,-,-,-,-,-,-,-,-,-,-,-,-,-,-,23.0,18.0,29.0,23.0,31.0,21.0,23.0,15.0,332.0,255.0
69,GIANMARCO PLANCHESTAINER,1662,ITA,23.0,(49.0),24.0,35.0,32.0,38.0,-,-,-,-,-,-,-,-,-,-,-,6.0,20.0,(47.0),5.0,21.0,-,-,-,-,-,-,-,300,204.0
70,SOPHIA MORGAN,4543,FIJ,32.0,(37.0),(37.0),28.0,-,-,-,-,-,-,-,-,-,-,-,-,-,-,-,-,-,22.0,30.0,26.0,24.0,32.0,31.0,11.0,23.0,333.0,259.0
70,LUKE RUITENBERG,2963,CAN,(43.0),22.0,34.0,18.0,41.0,19.0,-,-,-,-,-,-,-,-,-,-,-,15.0,6.0,35.0,14.0,(64.0),-,-,-,-,-,-,-,311,204.0
71,ISABELLA MENDOZA CABEZAS,2017,,38.0,34.0,40.0,(44.0),-,-,-,-,-,-,-,-,-,-,-,-,-,-,-,-,-,27.0,16.0,16.0,25.0,21.0,30.0,18.0,(43.0),352.0,265.0
71,JAMES JUHASZ,2099,CAN,(41.0),30.0,16.0,26.0,(42.0),23.0,-,-,-,-,-,-,-,-,-,-,-,29.0,8.0,31.0,13.0,28.0,-,-,-,-,-,-,-,287,204.0
72,ZAC LITTLEWOOD,5254,AUS,(64.0),26.0,21.0,(64.0),51.0,35.0,-,-,-,-,-,-,-,-,-,-,-,2.0,10.0,16.0,42.0,7.0,-,-,-,-,-,-,-,338,210.0
72,CRISTINA CASTELLANOS,977,GUA,(34.0),(40.0),33.0,34.0,-,-,-,-,-,-,-,-,-,-,-,-,-,-,-,-,-,14.0,32.0,34.0,19.0,29.0,24.0,29.0,26.0,348.0,274.0
73,MATIAS DYCK,3304,ECU,(44.0),(47.0),42.0,29.0,39.0,34.0,-,-,-,-,-,-,-,-,-,-,-,21.0,18.0,4.0,20.0,5.0,-,-,-,-,-,-,-,303,212.0
73,TALIA HAMLIN,4671,JPN,35.0,35.0,(41.0),31.0,-,-,-,-,-,-,-,-,-,-,-,-,-,-,-,-,-,31.0,27.0,(36.0),26.0,34.0,26.0,15.0,33.0,370.0,293.0
74,LUC CHEVRIER,2895,LCA,41.0,38.0,22.0,33.0,42.0,(49.0),-,-,-,-,-,-,-,-,-,-,-,19.0,7.0,9.0,(43.0),3.0,-,-,-,-,-,-,-,306,214.0
74,AUDREY FOLEY,414,,(34.0),(34.0),34.0,32.0,-,-,-,-,-,-,-,-,-,-,-,-,-,-,-,-,-,26.0,22.0,33.0,27.0,27.0,32.0,32.0,32.0,365.0,297.0
75,LOURENCO MATEUS,2888,POR,23.0,28.0,(48.0),39.0,35.0,(48.0),-,-,-,-,-,-,-,-,-,-,-,14.0,32.0,22.0,7.0,14.0,-,-,-,-,-,-,-,310,214.0
75,MARIA JOSE PONCELL,3123,,33.0,30.0,(35.0),35.0,-,-,-,-,-,-,-,-,-,-,-,-,-,-,-,-,-,(43.0),31.0,25.0,22.0,24.0,43.0,34.0,28.0,383.0,305.0
76,JACOB FARREN-PRICE,2057,GBR,(49.0),40.0,17.0,33.0,37.0,(45.0),-,-,-,-,-,-,-,-,-,-,-,8.0,26.0,11.0,23.0,25.0,-,-,-,-,-,-,-,314,220.0
76,MAI KAKIMOTO,3007,JPN,(38.0),(38.0),38.0,27.0,-,-,-,-,-,-,-,-,-,-,-,-,-,-,-,-,-,29.0,29.0,38.0,31.0,36.0,33.0,30.0,37.0,404.0,328.0
77,YANIC GENTRY,5208,MEX,34.0,(48.0),42.0,37.0,45.0,(50.0),-,-,-,-,-,-,-,-,-,-,-,25.0,13.0,1.0,18.0,6.0,-,-,-,-,-,-,-,319,221.0
77,HONOKA MIURA,1914,JPN,(39.0),39.0,36.0,37.0,-,-,-,-,-,-,-,-,-,-,-,-,-,-,-,-,-,28.0,35.0,35.0,(43.0),35.0,28.0,26.0,30.0,411.0,329.0
78,YUURI YAMAMOTO,5249,JPN,37.0,(39.0),39.0,30.0,-,-,-,-,-,-,-,-,-,-,-,-,-,-,-,-,-,35.0,33.0,28.0,29.0,30.0,35.0,(43.0),34.0,412.0,330.0
78,FORREST WACHHOLZ,1511,CAN,(46.0),30.0,37.0,(49.0),38.0,44.0,-,-,-,-,-,-,-,-,-,-,-,22.0,19.0,5.0,17.0,17.0,-,-,-,-,-,-,-,324,229.0
79,AVERY BALDWIN,422,,(40.0),37.0,(40.0),36.0,-,-,-,-,-,-,-,-,-,-,-,-,-,-,-,-,-,34.0,28.0,31.0,28.0,38.0,34.0,37.0,31.0,414.0,334.0
79,LEO BOUCHER,2750,USA,(52.0),25.0,(61.0),50.0,44.0,43.0,-,-,-,-,-,-,-,-,-,-,-,3.0,23.0,8.0,12.0,23.0,-,-,-,-,-,-,-,344,231.0
80,KAILEY WARRIOR,2451,,(41.0),(42.0),39.0,33.0,-,-,-,-,-,-,-,-,-,-,-,-,-,-,-,-,-,33.0,24.0,30.0,30.0,37.0,37.0,38.0,35.0,419.0,336.0
80,MARSHALL MCCANN,3213,USA,(47.0),35.0,33.0,32.0,46.0,11.0,-,-,-,-,-,-,-,-,-,-,-,24.0,5.0,42.0,8.0,(64.0),-,-,-,-,-,-,-,347,236.0
81,ALDERS KULYNYCH-IRVIN,82,,(40.0),40.0,(42.0),32.0,-,-,-,-,-,-,-,-,-,-,-,-,-,-,-,-,-,25.0,36.0,32.0,34.0,33.0,36.0,31.0,39.0,420.0,338.0
81,LIAM BRUCE,2785,CAN,(54.0),34.0,26.0,31.0,28.0,(39.0),-,-,-,-,-,-,-,-,-,-,-,31.0,22.0,24.0,15.0,29.0,-,-,-,-,-,-,-,333,240.0
82,ALEXANDRE KOWALSKI,137,FRA,27.0,38.0,33.0,(46.0),(49.0),39.0,-,-,-,-,-,-,-,-,-,-,-,32.0,30.0,12.0,19.0,13.0,-,-,-,-,-,-,-,338,243.0
82,KELLY MCMURRAY,2534,USA,(42.0),(43.0),37.0,40.0,-,-,-,-,-,-,-,-,-,-,-,-,-,-,-,-,-,32.0,37.0,37.0,32.0,39.0,38.0,39.0,36.0,452.0,367.0
83,LUDVIG LINDQVIST,2931,SWE,37.0,44.0,40.0,23.0,35.0,(51.0),-,-,-,-,-,-,-,-,-,-,-,11.0,16.0,15.0,24.0,(64.0),-,-,-,-,-,-,-,360,245.0
83,VASILEIA KARACHALIOU,4996,POR,20.0,24.0,23.0,(44.0),-,-,-,-,-,-,-,-,-,-,-,-,-,-,-,-,-,(43.0),43.0,43.0,43.0,43.0,43.0,43.0,43.0,455.0,368.0
84,BROOKE BOGDAN,662,,41.0,41.0,(44.0),41.0,-,-,-,-,-,-,-,-,-,-,-,-,-,-,-,-,-,(43.0),38.0,39.0,33.0,40.0,39.0,36.0,38.0,473.0,386.0
84,YOSHIHIRO SUZUKI,5231,JPN,42.0,41.0,(47.0),44.0,25.0,(46.0),-,-,-,-,-,-,-,-,-,-,-,7.0,17.0,32.0,33.0,10.0,-,-,-,-,-,-,-,344,251.0
85,CHRISTA ANN GEORGESON,870,,42.0,42.0,(44.0),42.0,-,-,-,-,-,-,-,-,-,-,-,-,-,-,-,-,-,36.0,39.0,40.0,(43.0),43.0,43.0,43.0,43.0,500.0,413.0
85,BO JEONG,599,KOR,31.0,(53.0),39.0,(40.0),34.0,29.0,-,-,-,-,-,-,-,-,-,-,-,23.0,27.0,19.0,28.0,26.0,-,-,-,-,-,-,-,349,256.0
86,MAOR BEN HAROSH,3067,ISR,(45.0),37.0,45.0,(51.0),27.0,36.0,-,-,-,-,-,-,-,-,-,-,-,33.0,38.0,2.0,22.0,20.0,-,-,-,-,-,-,-,356,260.0
87,LUKE DEEGAN,2960,NZL,42.0,(52.0),40.0,38.0,(46.0),30.0,-,-,-,-,-,-,-,-,-,-,-,16.0,28.0,37.0,25.0,15.0,-,-,-,-,-,-,-,369,271.0
88,WILHELM KARK,5126,SWE,27.0,45.0,(49.0),(64.0),33.0,48.0,-,-,-,-,-,-,-,-,-,-,-,13.0,11.0,49.0,27.0,19.0,-,-,-,-,-,-,-,385,272.0
89,ONDREJ TEPLY,3823,CZE,(54.0),48.0,47.0,36.0,(57.0),33.0,-,-,-,-,-,-,-,-,-,-,-,36.0,12.0,23.0,21.0,18.0,-,-,-,-,-,-,-,385,274.0
90,BEN FLOWER,492,CAN,(55.0),30.0,35.0,(64.0),19.0,37.0,-,-,-,-,-,-,-,-,-,-,-,28.0,44.0,29.0,26.0,27.0,-,-,-,-,-,-,-,394,275.0
91,THOMAS VAN OFWEGEN,4781,NED,11.0,44.0,23.0,(64.0),36.0,53.0,-,-,-,-,-,-,-,-,-,-,-,12.0,2.0,48.0,47.0,(64.0),-,-,-,-,-,-,-,404,276.0
92,DIMITRIS PAPADIMITRIOU,1134,GRE,(51.0),25.0,38.0,45.0,43.0,(54.0),-,-,-,-,-,-,-,-,-,-,-,43.0,39.0,6.0,4.0,33.0,-,-,-,-,-,-,-,381,276.0
93,LUKE CASHMORE,2959,NZL,37.0,34.0,34.0,39.0,(40.0),(45.0),-,-,-,-,-,-,-,-,-,-,-,26.0,36.0,25.0,37.0,8.0,-,-,-,-,-,-,-,361,276.0
94,RYAN ANDERSON,4255,CAN,31.0,31.0,(43.0),35.0,41.0,40.0,-,-,-,-,-,-,-,-,-,-,-,(64.0),46.0,13.0,30.0,12.0,-,-,-,-,-,-,-,386,279.0
95,AGUSTIN VIDAL,40,,39.0,42.0,43.0,38.0,(45.0),32.0,-,-,-,-,-,-,-,-,-,-,-,30.0,21.0,28.0,10.0,(64.0),-,-,-,-,-,-,-,392,283.0
96,CESARE BARABINO,807,ITA,22.0,39.0,(50.0),40.0,47.0,32.0,-,-,-,-,-,-,-,-,-,-,-,(64.0),64.0,21.0,11.0,16.0,-,-,-,-,-,-,-,406,292.0
97,MATTEO PAULON,3320,,39.0,(46.0),31.0,42.0,34.0,42.0,-,-,-,-,-,-,-,-,-,-,-,10.0,37.0,30.0,38.0,(64.0),-,-,-,-,-,-,-,413,303.0
98,CHUSITT PUNJAMALA,898,THA,43.0,46.0,48.0,48.0,36.0,(52.0),-,-,-,-,-,-,-,-,-,-,-,34.0,(64.0),7.0,9.0,64.0,-,-,-,-,-,-,-,451,335.0
99,FREDERICK VRANIZAN,1556,USA,49.0,(53.0),(54.0),52.0,44.0,47.0,-,-,-,-,-,-,-,-,-,-,-,42.0,31.0,10.0,36.0,30.0,-,-,-,-,-,-,-,448,341.0
100,HYEONSU YOON,1951,KOR,50.0,50.0,44.0,(56.0),43.0,(57.0),-,-,-,-,-,-,-,-,-,-,-,9.0,40.0,20.0,50.0,36.0,-,-,-,-,-,-,-,455,342.0
101,CAMPBELL PATTON,710,BER,(56.0),(54.0),49.0,51.0,47.0,46.0,-,-,-,-,-,-,-,-,-,-,-,35.0,15.0,44.0,34.0,31.0,-,-,-,-,-,-,-,462,352.0
102,GITESH NAIN,1685,,35.0,52.0,(54.0),44.0,(57.0),37.0,-,-,-,-,-,-,-,-,-,-,-,39.0,43.0,38.0,44.0,32.0,-,-,-,-,-,-,-,475,364.0
103,HARUTO KURODA,1822,JPN,(56.0),50.0,(57.0),52.0,56.0,52.0,-,-,-,-,-,-,-,-,-,-,-,40.0,35.0,17.0,35.0,39.0,-,-,-,-,-,-,-,489,376.0
104,CALEB YOSLOV,703,,53.0,(56.0),(55.0),46.0,53.0,50.0,-,-,-,-,-,-,-,-,-,-,-,44.0,33.0,40.0,29.0,34.0,-,-,-,-,-,-,-,493,382.0
105,NORMAN STRUTHERS,3763,CAN,53.0,(56.0),56.0,55.0,52.0,38.0,-,-,-,-,-,-,-,-,-,-,-,17.0,34.0,41.0,39.0,(64.0),-,-,-,-,-,-,-,505,385.0
106,OTTO DAHLBERG,3843,FIN,51.0,47.0,51.0,49.0,53.0,(54.0),-,-,-,-,-,-,-,-,-,-,-,20.0,29.0,33.0,56.0,(64.0),-,-,-,-,-,-,-,507,389.0
107,NICHOLAS SESSIONS,3649,,33.0,(51.0),46.0,50.0,49.0,35.0,-,-,-,-,-,-,-,-,-,-,-,37.0,48.0,45.0,48.0,(64.0),-,-,-,-,-,-,-,506,391.0
108,MALCOLM BENN SMITH,3028,BER,52.0,49.0,53.0,(59.0),(56.0),51.0,-,-,-,-,-,-,-,-,-,-,-,49.0,51.0,14.0,45.0,35.0,-,-,-,-,-,-,-,514,399.0
109,GERARDO BENITEZ,1647,MEX,(55.0),(55.0),52.0,48.0,48.0,33.0,-,-,-,-,-,-,-,-,-,-,-,45.0,45.0,52.0,46.0,37.0,-,-,-,-,-,-,-,516,406.0
110,LIAM OREL,2788,,44.0,(64.0),59.0,(64.0),64.0,64.0,-,-,-,-,-,-,-,-,-,-,-,48.0,14.0,18.0,32.0,64.0,-,-,-,-,-,-,-,535,407.0
111,SEBASTIAN KEMPE,4408,BER,(61.0),58.0,50.0,(60.0),58.0,58.0,-,-,-,-,-,-,-,-,-,-,-,41.0,54.0,27.0,31.0,40.0,-,-,-,-,-,-,-,538,417.0
112,ARTHUR FARLEY,387,GBR,(57.0),57.0,56.0,47.0,55.0,53.0,-,-,-,-,-,-,-,-,-,-,-,46.0,50.0,(64.0),41.0,22.0,-,-,-,-,-,-,-,548,427.0
113,EWAN MCMAHON,1385,IRL,32.0,40.0,(45.0),41.0,33.0,44.0,-,-,-,-,-,-,-,-,-,-,-,(64.0),47.0,64.0,64.0,64.0,-,-,-,-,-,-,-,538,429.0
114,JUAN IGNACIO PEREZ SOLTERO,2363,MEX,58.0,45.0,53.0,43.0,(59.0),56.0,-,-,-,-,-,-,-,-,-,-,-,50.0,49.0,(59.0),55.0,24.0,-,-,-,-,-,-,-,551,433.0
115,JAMES GOLDEN,2090,USA,(59.0),(58.0),52.0,58.0,54.0,49.0,-,-,-,-,-,-,-,-,-,-,-,53.0,41.0,36.0,49.0,41.0,-,-,-,-,-,-,-,550,433.0
116,JACK HOPKINS,2047,,47.0,(57.0),57.0,57.0,54.0,41.0,-,-,-,-,-,-,-,-,-,-,-,38.0,25.0,54.0,(64.0),64.0,-,-,-,-,-,-,-,558,437.0
117,RICARDO SEGUEL LACAMARA,4141,CHI,(60.0),55.0,55.0,53.0,55.0,(57.0),-,-,-,-,-,-,-,-,-,-,-,47.0,42.0,55.0,40.0,38.0,-,-,-,-,-,-,-,557,440.0
118,VICTOR GOROSTEGUI,5022,,48.0,39.0,58.0,54.0,50.0,(64.0),-,-,-,-,-,-,-,-,-,-,-,56.0,(64.0),46.0,64.0,64.0,-,-,-,-,-,-,-,607,479.0
119,ENRIQUE FELIU,1317,,(61.0),60.0,(62.0),53.0,60.0,55.0,-,-,-,-,-,-,-,-,-,-,-,57.0,52.0,53.0,53.0,46.0,-,-,-,-,-,-,-,612,489.0
120,ADIL KHALID,20,,59.0,59.0,(60.0),(62.0),58.0,55.0,-,-,-,-,-,-,-,-,-,-,-,55.0,53.0,56.0,54.0,44.0,-,-,-,-,-,-,-,615,493.0
121,SHUSUKE TAKEUCHI,4466,JPN,57.0,(61.0),58.0,54.0,(61.0),58.0,-,-,-,-,-,-,-,-,-,-,-,59.0,56.0,58.0,52.0,43.0,-,-,-,-,-,-,-,617,495.0
122,NAMKHAI BOURQUIN,3601,,(62.0),60.0,(62.0),61.0,59.0,56.0,-,-,-,-,-,-,-,-,-,-,-,52.0,55.0,50.0,57.0,45.0,-,-,-,-,-,-,-,619,495.0
123,JULIAN SOTO,2399,,58.0,59.0,61.0,55.0,(64.0),(64.0),-,-,-,-,-,-,-,-,-,-,-,51.0,59.0,51.0,64.0,42.0,-,-,-,-,-,-,-,628,500.0
124,HAMZA AL ALI,1781,,60.0,(61.0),60.0,56.0,60.0,59.0,-,-,-,-,-,-,-,-,-,-,-,54.0,58.0,60.0,51.0,(64.0),-,-,-,-,-,-,-,643,518.0
125,ALEJANDRO PEREZ,91,,(64.0),62.0,63.0,(64.0),64.0,64.0,-,-,-,-,-,-,-,-,-,-,-,58.0,57.0,57.0,64.0,64.0,-,-,-,-,-,-,-,681,553.0
126,MATT WEARN,3315,AUS,(64.0),(64.0),64.0,64.0,64.0,64.0,-,-,-,-,-,-,-,-,-,-,-,64.0,64.0,64.0,64.0,64.0,-,-,-,-,-,-,-,704,576.0
